Line,num_parallel,v_nom,bus0,bus1,length,dc,geometry,bounds,carrier,type,s_max_pu,s_nom,underwater_fraction,v_nom_raw,x,r,g,b,s_nom_mod,s_nom_extendable,s_nom_min,s_nom_max,capital_cost,build_year,lifetime,terrain_factor,v_ang_min,v_ang_max,sub_network,x_pu,r_pu,g_pu,b_pu,x_pu_eff,r_pu_eff,s_nom_opt
0,2.0,230.0,8,5,45.75498723063577,False,"MULTILINESTRING ((-78.5352 -0.3632, -78.5400292999998 -0.364289599999989), (-78.5400292999998 -0.3642895999999889, -78.54244779999979 -0.3644012999999889, -78.54602159999979 -0.363048599999989, -78.54739380000015 -0.361356, -78.54992380000013 -0.3596772999999879, -78.5554330999998 -0.358786, -78.55829070000016 -0.3576703, -78.56227870000016 -0.356127, -78.56645340000016 -0.3545187, -78.57027930000017 -0.3530068, -78.57161250000019 -0.3501463, -78.57297040000012 -0.3472087, -78.57424130000014 -0.3444930999999999, -78.57643640000012 -0.3399701, -78.57802270000013 -0.3365148, -78.58094400000014 -0.3299774, -78.58423680000016 -0.3205395, -78.58402550000017 -0.3180165999999999, -78.58376000000015 -0.3148617, -78.58321710000018 -0.3084834, -78.58261720000017 -0.3063155, -78.58051860000019 -0.2980846999999999, -78.57892530000012 -0.2929858, -78.57688760000012 -0.2855418999999999, -78.5763805000003 -0.2837215, -78.57426670000021 -0.2761331, -78.57362020000019 -0.2737168, -78.5723590000001 -0.2691175, -78.5704508000001 -0.2621224, -78.56955710000014 -0.2589074, -78.56841560000018 -0.2548999, -78.56678959999972 -0.2490612, -78.56550350000012 -0.244443, -78.56425960000013 -0.2399277, -78.56182610000012 -0.2317253, -78.56014950000012 -0.2259954, -78.55941410000015 -0.2235695, -78.55650340000014 -0.2136477, -78.55463120000014 -0.2073014, -78.55304810000013 -0.2019753, -78.55149530000013 -0.1969007999999999, -78.54984180000012 -0.1910609, -78.54848160000014 -0.18747, -78.54841260000035 -0.1776319, -78.54784890000015 -0.172326, -78.54508580000014 -0.1626178, -78.54159590000013 -0.1526257, -78.54060500000014 -0.1497896, -78.53996059999962 -0.1480034, -78.53900490000012 -0.1453949, -78.53735790000012 -0.1407688, -78.53506910000013 -0.1298118, -78.53490030000012 -0.1282069, -78.53495670000014 -0.1245196, -78.53496660000012 -0.1190097, -78.53510630000014 -0.1129074, -78.53546660000012 -0.1101864, -78.53554010000012 -0.1079578, -78.53573840000016 -0.1018664, -78.53591280000015 -0.0958201, -78.53351760000015 -0.0932536, -78.52813200000014 -0.08757, -78.52492880000015 -0.0848952, -78.52197990000015 -0.0825891, -78.51800740000013 -0.0798399, -78.50752820000012 -0.0725616, -78.49751470000014 -0.067399, -78.48385930000013 -0.0603588, -78.48172900000013 -0.0592658, -78.47883040000013 -0.0577785, -78.47698960000012 -0.0568341, -78.47433090000014 -0.0554298, -78.46904780000014 -0.0521158, -78.46245490000014 -0.0488512, -78.45362899999999 -0.0494884, -78.45322570000006 -0.0495175, -78.45288980000005 -0.0495413, -78.44954060000012 -0.0497789, -78.44205099999999 -0.0515231, -78.43954290000013 -0.051968), (-78.43954290000013 -0.051968, -78.4379 -0.0529))","MULTIPOINT ((-78.5400292999998 -0.364289599999989), (-78.5400292999998 -0.3642895999999889), (-78.5352 -0.3632), (-78.43954290000013 -0.051968), (-78.43954290000013 -0.051968), (-78.4379 -0.0529))",AC,Al/St 240/40 2-bundle 220.0,0.7,1027.7989492113718,0.0,230.0,6.886125578210683,1.372649616919073,0.0,0.0003593588293721504,0.0,False,0.0,inf,0.0,0,inf,1.0,-inf,inf,0,0.00013017250620436072,2.594800788126792e-05,0.0,19.010082073786755,0.00013017250620436072,2.594800788126792e-05,1027.7989492113718
1,2.0,230.0,81,8,60.38996986793471,False,"LINESTRING (-78.9866 -0.3184, -78.98643140000001 -0.3180896, -78.98435000000059 -0.3164132000000109, -78.98355070000059 -0.316214700000011, -78.9770506 -0.3145144999999999, -78.9735119 -0.3135889000000001, -78.96170350000043 -0.3140823, -78.95547540000044 -0.3147689, -78.95344569999996 -0.3153568, -78.9519225 -0.315798, -78.94869260000002 -0.3158992999999999, -78.94478170000002 -0.3160789, -78.94106120000046 -0.3161387, -78.93770420000047 -0.3163820999999999, -78.93464480000002 -0.3165482999999999, -78.93104000000048 -0.3195161999999999, -78.92646999999998 -0.3231320999999999, -78.9243571 -0.3248039, -78.92184880000043 -0.3275527, -78.91982550000047 -0.3297513, -78.91649190000048 -0.3331258, -78.9125566 -0.3371489999999999, -78.907553 -0.3422586, -78.90610050000002 -0.3438209, -78.90300799999999 -0.346782, -78.90190420000002 -0.3481191, -78.89361080000057 -0.3476765000000109, -78.8888633000006 -0.347386800000011, -78.8860363000006 -0.347225900000011, -78.8782686000006 -0.346786, -78.8733709000006 -0.346373, -78.8708764000006 -0.347574600000011, -78.8657749000006 -0.349725700000011, -78.86245970000058 -0.3511687000000109, -78.8573259000006 -0.353314400000011, -78.8543057000006 -0.3546340000000001, -78.84883400000061 -0.356989, -78.84478390000059 -0.358727, -78.84173690000061 -0.3599152000000109, -78.83489730000059 -0.362042200000011, -78.82975719999972 -0.3697323, -78.82693089999971 -0.3746646, -78.8247586999997 -0.3770468, -78.82213469999972 -0.379431, -78.81853949999972 -0.3824492, -78.81699929999972 -0.3846598, -78.81267559999971 -0.3906635999999999, -78.80992609999973 -0.3984452, -78.80605109999972 -0.4029784, -78.80358649999972 -0.4058225999999999, -78.80048059999974 -0.4093613, -78.79879189999974 -0.4119154999999999, -78.79705219999974 -0.4148346, -78.79147689999974 -0.4241436000000001, -78.78923659999973 -0.4282677999999999, -78.78509529999972 -0.4320949, -78.78386489999974 -0.4326974, -78.77850589999971 -0.4372118, -78.77046759999972 -0.4362128, -78.76649539999973 -0.4359352, -78.76263429999973 -0.4356577, -78.75861899999974 -0.4354233, -78.75249419999975 -0.4351704, -78.74635269999973 -0.4347871, -78.74260249999972 -0.4355998999999999, -78.73641609999973 -0.4362290999999999, -78.73156189999972 -0.4381041, -78.72696679999974 -0.4382520999999999, -78.72282189999974 -0.4384063, -78.72124909999974 -0.4383631, -78.71297559999972 -0.4381376000000001, -78.70970819999974 -0.4376459, -78.70776869999973 -0.4375332, -78.70395249999972 -0.4372771, -78.69924939999974 -0.4393344, -78.69404179999972 -0.4393423999999999, -78.68514979999973 -0.4414395999999999, -78.67836319999972 -0.4437191, -78.66988779999946 -0.4460038999999999, -78.66750639999974 -0.4472922, -78.66395649999973 -0.4491584, -78.66196459999972 -0.4502196000000001, -78.65299519999972 -0.450891, -78.64999049999973 -0.4511961999999999, -78.64252469999974 -0.4474158, -78.63514129999973 -0.4479068000000002, -78.63025119999972 -0.4478649, -78.621646 -0.4478912, -78.61901940000001 -0.4449363, -78.61616810000002 -0.4417912999999999, -78.6134205 -0.4387846, -78.61103580000001 -0.4361119999999999, -78.60783739999992 -0.4325464999999999, -78.60400869999994 -0.4282965, -78.60073859999994 -0.4247217999999999, -78.59905779999993 -0.4228024, -78.59668649999993 -0.4202331, -78.59428969999995 -0.4178517, -78.59011569999993 -0.4138047, -78.58768849999994 -0.4114487, -78.58519019999993 -0.4090165, -78.58150369999993 -0.4054722, -78.57853319999994 -0.4025779, -78.57581149999994 -0.3999272999999999, -78.57358229999993 -0.3977692999999999, -78.56998719999993 -0.3943012, -78.56591479999993 -0.3903, -78.56262939999995 -0.3878982, -78.55848079999996 -0.3848566999999999, -78.55525639999996 -0.3824701, -78.55253259999978 -0.380573099999989, -78.5505818999998 -0.3782337999999891, -78.54862509999981 -0.3757845999999889, -78.54688169999987 -0.3737256, -78.54502379999981 -0.371527199999989, -78.54303349999981 -0.369083599999989, -78.54054399999978 -0.366080599999989, -78.5390991999998 -0.364414399999989, -78.5352 -0.3632)","MULTIPOINT ((-78.9866 -0.3184), (-78.5352 -0.3632))",AC,Al/St 240/40 2-bundle 220.0,0.7,1027.7989492113718,0.0,230.0,9.088690465124174,1.8116990960380412,0.0,0.0004743017142190317,0.0,False,0.0,inf,0.0,0,inf,1.0,-inf,inf,0,0.0001718088934806082,3.424761996291193e-05,0.0,25.090560682186776,0.0001718088934806082,3.424761996291193e-05,1027.7989492113718
2,2.0,138.0,4,73,19.801065978842747,False,"MULTILINESTRING ((-78.48143520000015 -0.21559, -78.4931 -0.1662), (-78.43987759999995 -0.0538427000000008, -78.43986130000013 -0.0542326, -78.44438770000014 -0.0628171, -78.44475929999996 -0.066044, -78.44476699999952 -0.066139, -78.44478499999953 -0.0663635, -78.44484649999951 -0.0671277, -78.44497129999952 -0.0686773, -78.44500189999954 -0.0690575, -78.44501529999954 -0.0692239, -78.44510259999997 -0.0703087, -78.44527159999996 -0.0743615, -78.44536269999998 -0.0753754, -78.44552369999997 -0.0775775, -78.44572219999996 -0.0807532, -78.44605739999997 -0.0868043, -78.44625319999996 -0.0895214, -78.446433 -0.0925228, -78.44658849999998 -0.0950789, -78.44678159999997 -0.0982573, -78.44620759999997 -0.1009476, -78.44556929999995 -0.1038819, -78.44492149999995 -0.1068498, -78.44539229999997 -0.1098713, -78.44600919999996 -0.1134332, -78.44653489999996 -0.1169389, -78.44767749999995 -0.1251062, -78.44844729999996 -0.1283543, -78.44826219999997 -0.1302587, -78.44777939999999 -0.1327907, -78.4477714 -0.1348277999999999, -78.44746429999998 -0.1386795, -78.447074 -0.142578, -78.44693449999998 -0.1441471, -78.44623709999996 -0.1519765, -78.44594479999996 -0.1549777999999999, -78.44553439999996 -0.1584982, -78.44717589999995 -0.1615224, -78.44815569999969 -0.164066, -78.44844459999996 -0.1648161, -78.44958989999996 -0.1674876, -78.45073249999996 -0.1698667, -78.451733 -0.1722981, -78.45305980000013 -0.1758668, -78.45395300000011 -0.1780473, -78.45611800000012 -0.1834966, -78.4563737000001 -0.1855424, -78.45686860000012 -0.1889632, -78.4570944000001 -0.190584, -78.46241280000015 -0.199599, -78.46394600000013 -0.2022185, -78.46457270000016 -0.2037291, -78.46683990000014 -0.2090034, -78.46728699999998 -0.2092238, -78.46864429999965 -0.20987650000001, -78.47001489999964 -0.21053980000001, -78.47018139999965 -0.21062060000001, -78.48074280000016 -0.2157243, -78.48143520000013 -0.21559), (-78.43987759999995 -0.0538427000000008, -78.43987759999996 -0.0538427), (-78.43987759999995 -0.0538427, -78.43987759999995 -0.0538427000000008), (-78.4389 -0.0539, -78.43987759999995 -0.0538427000000008))","MULTIPOINT ((-78.4931 -0.1662), (-78.48143520000015 -0.21559), (-78.48143520000013 -0.21559), (-78.43987759999996 -0.0538427), (-78.43987759999995 -0.0538427), (-78.4389 -0.0539))",AC,243-AL1/39-ST1A 20.0,0.7,308.3396847634115,0.0,138.0,3.1681705566148395,1.1761833191432591,0.0,0.00013685514350723416,0.0,False,0.0,inf,0.0,0,inf,1.0,-inf,inf,0,0.00016636056272919763,6.176135891321461e-05,0.0,2.6062693529517675,0.00016636056272919763,6.176135891321461e-05,308.3396847634115
3,2.0,138.0,111,7,8.552634318927097,False,"MULTILINESTRING ((-78.5739 -0.3056, -78.57489400000019 -0.3059319), (-78.57489400000019 -0.3059318999999999, -78.57489400000019 -0.3059319), (-78.57489400000019 -0.3059319, -78.57363700000018 -0.3101614, -78.5714843000002 -0.3173129, -78.5697653000002 -0.3230632, -78.56887400000018 -0.3259824000000001, -78.5682712000002 -0.3279872, -78.56751060000018 -0.3305907, -78.56671020000017 -0.3327807999999999, -78.56585630000018 -0.3361165, -78.56474020000017 -0.3397968, -78.56396380000018 -0.3423949, -78.56300969999943 -0.3456129, -78.56223620000019 -0.3482218, -78.56139460000018 -0.3509017999999999, -78.56073720000018 -0.3531627999999999, -78.55954530000015 -0.3546617, -78.55716140000015 -0.3577101, -78.55320310000016 -0.3585949, -78.55086870000017 -0.3591108, -78.54834200000012 -0.3596121, -78.54414210000009 -0.3606266, -78.53849080000009 -0.3618967, -78.5373981000001 -0.3623426, -78.53622170000011 -0.3631267), (-78.53622170000013 -0.3631267, -78.5362 -0.3642))","MULTIPOINT ((-78.57489400000019 -0.3059319), (-78.57489400000019 -0.3059318999999999), (-78.5739 -0.3056), (-78.53622170000013 -0.3631267), (-78.53622170000011 -0.3631267), (-78.5362 -0.3642))",AC,243-AL1/39-ST1A 20.0,0.7,308.3396847634115,0.0,138.0,1.3684214910283357,0.5080264785442696,0.0,5.911156491939889e-05,0.0,False,0.0,inf,0.0,0,inf,1.0,-inf,inf,0,7.185578087735432e-05,2.667645865071779e-05,0.0,1.1257206423250323,7.185578087735432e-05,2.667645865071779e-05,308.3396847634115
4,2.0,138.0,73,111,15.955405855552648,False,"MULTILINESTRING ((-78.57489400000019 -0.3059319, -78.5739 -0.3056), (-78.51571970000013 -0.1787125, -78.51574420000001 -0.1789689, -78.51737270000014 -0.1818544, -78.52021140000014 -0.1869928, -78.52319650000015 -0.1924839, -78.52401180000014 -0.1940183, -78.52554250000016 -0.1967957, -78.52716690000015 -0.1997882, -78.52787220000016 -0.2010688, -78.52891270000016 -0.2029595, -78.53035700000017 -0.2055882, -78.53599320000016 -0.2157599, -78.53860180000015 -0.2205657, -78.54021000000016 -0.2233919, -78.54756310000018 -0.233211, -78.55016670000018 -0.2366012000000001, -78.55318550000018 -0.2414795, -78.55558530000019 -0.2453485999999999, -78.55894550000019 -0.2507357999999999, -78.56266400000018 -0.2566950000000001, -78.56714350000018 -0.2638977, -78.57085030000022 -0.2697974000000001, -78.5725624000002 -0.272576, -78.57287120000021 -0.2770939, -78.57345730000019 -0.2854301, -78.57358640000018 -0.2872991, -78.57405240000018 -0.2939552999999999, -78.57438930000018 -0.2990098, -78.57489400000019 -0.3059318999999999), (-78.4931 -0.1662, -78.51571970000015 -0.1787125))","MULTIPOINT ((-78.57489400000019 -0.3059319), (-78.57489400000019 -0.3059318999999999), (-78.5739 -0.3056), (-78.51571970000015 -0.1787125), (-78.51571970000013 -0.1787125), (-78.4931 -0.1662))",AC,243-AL1/39-ST1A 20.0,0.7,308.3396847634115,0.0,138.0,2.5528649368884238,0.9477511078198273,0.0,0.0001102758488058651,0.0,False,0.0,inf,0.0,0,inf,1.0,-inf,inf,0,0.00013405087885362443,4.976638877440807e-05,0.0,2.100093264658895,0.00013405087885362443,4.976638877440807e-05,308.3396847634115
6,1.0,138.0,10,7,49.75301120663367,False,"MULTILINESTRING ((-78.6084 -0.7942, -78.60766699999984 -0.7955821999999814), (-78.60766699999984 -0.7955822, -78.60766699999984 -0.7955821999999814), (-78.60766699999984 -0.7955821999999814, -78.60679669999979 -0.7918373, -78.60631919999976 -0.7891112999999998, -78.60575879999978 -0.7860613, -78.60523769999976 -0.7830774, -78.60423499999979 -0.7773135, -78.60285679999977 -0.7716460999999999, -78.60270519999978 -0.7681043999999999, -78.60264319999978 -0.7650381999999999, -78.60242269999978 -0.7623474000000001, -78.60214359999976 -0.7591571999999999, -78.60189889999978 -0.7561563000000001, -78.60164739999976 -0.7531349, -78.60138119999978 -0.749959, -78.60165009999977 -0.7486003000000001, -78.60080479999978 -0.7430974, -78.59960839999977 -0.7379191000000002, -78.59825149999995 -0.7315953, -78.59659329999995 -0.7255377, -78.5957 -0.7223755, -78.594103 -0.7164863999999997, -78.59347859999991 -0.7140331, -78.59258909999993 -0.7071465, -78.59270839999994 -0.7046430999999999, -78.59273289999993 -0.7021238, -78.59273449999992 -0.6990014, -78.59275569999994 -0.6956101000000001, -78.59277619999993 -0.6924375999999999, -78.59281039999995 -0.6881742, -78.59287989999994 -0.6842751, -78.59292629999977 -0.6801832, -78.59300249999995 -0.6770672, -78.59301279999994 -0.6739767999999999, -78.59304999999999 -0.6705389999999999, -78.59311189999994 -0.665091099999955, -78.59316829999995 -0.6583613999999549, -78.59326019999996 -0.655028799999955, -78.59327689999996 -0.6519956999999549, -78.59373649999996 -0.648896399999955, -78.59416839999994 -0.6459302999999549, -78.59465849999995 -0.642465199999955, -78.595114 -0.639293899999955, -78.59620449999996 -0.631872299999955, -78.59711319999995 -0.6257544999999549, -78.59757759999995 -0.622876199999955, -78.59800169999994 -0.620084799999955, -78.59882709999995 -0.6144316999999548, -78.59887479999995 -0.6091647999999551, -78.598504 -0.6049260000000001, -78.597822 -0.5981049999999999, -78.59751229999995 -0.5948335999999549, -78.59725489999995 -0.592037599999955, -78.59684489999995 -0.5879765999999551, -78.59658309999993 -0.585115199999955, -78.59616439999995 -0.580857899999955, -78.59590259999993 -0.5780618999999548, -78.59561469999993 -0.575087, -78.59531689999996 -0.5721773999999549, -78.59473539999996 -0.5659745999999551, -78.59440219999996 -0.562748399999955, -78.59414929999996 -0.559682499999955, -78.59382849999996 -0.5566065999999549, -78.59354939999994 -0.5534876999999551, -78.59322219999994 -0.5503296999999551, -78.59289939999995 -0.547280699999955, -78.59262459999994 -0.5440004999999551, -78.59228 -0.5407725999999549, -78.59200079999995 -0.5377453999999549, -78.591726 -0.5349013999999549, -78.59144239999993 -0.532018099999955, -78.591172 -0.528916699999955, -78.59095819999995 -0.526809899999955, -78.59068779999996 -0.524188299999955, -78.59044349999992 -0.5217193999999549, -78.59021669999994 -0.5193028999999552, -78.59001159999994 -0.5171000999999549, -78.58972369999994 -0.514465399999955, -78.58868549999994 -0.5115384999999549, -78.58675739999993 -0.5062866999999551, -78.58583269999994 -0.503726199999955, -78.58485549999995 -0.501034799999955, -78.58369519999995 -0.4976978999999549, -78.58148719999996 -0.491818, -78.58020419999997 -0.488331, -78.57896909999994 -0.4848647, -78.57796269999996 -0.482178, -78.57682829999997 -0.4790459, -78.57571039999998 -0.4759655999999999, -78.57456769999999 -0.4728356999999998, -78.57340509999999 -0.4696411, -78.57225739999998 -0.4664664000000001, -78.5710004 -0.4630881, -78.56995469999998 -0.4601159, -78.5684425 -0.4559003999999999, -78.56734039999999 -0.4497973999999999, -78.5667101 -0.4462748999999999, -78.5661725 -0.4431711, -78.5656697 -0.4403837, -78.5651533 -0.4374139, -78.564766 -0.4352375, -78.5644537 -0.4334829, -78.5640805 -0.4313342, -78.5633433 -0.427261, -78.5626226 -0.4231926999999999, -78.56197229999998 -0.41956, -78.5608478 -0.413131, -78.56023959999997 -0.4097795, -78.55926339999999 -0.4042924, -78.55855929999998 -0.4004124999999999, -78.55835099999999 -0.3989635999999999, -78.5551652 -0.3941384, -78.55397459999999 -0.3922977, -78.547891 -0.3829604999999859, -78.54616019999986 -0.380321, -78.54445959999985 -0.3776898, -78.54348329999985 -0.3761583, -78.54227629999987 -0.3743505999999999, -78.54091639999986 -0.3722451, -78.53940899999988 -0.369917, -78.53739740000043 -0.3667439999999999, -78.53546300000014 -0.3637389, -78.53608750000012 -0.3635698, -78.5365658999999 -0.3638097), (-78.60766699999984 -0.7955821999999814, -78.60766699999982 -0.7955822), (-78.53656589999991 -0.3638097, -78.5362 -0.3642))","MULTIPOINT ((-78.6084 -0.7942), (-78.60766699999984 -0.7955822), (-78.60766699999982 -0.7955822), (-78.53656589999991 -0.3638097), (-78.5365658999999 -0.3638097), (-78.5362 -0.3642))",AC,243-AL1/39-ST1A 20.0,0.7,154.16984238170576,0.0,138.0,15.920963586122776,5.91065773134808,0.0,0.0001719340639508041,0.0,False,0.0,inf,0.0,0,inf,1.0,-inf,inf,0,0.0008360094300631577,0.0003103685009109473,0.0,3.274312313879113,0.0008360094300631577,0.0003103685009109473,154.16984238170576
7,1.0,138.0,10,66,42.47231056291004,False,"MULTILINESTRING ((-78.6084 -0.7942, -78.60766699999982 -0.7955822), (-78.60766699999984 -0.7955822, -78.60742139999985 -0.7986762, -78.60741090000043 -0.7996881000000001, -78.60733270000046 -0.8014742000000001, -78.60735169999984 -0.8054166999999999, -78.60731369999985 -0.8085609, -78.60726569999986 -0.8117673999999998, -78.60724309999985 -0.8145236999999999, -78.60721949999983 -0.8177232999999999, -78.60718969999988 -0.8202789999999999, -78.60718839999986 -0.8208668999999997, -78.60718219999987 -0.8214572000000001, -78.60715129999986 -0.8244186, -78.60712729999983 -0.8278262, -78.60707349999984 -0.8311674999999998, -78.60706119999985 -0.834582, -78.60701829999984 -0.8380761000000001, -78.60698769999985 -0.8418952, -78.60694699999985 -0.8455269, -78.60691119999983 -0.8489793999999999, -78.60692689999983 -0.8513481000000002, -78.60638599999984 -0.8556028, -78.60576979999985 -0.8607420999999998, -78.60566640000046 -0.8628065, -78.60554279999984 -0.8652758999999999, -78.60516959999984 -0.8661321, -78.60486269999986 -0.8690273, -78.60455949999985 -0.8718490999999999, -78.60416969999986 -0.8754739, -78.60382949999986 -0.8784627999999999, -78.60340199999986 -0.8825239999999998, -78.60312299999984 -0.8850895999999999, -78.60271719999984 -0.888796, -78.60241409999985 -0.8915383000000002, -78.60203339999985 -0.8949967999999999, -78.60171779999988 -0.8978867999999999, -78.60171010000026 -0.8980499, -78.60139729999987 -0.9007967999999998, -78.60097649999986 -0.9047487, -78.60065589999986 -0.9076587, -78.60034529999986 -0.9104085, -78.6001751000003 -0.9119662999999999, -78.6001702000003 -0.9119973, -78.60006729999989 -0.9129553999999999, -78.59977419999987 -0.9157852999999999, -78.59981829999984 -0.9178159000000002, -78.59981929999988 -0.9178614, -78.60002849999988 -0.9252898000000002, -78.60004699999999 -0.927880699999951, -78.6001212 -0.933463, -78.60015799999998 -0.9362325999999509, -78.60022049999992 -0.941894, -78.59982999999998 -0.9445510000000003, -78.5996131999994 -0.9461532, -78.5987687999999 -0.951940899999951, -78.59842329999991 -0.9545540999999509, -78.59803779999991 -0.9569741999999514, -78.59764319999992 -0.9598228999999511, -78.59700969999992 -0.9631844999999509, -78.59579929999995 -0.9715296000000001, -78.5946465 -0.9785886000000001, -78.594169 -0.9815385999999999, -78.59369160000001 -0.9846173, -78.59325710000002 -0.9873097999999999, -78.59275280000001 -0.9904583, -78.5922808 -0.9934512, -78.59096110000002 -0.9963314000000001, -78.58900310000001 -1.0007295999999999, -78.58776390000001 -1.0034918, -78.58648719999998 -1.0064202999999998, -78.5852265 -1.0092415999999997, -78.5839123 -1.0121540000000002, -78.5824853 -1.0153024, -78.5799158 -1.0210896999999997, -78.57885359999999 -1.0234497, -78.57786659999998 -1.0256434, -78.57672929999998 -1.0282233, -78.57529159999999 -1.0315004, -78.5741061 -1.0341016999999997, -78.5730922 -1.0363758999999997, -78.57167069999997 -1.0395349999999999, -78.56911179999999 -1.0451774, -78.56793169999999 -1.0478430999999997, -78.56690709999998 -1.0501655, -78.56477739999998 -1.0510128999999997, -78.5621166 -1.0520803000000003, -78.5602659 -1.0528419, -78.55645179999999 -1.0543597999999998, -78.55457429999998 -1.0550892, -78.5516077 -1.0552233, -78.54896839999999 -1.0553144999999997, -78.54645249999999 -1.0553252000000002, -78.54347529999997 -1.0554914999999998, -78.54018689999998 -1.055529, -78.53674829999997 -1.0556685, -78.53334729999999 -1.0557434999999997, -78.53004809999999 -1.0558455000000002, -78.52791309999999 -1.0556469999999998, -78.5237342 -1.0550892, -78.5199255 -1.0545849999999999, -78.5170019 -1.0553949, -78.5121685 -1.0568055, -78.5097277 -1.0575402999999999, -78.5065037 -1.0584468, -78.50425069999999 -1.0591708, -78.49929389999998 -1.0615844, -78.4968907 -1.0627589999999996, -78.49302829999999 -1.0646415999999996, -78.4906626 -1.0657678999999998, -78.48737689999997 -1.0674038000000001, -78.48328379999998 -1.0693935999999997, -78.47571729999997 -1.0736844, -78.47274009999998 -1.0754221999999998, -78.46905469999997 -1.0775085999999998, -78.46643949999999 -1.0789916000000002, -78.4646022 -1.0800454999999998, -78.45886769999998 -1.0805309000000003, -78.45462439999982 -1.0784015999999998, -78.45395920000063 -1.0780986, -78.4539 -1.0782))","MULTIPOINT ((-78.6084 -0.7942), (-78.60766699999984 -0.7955822), (-78.60766699999982 -0.7955822), (-78.4539 -1.0782))",AC,243-AL1/39-ST1A 20.0,0.7,154.16984238170576,0.0,138.0,13.591139380131212,5.045710494873712,0.0,0.00014677376872996458,0.0,False,0.0,inf,0.0,0,inf,1.0,-inf,inf,0,0.0007136704148357074,0.0002649501415077564,0.0,2.7951596516934454,0.0007136704148357074,0.0002649501415077564,154.16984238170576
8,2.0,230.0,12,8,110.72243459133398,False,"MULTILINESTRING ((-78.59799500000022 -1.2975333999999752, -78.59799500000024 -1.2975334), (-78.59799500000022 -1.2975333999999998, -78.59799500000022 -1.2975333999999752), (-78.5979 -1.2974, -78.59799500000022 -1.2975333999999752), (-78.59799500000022 -1.2975333999999752, -78.59758369999987 -1.2946314, -78.5974652 -1.2937815, -78.5968837 -1.2895527000000002, -78.59640769999999 -1.2861162, -78.59594809999999 -1.2812662, -78.5955472 -1.2777781, -78.5950501 -1.2739173, -78.59452490000001 -1.2697352999999998, -78.5940676 -1.2660010999999998, -78.59354709999998 -1.2617886000000003, -78.5930782 -1.2584271, -78.59256 -1.2541489999999997, -78.59201599999953 -1.249739600000012, -78.59243809999953 -1.246078, -78.59321769999956 -1.238266300000012, -78.59330489999954 -1.2375124000000117, -78.59241380000009 -1.2342893, -78.59175119999952 -1.231892600000011, -78.59088019999949 -1.2287427000000122, -78.59026739999952 -1.226384600000011, -78.5890603999995 -1.222631900000011, -78.58761209999952 -1.218588900000011, -78.58622309999951 -1.214470100000011, -78.58471729999951 -1.2101587000000111, -78.5833029999995 -1.2059042000000109, -78.58203709999951 -1.202340900000011, -78.58375759999953 -1.19883750000001, -78.58591059999952 -1.1944789000000098, -78.58717509999953 -1.1917546999999997, -78.58843699999953 -1.1892109000000102, -78.58984209999953 -1.1863234000000098, -78.5915996999995 -1.18272670000001, -78.59301399999951 -1.1799169999999999, -78.5947989999995 -1.17628820000001, -78.5967030999995 -1.1724031000000097, -78.5986253999995 -1.16838990000001, -78.60061639999951 -1.16433550000001, -78.60185649999983 -1.161761799999989, -78.6027729999995 -1.1598596000000099, -78.604822 -1.1556334999999998, -78.60649789999998 -1.1521949999999999, -78.60697630000035 -1.1484019999999997, -78.60756129999999 -1.1437636, -78.60807629999998 -1.1387678, -78.60852129999999 -1.1346281, -78.60904999999998 -1.1304618999999998, -78.60951310000037 -1.1266067, -78.6100476 -1.1218700999999995, -78.61080899999999 -1.1153509999999998, -78.61173000000035 -1.1077416, -78.61224299999999 -1.1031329, -78.61281350000002 -1.0985019000000003, -78.61404410000002 -1.0895301, -78.61464309999998 -1.0854618999999999, -78.61530289999999 -1.0810198, -78.6158833 -1.0768872, -78.6164829 -1.0729047999999999, -78.6175185 -1.0656628, -78.6177765 -1.0604228999999998, -78.61795409999999 -1.0569681999999998, -78.61814310000037 -1.0526891, -78.6183261 -1.047729, -78.61846849999999 -1.0437142000000001, -78.6186265 -1.0393116, -78.6187964 -1.0348952, -78.6189522 -1.030262, -78.6190939 -1.0262864999999999, -78.61923569999999 -1.0225706999999997, -78.61938129999999 -1.0184299000000003, -78.61950729999998 -1.0146748, -78.61966869999999 -1.0101795999999998, -78.61984189999998 -1.0054758999999998, -78.61996 -1.0021774, -78.62013719999999 -0.9974342, -78.6203576 -0.9913213, -78.6205269 -0.9866608, -78.62065939999998 -0.9824272000000002, -78.62081979999999 -0.9784126999999996, -78.62103190000035 -0.9711626, -78.62118530000035 -0.9653685000000002, -78.62320789999964 -0.9597761000000002, -78.62466689999965 -0.9560625999999999, -78.62544729999966 -0.9534094999999999, -78.62656559999964 -0.950308, -78.62796629999991 -0.9463156999999509, -78.62951829999992 -0.942328399999951, -78.63080329999993 -0.9383018999999511, -78.63235169999992 -0.9340171999999511, -78.63413949999992 -0.928933399999951, -78.63513379999992 -0.9262912999999507, -78.6365596999999 -0.9222800999999508, -78.63829519999992 -0.9174665999999513, -78.63986059999992 -0.9139741999999511, -78.64232439999992 -0.9085851999999509, -78.64384619999993 -0.9061042999999511, -78.64541599999998 -0.9035580999999512, -78.64746109999992 -0.900179, -78.64925769999994 -0.8972097999999508, -78.65259789999992 -0.8917117999999509, -78.65458199999999 -0.8884634999999509, -78.65691049999994 -0.8846266999999509, -78.65889899999999 -0.8813173999999508, -78.66124359999993 -0.877603499999951, -78.66334880000012 -0.874166500000024, -78.66281560000012 -0.8707144000000239, -78.66223930000011 -0.8673109000000238, -78.66166300000013 -0.863740300000024, -78.66098430000014 -0.8594536000000239, -78.66025519999994 -0.8558306999999549, -78.65967339999993 -0.852213199999955, -78.65883749999995 -0.847223099999955, -78.65812869999993 -0.8432900999999549, -78.65760829999994 -0.839680699999955, -78.65672739999994 -0.834371099999955, -78.65549409999996 -0.826628, -78.65461729999996 -0.8214125999999549, -78.65398629999994 -0.817504099999955, -78.65325689999995 -0.8130056999999549, -78.65242929999997 -0.807978699999955, -78.65171219999995 -0.8036359999999999, -78.651114 -0.799920099999955, -78.65047889999997 -0.7957820999999548, -78.64988479999997 -0.792430799999955, -78.64923989999997 -0.787992099999955, -78.64843849999998 -0.783593699999955, -78.64783209999997 -0.7800374999999549, -78.64754519999997 -0.7773867999999549, -78.64584889999996 -0.7750596999999549, -78.64415669999997 -0.7724539999999999, -78.64191959999998 -0.7689879999999999, -78.63969879999996 -0.7655546999999551, -78.63739609999995 -0.7620230999999548, -78.63526189999996 -0.758830499999955, -78.63343399999998 -0.756016899999955, -78.63149589999996 -0.7530137999999551, -78.62927929999995 -0.7498345999999552, -78.62661 -0.7460113999999549, -78.6240729000002 -0.7424984999999998, -78.62181389999996 -0.7393707999999549, -78.61934319999997 -0.7358719999999997, -78.61655289999997 -0.7319880000000001, -78.61411909999997 -0.728509699999955, -78.61161149999995 -0.725014899999955, -78.60885809999996 -0.7211103999999547, -78.60684219999996 -0.7181646999999548, -78.60408879999994 -0.7144117999999549, -78.60197449999995 -0.711367699999955, -78.59975789999996 -0.7082866999999549, -78.59763959999995 -0.7053, -78.59554169999996 -0.702346, -78.59316269999994 -0.6989716999999999, -78.59362839999993 -0.6953944999999999, -78.59416239999995 -0.6915238000000001, -78.59457309999995 -0.6877044, -78.59523049999994 -0.6828036, -78.59605089999994 -0.6776054000000001, -78.59669709999994 -0.6729155, -78.59715839999996 -0.6695791, -78.59775009999996 -0.6638582000000001, -78.59834909999994 -0.6597454000000001, -78.59877389999994 -0.656983, -78.59925669999994 -0.6536396999999999, -78.59992230000036 -0.6492448000000001, -78.60037819999995 -0.6459915, -78.60106250000034 -0.6409180999999999, -78.60158210000034 -0.6370653999999999, -78.60204039999995 -0.6331582999999998, -78.60267950000036 -0.6290036999999999, -78.60333339999995 -0.6236365, -78.60393059999994 -0.6194349999999997, -78.60466139999994 -0.6142499000000001, -78.60527969999995 -0.6093458, -78.60577859999995 -0.6057696, -78.60634069999995 -0.6016524, -78.60688809999995 -0.5977673999999998, -78.60763920000036 -0.5925288999999999, -78.608202 -0.5877515, -78.60876409999995 -0.5836975, -78.60931219999995 -0.5796926999999998, -78.60969859999994 -0.5766715999999998, -78.608989 -0.5737418, -78.60797019999995 -0.5696456000000001, -78.60695139999994 -0.5655002999999998, -78.60581309999995 -0.5607647999999998, -78.60487859999998 -0.5568443, -78.60400029999995 -0.5532751, -78.60303769999997 -0.5493265, -78.60195559999997 -0.5448508999999999, -78.60095789999995 -0.540811, -78.60015689999996 -0.5374315, -78.59931379999998 -0.534066, -78.59829489999997 -0.529738, -78.59712149999996 -0.5249111000000001, -78.59612939999997 -0.5203318999999998, -78.59512759999997 -0.516354, -78.59406509999997 -0.5123275000000002, -78.59317979999997 -0.5086529, -78.59206959999997 -0.5041281, -78.59072769999999 -0.4984236000000001, -78.58956889999996 -0.4939522999999999, -78.58896789999997 -0.4914811, -78.588391 -0.4890820000000001, -78.58969889999997 -0.4837228999999999, -78.59069159999997 -0.4796624, -78.59180829999998 -0.4751502999999998, -78.5932522 -0.4695985999999999, -78.59399060000018 -0.4665194000000231, -78.59524140000019 -0.461330400000023, -78.59646110000017 -0.456327800000023, -78.59835510000019 -0.448636100000023, -78.59637050000022 -0.445825400000023, -78.5944512000002 -0.443150700000023, -78.59195780000019 -0.439609500000023, -78.5890282 -0.4354169, -78.58665859999971 -0.4321405, -78.58379249999969 -0.4281507, -78.5811749999997 -0.4244554999999999, -78.57860269999973 -0.4207885, -78.57631859999974 -0.4175784, -78.57447069999975 -0.415034, -78.57135099999975 -0.4107508, -78.56849029999975 -0.4065688, -78.56215099999979 -0.397703799999989, -78.55984969999979 -0.395164899999989, -78.55696909999978 -0.392045599999989, -78.55371389999978 -0.388315699999989, -78.54997359999979 -0.384212399999989, -78.54987879999977 -0.3814633999999891, -78.54970809999979 -0.377662, -78.5470181 -0.3746292, -78.54431669999981 -0.371507199999989, -78.54104719999981 -0.3673310999999889, -78.53889689999978 -0.364820899999989, -78.5352 -0.3632))","MULTIPOINT ((-78.59799500000024 -1.2975334), (-78.59799500000022 -1.2975333999999998), (-78.5979 -1.2974), (-78.5352 -0.3632))",AC,Al/St 240/40 2-bundle 220.0,0.7,1027.7989492113718,0.0,230.0,16.663726405995764,3.321673037740019,0.0,0.0008696119677492781,0.0,False,0.0,inf,0.0,0,inf,1.0,-inf,inf,0,0.0003150042798864984,6.279155080793987e-05,0.0,46.002473093936814,0.0003150042798864984,6.279155080793987e-05,1027.7989492113718
9,1.0,138.0,71,73,7.348123711569519,False,"MULTILINESTRING ((-78.45114829999993 -0.2708994, -78.45188610000015 -0.2704814, -78.45297219999995 -0.2672061, -78.45494470000054 -0.2615750999999999, -78.45524829999994 -0.2597597, -78.45615910000015 -0.2543123999999999, -78.45676250000014 -0.2513001, -78.45771270000014 -0.2465406, -78.45841210000015 -0.2429336, -78.45890480000014 -0.2402634999999999, -78.45972740000013 -0.2363573, -78.46129780000015 -0.2347166, -78.46273040000015 -0.2332229, -78.46550180000017 -0.2303488, -78.46715340000016 -0.2286101, -78.47291090000014 -0.2226225, -78.47389060000016 -0.2215774, -78.47487980000015 -0.2206101, -78.48091320000016 -0.2159716999999999, -78.48147030000015 -0.2157259, -78.4931 -0.1662), (-78.4785 -0.2724, -78.45114829999994 -0.2708994))","MULTIPOINT ((-78.4931 -0.1662), (-78.4785 -0.2724), (-78.45114829999994 -0.2708994), (-78.45114829999993 -0.2708994))",AC,243-AL1/39-ST1A 20.0,0.7,154.16984238170576,0.0,138.0,2.351399587702246,0.8729570969344589,0.0,2.5393292616929343e-05,0.0,False,0.0,inf,0.0,0,inf,1.0,-inf,inf,0,0.00012347193802259222,4.583895699088736e-05,0.0,0.4835898645968024,0.00012347193802259222,4.583895699088736e-05,154.16984238170576
10,1.0,138.0,7,71,10.78476912242037,False,"MULTILINESTRING ((-78.5362 -0.3642, -78.53625060000014 -0.3633623), (-78.53625060000013 -0.3633623, -78.53537480000008 -0.3625086, -78.53515010000011 -0.3615352, -78.53384730000012 -0.3566676999999999, -78.53327479999997 -0.3547896, -78.53230119999999 -0.3514503, -78.531408 -0.347934, -78.53033239999999 -0.3442325999999999, -78.52959479999998 -0.3413171, -78.5288626 -0.3387073999999999, -78.52846989999999 -0.3371542, -78.5282012 -0.3363243, -78.52815439999969 -0.3361144999999999, -78.52807939999998 -0.3358401, -78.52688849999998 -0.3314736, -78.5260704 -0.3285903, -78.5254026 -0.3260689999999999, -78.52416869999999 -0.3215898, -78.52288129999998 -0.3167886999999999, -78.52241989999999 -0.3151848, -78.52166359999998 -0.3135701, -78.52018569999998 -0.3104025, -78.519609 -0.3091284999999999, -78.51765629999998 -0.3049094, -78.51587 -0.3011678, -78.51441349999997 -0.298035, -78.51320649999997 -0.2954574, -78.51111709999996 -0.2910292, -78.50807409999997 -0.2844967, -78.50522699999999 -0.2784363, -78.50272449999997 -0.2729674000000001), (-78.48875019999981 -0.2756348, -78.4785 -0.2724))","MULTIPOINT ((-78.53625060000014 -0.3633623), (-78.53625060000013 -0.3633623), (-78.5362 -0.3642), (-78.50272449999997 -0.2729674000000001), (-78.48875019999981 -0.2756348), (-78.4785 -0.2724))",AC,243-AL1/39-ST1A 20.0,0.7,154.16984238170576,0.0,138.0,3.451126119174518,1.28123057174354,0.0,3.726948659022366e-05,0.0,False,0.0,inf,0.0,0,inf,1.0,-inf,inf,0,0.00018121855278169073,6.727738772020269e-05,0.0,0.7097601026242194,0.00018121855278169073,6.727738772020269e-05,154.16984238170576
13,2.0,138.0,11,68,31.55288292051829,False,"MULTILINESTRING ((-78.5989 -1.2984, -78.59961929999974 -1.2995261, -78.60036410000023 -1.3001039000000003, -78.59870780000024 -1.3025163999999998, -78.59683830000024 -1.3052964, -78.59437960000018 -1.308927700000017, -78.59393080000022 -1.3095903, -78.59117860000002 -1.3136540999999995, -78.59097300000022 -1.3139576, -78.58950310000023 -1.3151296999999997, -78.58639840000022 -1.3175614999999998, -78.58384220000022 -1.3195436, -78.58082530000023 -1.3219108999999998, -78.57787470000021 -1.3241994, -78.57517510000022 -1.3264324000000003, -78.5723250000002 -1.3287476999999999, -78.56937620000022 -1.3311652999999999, -78.56752090000022 -1.3326651999999999, -78.56404360000022 -1.3355257999999999, -78.56188870000022 -1.3372719999999998, -78.5596756000002 -1.3390612999999996, -78.55711770000022 -1.341142, -78.55351790000022 -1.3440919999999998, -78.55129970000021 -1.3459725, -78.54954840000022 -1.3473496, -78.54622870000011 -1.3500175, -78.54362810000012 -1.3521184999999998, -78.53469369999992 -1.3582426999999997, -78.53189349999992 -1.3586528999999996, -78.52716739999991 -1.3593768999999998, -78.5249643000004 -1.3597143999999999, -78.5237717999999 -1.3598971, -78.52097149999993 -1.3604494999999999, -78.518697 -1.3607658999999999, -78.50658419999993 -1.362777, -78.50149869999993 -1.3649650000000002, -78.49893989999993 -1.368939, -78.49581779999993 -1.3736368, -78.49298539999991 -1.3782864, -78.49079129999993 -1.3815471, -78.48749219999992 -1.3866954, -78.48491729999992 -1.3908193999999998, -78.48351719999991 -1.3929646000000002, -78.48045409999995 -1.3979305, -78.47792209999993 -1.4016522999999996, -78.47631809999993 -1.4041782, -78.47363589999992 -1.4084202000000001, -78.46923709999994 -1.415912, -78.46747220000005 -1.4174993999999996, -78.46459049999993 -1.4168869, -78.45803619999995 -1.4154937, -78.45397529999995 -1.4159388, -78.44952289999993 -1.4164590000000001, -78.44521519999996 -1.4169255999999995, -78.43823079999994 -1.4176709999999997, -78.42732489999993 -1.4115788999999999, -78.42034579999994 -1.4076533, -78.4195615999999 -1.4071587999999997, -78.41546419999995 -1.4045858000000002, -78.41330769999995 -1.4034489, -78.41149719999993 -1.4024004999999997, -78.40749259999994 -1.4001399999999997, -78.40209869999994 -1.3975939999999998, -78.3952614 -1.3975034999999998, -78.38987049999993 -1.3974318, -78.38395359999996 -1.3938279999999998, -78.37680279999996 -1.3953188), (-78.37734189999973 -1.3984749, -78.3739 -1.3971))","MULTIPOINT ((-78.5989 -1.2984), (-78.37734189999973 -1.3984749), (-78.37680279999996 -1.3953188), (-78.3739 -1.3971))",AC,243-AL1/39-ST1A 20.0,0.7,308.3396847634115,0.0,138.0,5.048461267282926,1.8742412454787865,0.0,0.00021807787140189406,0.0,False,0.0,inf,0.0,0,inf,1.0,-inf,inf,0,0.0002650945845034093,9.841636449689069e-05,0.0,4.15307498297767,0.0002650945845034093,9.841636449689069e-05,308.3396847634115
14,1.0,138.0,11,14,7.669817839015075,False,"LINESTRING (-78.5989 -1.2984, -78.59984989999987 -1.2992043, -78.59891119999973 -1.2992337999999999, -78.59846059999975 -1.2994135, -78.59781149999974 -1.2989280999999997, -78.59759040000024 -1.2987759000000003, -78.59761090000025 -1.2983076999999998, -78.59806520000025 -1.2970213999999998, -78.59821390000025 -1.2958466, -78.59872200000025 -1.2937572000000002, -78.59950260000025 -1.2905158, -78.59948810000023 -1.2873961, -78.59949570000005 -1.2852523999999999, -78.59950880000022 -1.2815862, -78.59953710000022 -1.2775455, -78.59955980000024 -1.2711905000000001, -78.59919840000023 -1.2689936999999998, -78.59849620000023 -1.2653599999999996, -78.59829510000004 -1.2638697000000003, -78.59828970000022 -1.2638299999999998, -78.59791590000022 -1.2612016999999998, -78.59679040000022 -1.2579086, -78.59508250000022 -1.2558894000000003, -78.59573510000021 -1.2548385, -78.59552229999993 -1.2542292999999995, -78.59428950000022 -1.2507009000000002, -78.59661490000022 -1.2435138000000001, -78.59923889999983 -1.2405975, -78.60208680000025 -1.2374323, -78.6024803000003 -1.2365685, -78.6025 -1.2207)","MULTIPOINT ((-78.5989 -1.2984), (-78.6025 -1.2207))",AC,243-AL1/39-ST1A 20.0,0.7,154.16984238170576,0.0,138.0,2.454341708484824,0.911174359274991,0.0,2.6504987715163875e-05,0.0,False,0.0,inf,0.0,0,inf,1.0,-inf,inf,0,0.0001288774264064705,4.7845744553402175e-05,0.0,0.5047609860475808,0.0001288774264064705,4.7845744553402175e-05,154.16984238170576
16,1.0,138.0,95,196,86.62236939393556,False,"MULTILINESTRING ((-77.33107489999985 -0.7091313999999997, -77.33222729999974 -0.7094020000000001, -77.33434889999972 -0.7101396000000001, -77.33638469999974 -0.7109656, -77.34091759999974 -0.7128349999999999, -77.34531909999973 -0.7145996999999998, -77.34771159999973 -0.7155384, -77.35007469999972 -0.7164797999999999, -77.36028579999974 -0.7205377, -77.36232699999974 -0.7213718, -77.36765919999975 -0.7259339000000001, -77.36985859999972 -0.7277951999999999, -77.37664089999974 -0.7335535999999999, -77.37850159999974 -0.7352045, -77.38066549999974 -0.7354741, -77.39355549999974 -0.7371230999999999, -77.39581679999972 -0.7374188, -77.39835509999972 -0.7377238999999999, -77.40087469999972 -0.7380589999999999, -77.40332129999973 -0.7383622, -77.40580159999973 -0.7386823, -77.40845969999974 -0.7390116999999999, -77.41093619999972 -0.7395413999999999, -77.41230459999974 -0.7398371000000001, -77.41433559999975 -0.7402881999999998, -77.42661909999975 -0.7429218000000001, -77.42857159999976 -0.7433634999999998, -77.43081409999974 -0.743824, -77.43370249999975 -0.7444435, -77.43679669999976 -0.745123, -77.44019239999975 -0.7458416999999999, -77.44406909999977 -0.7467158999999999, -77.44684709999977 -0.7473035999999998, -77.45009109999977 -0.7479923999999999, -77.45375069999977 -0.7487785, -77.45728109999978 -0.7495572000000001, -77.45964529999976 -0.7500401, -77.46147979999976 -0.7504294, -77.46377669999978 -0.7509478999999999, -77.46569539999977 -0.7513447, -77.46686349999977 -0.7515973999999999, -77.46875219999978 -0.7520128999999999, -77.47163869999977 -0.7526118999999999, -77.47566889999977 -0.7494748, -77.47780289999979 -0.7477528, -77.47970479999977 -0.7462928, -77.48237039999977 -0.7442301999999998, -77.48418989999978 -0.7427813999999999, -77.48890709999975 -0.7390984000000002, -77.49030049999975 -0.7380162, -77.49240339999976 -0.7363640999999999, -77.49499169999974 -0.7344035999999999, -77.49966679999974 -0.7354174, -77.50197079999974 -0.7358304, -77.50488369999975 -0.7361576000000001, -77.50806479999976 -0.7366243, -77.51075239999976 -0.7370694999999999, -77.51421509999976 -0.7380483999999998, -77.51862469999976 -0.7385659999999998, -77.52018029999994 -0.7387618, -77.52228319999995 -0.7393143, -77.52695559999995 -0.740607, -77.53016349999994 -0.7414223000000001, -77.53160659999995 -0.7418246000000001, -77.53374699999999 -0.7424147, -77.53601609999996 -0.7428008999999999, -77.53860179999995 -0.7432728999999999, -77.54754959999997 -0.7449036000000001, -77.55200739999997 -0.7457135, -77.55327879999994 -0.7446835999999999, -77.55514559999993 -0.7430852, -77.55713049999996 -0.7414492, -77.56179749999995 -0.7374208, -77.56732289999997 -0.7327381, -77.57087949999995 -0.7297342, -77.57426439999995 -0.7268270000000001, -77.57511199999999 -0.7261403999999999, -77.57734359999995 -0.724043, -77.57858809999995 -0.7228308, -77.58291189999994 -0.7186843999999999, -77.58395789999993 -0.7178207999999999, -77.58555109999993 -0.7163563999999999, -77.59256509999985 -0.7167586999999999, -77.59419319999984 -0.7168767999999999, -77.59670379999984 -0.7172790999999998, -77.59968909999985 -0.7177833, -77.60509369999986 -0.7186522, -77.60832039999985 -0.7191778999999999, -77.61017379999986 -0.7194783, -77.61200039999984 -0.7197197000000001, -77.61381889999986 -0.7200844, -77.61733259999984 -0.7206475999999999, -77.62077119999985 -0.7211975, -77.62393359999994 -0.7217525999999999, -77.62776379999988 -0.722348, -77.6295366999999 -0.7225948, -77.64382479999996 -0.7250354, -77.64524639999996 -0.7244935999999998, -77.64668939999996 -0.7232223999999999, -77.64769789999988 -0.7222086, -77.65056249999996 -0.7203204, -77.65335469999995 -0.7184457, -77.65585719999997 -0.7167318999999999, -77.6584696999999 -0.7178475999999999, -77.6622032999999 -0.7194193, -77.66413989999988 -0.7202614, -77.66660749999997 -0.7213771, -77.67313449999988 -0.7240716999999999, -77.67580629999986 -0.7239713, -77.68355639999986 -0.7265104999999998, -77.68635389999996 -0.7284791, -77.69092439999996 -0.7277978, -77.69688959999979 -0.7251346, -77.69926609999979 -0.7240994, -77.70107659999978 -0.7232974999999999, -77.7027260999998 -0.7225732999999999, -77.70452049999977 -0.7217634000000002, -77.70727519999978 -0.7205242999999999, -77.71226669999977 -0.7183491999999999, -77.71759089999979 -0.7162357999999999, -77.71975549999979 -0.7153425999999999, -77.7222203999998 -0.7144013, -77.7245404999998 -0.7134974000000001, -77.72620889999979 -0.7128215999999999, -77.7321713999998 -0.7131515, -77.73412139999978 -0.7132023999999998, -77.74040849999979 -0.7135483999999999, -77.74533569999981 -0.7117943999999999, -77.74805279999978 -0.7127571999999999, -77.74919539999978 -0.7133579999999999, -77.7511694999998 -0.7145996999999998, -77.75449809999981 -0.7197786999999999, -77.7561288999998 -0.7222703, -77.7618768999998 -0.7251293, -77.76794139999978 -0.7284496000000001, -77.7700629999998 -0.729635, -77.77233209999979 -0.7308473, -77.77441619999979 -0.7320138999999999, -77.77818199999979 -0.7341005, -77.7793353999998 -0.7365465, -77.77999249999979 -0.7379733, -77.7820658999998 -0.7425594999999999, -77.78431089999995 -0.7473227, -77.78563319999996 -0.7499778999999999, -77.78761799999998 -0.7546176999999998, -77.79190419999995 -0.7638489999999999, -77.79045579999995 -0.7684190999999998, -77.78939899999999 -0.7717178999999997, -77.788353 -0.7751669000000001, -77.78762879999995 -0.7775163000000002, -77.78540789999997 -0.7845752999999999, -77.78474539999996 -0.7868093, -77.78440739999998 -0.7879169999999999, -77.78279009999979 -0.7930394999999999, -77.78079719999978 -0.7993287, -77.77946949999976 -0.8036037000000001, -77.77850389999978 -0.8067308999999999, -77.77767779999976 -0.8093564999999999, -77.77584309999976 -0.8150636, -77.77514309999978 -0.8175283000000001, -77.77596119999978 -0.8205267, -77.7766236999998 -0.8230423999999998, -77.77761609999978 -0.8267837000000001, -77.77856829999979 -0.8304096999999999, -77.78010789999978 -0.8362427999999998, -77.78083209999977 -0.8389865, -77.78172789999978 -0.8424219999999999, -77.78254059999978 -0.8455356999999999, -77.78381999999978 -0.8503417, -77.78449859999976 -0.8529001999999998, -77.78500559999978 -0.8548339, -77.78565729999977 -0.8572476, -77.78627689999976 -0.8596104, -77.78699309999978 -0.8623378999999999, -77.78764749999978 -0.8647945, -77.78880359999978 -0.8691365000000001, -77.79006419999978 -0.8739450999999998, -77.79068919999976 -0.8764393, -77.79130609999976 -0.8785552999999999, -77.79255869999976 -0.8833425, -77.79286709999977 -0.8859627, -77.79311929999977 -0.8881564999999999, -77.79341429999977 -0.8905057999999999, -77.79374689999976 -0.8936006999999999, -77.79397219999976 -0.8952366999999999, -77.79428599999976 -0.8980499999999998, -77.79459179999976 -0.9007880999999999, -77.79479559999976 -0.9025045, -77.79518189999976 -0.9055914, -77.79555739999977 -0.9088927999999997, -77.79583099999977 -0.9110891999999999, -77.79588189999977 -0.9133071000000001, -77.79598919999977 -0.9159863000000001, -77.79607239999977 -0.9184133999999998, -77.79613409999978 -0.9205669, -77.79618949999997 -0.9225286999999999, -77.79620109999978 -0.9229377000000002, -77.79636739999977 -0.9273949999999999, -77.79648269999977 -0.9305916999999996, -77.79659809999978 -0.9343248999999998, -77.79666509999977 -0.9366151999999998, -77.79678049999978 -0.9397717, -77.79688779999978 -0.9439795, -77.79701379999977 -0.9473854999999998, -77.79713989999978 -0.9526472000000002, -77.79719349999976 -0.95656, -77.79725789999976 -0.9594108000000001, -77.79750199999978 -0.9744906999999999, -77.79762799999976 -0.9767809999999999, -77.79764409999977 -0.9788620999999997, -77.79753149999978 -0.9811577000000001, -77.79764949999978 -0.9830644999999998, -77.79777019999976 -0.9877442999999996, -77.79857489999978 -0.9892273000000003, -77.80290399999977 -0.9975302, -77.80404659999977 -0.9997748999999999, -77.80737249999977 -1.0061066, -77.8094270999998 -1.0070398, -77.81073869999977 -1.0072463, -77.81095589999987 -1.0072812, -77.8116 -1.0073), (-77.33 -0.7082, -77.33107489999986 -0.7091314))","MULTIPOINT ((-77.8116 -1.0073), (-77.33107489999986 -0.7091314), (-77.33107489999985 -0.7091313999999997), (-77.33 -0.7082))",AC,243-AL1/39-ST1A 20.0,0.7,154.16984238170576,0.0,138.0,27.71915820605938,10.290737483999544,0.0,0.00029934541925698223,0.0,False,0.0,inf,0.0,0,inf,1.0,-inf,inf,0,0.001455532356965941,0.0005403663875236056,0.0,5.70073416432997,0.001455532356965941,0.0005403663875236056,154.16984238170576
17,2.0,230.0,107,22,43.545573516763476,False,"MULTILINESTRING ((-79.49097120000029 -1.0469126, -79.4906 -1.0513), (-79.45744539999951 -0.6715836999999999, -79.45759750000025 -0.6717486000000001, -79.45802580000024 -0.6751883999999999, -79.45834770000026 -0.6782269999999998, -79.45891140000025 -0.6826497, -79.45946600000025 -0.6870489, -79.45988460000027 -0.6908515999999999, -79.46041110000027 -0.6950434999999998, -79.46091140000027 -0.6991437999999999, -79.46146730000025 -0.7037542, -79.46187930000025 -0.7072365, -79.46236980000025 -0.711412, -79.46284400000025 -0.7151984, -79.46326910000026 -0.7190502000000001, -79.46386090000026 -0.7236475, -79.46422070000024 -0.7268911, -79.46470790000023 -0.731096, -79.46517220000025 -0.7346600999999999, -79.46558750000025 -0.7381096999999999, -79.46594720000024 -0.7410524, -79.46647370000025 -0.7455484, -79.46693420000025 -0.7491784, -79.46726260000025 -0.7521286, -79.46833080000027 -0.7555041999999998, -79.46938520000026 -0.7590555, -79.47041950000026 -0.7622889, -79.47140370000028 -0.7655717, -79.47252860000029 -0.7692239999999999, -79.47379410000028 -0.7733601999999999, -79.47504330000028 -0.7773295999999998, -79.47627610000028 -0.7812303999999999, -79.47739770000028 -0.7850135, -79.47853240000026 -0.7887573, -79.47982850000028 -0.7929398, -79.48095690000028 -0.7966668, -79.48201590000026 -0.8000793999999999, -79.48311650000026 -0.8037509, -79.48412470000028 -0.8069646000000001, -79.48511430000028 -0.8101367000000002, -79.48640920000028 -0.8142012, -79.48744050000026 -0.8177433000000001, -79.48878160000028 -0.8221176, -79.49005300000026 -0.8261377, -79.49127920000026 -0.8301527999999999, -79.49228310000028 -0.8334551999999998, -79.49500710000027 -0.8422506000000001, -79.49600770000028 -0.8455301, -79.49729610000027 -0.8498362999999999, -79.49814960000027 -0.8525468, -79.49900300000029 -0.8553130000000001, -79.49997100000029 -0.8584715000000002, -79.50075250000029 -0.8610414, -79.50044180000029 -0.8641639, -79.50015410000029 -0.8676166999999998, -79.49987720000027 -0.8703934999999998, -79.49950340000028 -0.8742999000000001, -79.49910770000028 -0.8782823, -79.49873490000029 -0.8823300999999999, -79.49835100000028 -0.8861985999999998, -79.49798740000028 -0.8899738, -79.49763930000029 -0.8934581, -79.49729280000027 -0.8972462000000002, -79.49691350000026 -0.9007740999999998, -79.49703650000043 -0.9017633000000002, -79.49660280000028 -0.9042827000000003, -79.49626990000026 -0.9077760999999999, -79.49594880000028 -0.9110145, -79.49580990000007 -0.9123601999999998, -79.49559620000026 -0.9144297, -79.49530820000028 -0.9176241000000002, -79.49492100000026 -0.9215828999999999, -79.49450010000027 -0.9259617999999998, -79.49409780000028 -0.9301788, -79.49372320000029 -0.9340766999999999, -79.4934373000003 -0.9372473999999998, -79.49307900000028 -0.9407313999999998, -79.4927651000003 -0.9437165000000001, -79.49144730000029 -0.9468096, -79.48969130000029 -0.9509390000000001, -79.48887399999981 -0.9529137000000001, -79.48804970000029 -0.9549050000000001, -79.4864736000003 -0.9586650000000002, -79.4848091000003 -0.9625395000000001, -79.4834521000003 -0.9658058000000002, -79.4822160000003 -0.968719, -79.4809407000003 -0.9718185, -79.47950190000029 -0.9750881000000001, -79.4781677000003 -0.9783870000000001, -79.4769088000003 -0.9813329, -79.47550260000028 -0.9846973000000001, -79.47408670000029 -0.9880551, -79.4725563000003 -0.9916843, -79.4713301000003 -0.9944960999999998, -79.47022440000029 -0.997222, -79.4689890000003 -1.0000993, -79.4703300000003 -1.0029671, -79.4719647000003 -1.0064127, -79.47347870000029 -1.0096364999999998, -79.4749916000003 -1.0128881, -79.4766528000003 -1.0164420999999997, -79.47798370000028 -1.0192473000000002, -79.4795664000003 -1.0226835999999997, -79.48137960000028 -1.0265116, -79.4833285000003 -1.0306441999999998, -79.4849308000003 -1.034038, -79.4865004000003 -1.0373761, -79.4897803000003 -1.0443434, -79.49097120000027 -1.0469126), (-79.4574 -0.6711, -79.45744539999951 -0.6715837))","MULTIPOINT ((-79.49097120000029 -1.0469126), (-79.49097120000027 -1.0469126), (-79.4906 -1.0513), (-79.45744539999951 -0.6715837), (-79.45744539999951 -0.6715836999999999), (-79.4574 -0.6711))",AC,Al/St 240/40 2-bundle 220.0,0.7,1027.7989492113718,0.0,230.0,6.553608814272903,1.3063672055029043,0.0,0.000342006134641546,0.0,False,0.0,inf,0.0,0,inf,1.0,-inf,inf,0,0.00012388674507132143,2.4695032240130518e-05,0.0,18.092124522537784,0.00012388674507132143,2.4695032240130518e-05,1027.7989492113718
18,2.0,138.0,24,60,14.011811313323278,False,"MULTILINESTRING ((-79.9559 -2.0342, -79.94047390000034 -2.0454651), (-79.94047390000033 -2.0454651000000004, -79.94077520000035 -2.0470196, -79.94103300000035 -2.0484796999999997, -79.93783800000037 -2.0505312, -79.93443940000034 -2.0525490000000004, -79.93301660000036 -2.0533762, -79.93019490000036 -2.0550437999999995, -79.92893080000036 -2.0557837999999995, -79.92583350000034 -2.0575968, -79.92502580000034 -2.0602883000000003, -79.92392740000034 -2.0637292000000005, -79.92284320000036 -2.0660232000000005, -79.92163460000036 -2.0685576000000006, -79.91940780000036 -2.0733176, -79.91753280000037 -2.0761480000000003, -79.91648730000024 -2.0779881, -79.91611990000024 -2.0787895, -79.91530310000005 -2.0819296999999994, -79.91276040000002 -2.0919463999999994, -79.91108340000002 -2.0985707000000002, -79.90937140000003 -2.1053766, -79.90809070000005 -2.1105966999999994, -79.90523820000004 -2.1214548999999994, -79.90491899999999 -2.1226757999999992, -79.90481440000003 -2.1233781, -79.90482780000004 -2.1241098, -79.904931 -2.1248201000000004, -79.905623 -2.1270629, -79.90735040000003 -2.1323935, -79.90760650000001 -2.1332618999999995, -79.90770850000003 -2.1346114, -79.90765750000001 -2.1352923, -79.90750460000002 -2.1359409, -79.90727390000002 -2.1365855, -79.90696280000002 -2.1372006999999997, -79.90142410000001 -2.1447873999999993, -79.90049240000036 -2.1460799, -79.89970529999952 -2.1471716999999995, -79.89970300000037 -2.1471749, -79.89891450000037 -2.1482686999999996, -79.8981094 -2.1495161, -79.8973753 -2.150546, -79.89706679999999 -2.1516342, -79.89760089999999 -2.1524090999999994, -79.89843200000035 -2.1532019, -79.89922500000036 -2.1539584999999994, -79.8995002 -2.1543266999999995), (-79.8995002 -2.1543267, -79.8341 -2.1691))","MULTIPOINT ((-79.9559 -2.0342), (-79.94047390000034 -2.0454651), (-79.94047390000033 -2.0454651000000004), (-79.8995002 -2.1543267), (-79.8995002 -2.1543266999999995), (-79.8341 -2.1691))",AC,243-AL1/39-ST1A 20.0,0.7,308.3396847634115,0.0,138.0,2.2418898101317244,0.8323015920114027,0.0,9.684268766793008e-05,0.0,False,0.0,inf,0.0,0,inf,1.0,-inf,inf,0,0.00011772158213252072,4.370413736669832e-05,0.0,1.8442721439480605,0.00011772158213252072,4.370413736669832e-05,308.3396847634115
20,2.0,230.0,25,103,42.89917821907506,False,"MULTILINESTRING ((-79.9549 -2.0332, -79.86603710000033 -2.0320552, -79.86280250000033 -2.0330247, -79.8591870000003 -2.0340560000000005, -79.8553116000003 -2.0352247, -79.85134060000031 -2.0363485, -79.84731880000031 -2.0375309000000006, -79.84318380000032 -2.0387717999999992, -79.83918150000031 -2.0399346, -79.83514020000031 -2.0411287, -79.8311419000003 -2.0422836999999996, -79.82721380000031 -2.0434193, -79.8233677000003 -2.0445665, -79.81995120000032 -2.0455967, -79.81648390000035 -2.0465877999999997, -79.81301650000034 -2.0476921, -79.80856530000035 -2.0488081, -79.80227100000035 -2.0503221999999997, -79.79755810000036 -2.0515084, -79.79417670000036 -2.0523396, -79.79046720000036 -2.05328, -79.78671490000036 -2.0541501999999996, -79.78295470000036 -2.0551101, -79.77893290000036 -2.0561168, -79.77470810000034 -2.0571353, -79.76654360000035 -2.0591611, -79.76235240000032 -2.0601957999999994, -79.75824680000034 -2.0612111999999994, -79.75422670000034 -2.06221, -79.75020950000034 -2.0631646999999997, -79.74627780000034 -2.0641469999999993, -79.74226060000035 -2.0651238, -79.73817710000036 -2.0661363999999995, -79.73413500000036 -2.0671407, -79.73000730000035 -2.0681671999999995, -79.72591550000037 -2.0691439, -79.72187340000038 -2.070151, -79.71788650000036 -2.0711278, -79.71386370000037 -2.0721155999999996, -79.71001490000037 -2.0730674999999996, -79.70629310000037 -2.0739752999999994, -79.70254360000037 -2.0748996, -79.69852640000038 -2.0758736, -79.69504750000038 -2.0767372, -79.69285800000038 -2.0796592, -79.69043940000037 -2.0827936, -79.68808150000037 -2.0859114999999995, -79.68558560000037 -2.0892335, -79.68296530000038 -2.0926258, -79.68090870000036 -2.0954078000000003, -79.67849580000033 -2.0985593999999996, -79.67587140000035 -2.1019856, -79.67327360000034 -2.105403, -79.67077700000036 -2.1086857, -79.66817360000036 -2.1120782999999994, -79.66571260000035 -2.1153255999999994, -79.66313830000036 -2.1187307, -79.66058070000034 -2.1220774, -79.65797310000035 -2.1255407, -79.65542800000033 -2.1288582999999996, -79.65293710000033 -2.1321551, -79.65029610000035 -2.1356226, -79.64767190000035 -2.1390025999999995, -79.64516840000034 -2.1423617999999998, -79.64260250000035 -2.1457169000000005, -79.64012820000035 -2.1490427, -79.63749140000034 -2.1524477, -79.63492960000033 -2.1558277, -79.63270940000034 -2.1587705999999995, -79.63073080000035 -2.1613805, -79.62885220000035 -2.1638905, -79.62582390000037 -2.1644067000000002, -79.62229570000035 -2.1649645000000004, -79.61872740000037 -2.1655980999999995, -79.61469430000035 -2.1662781, -79.61164510000037 -2.1667921, -79.60753970000039 -2.167437, -79.60366360000039 -2.1681259000000006, -79.59965230000039 -2.1688001999999997, -79.59542580000037 -2.16952, -79.59133160000037 -2.1702086999999994, -79.58719110000038 -2.1709141, -79.58311190000038 -2.1715915, -79.57914670000038 -2.1722546000000005, -79.57529110000036 -2.1728932999999997, -79.57137950000038 -2.1735732, -79.56739730000035 -2.174226599999999, -79.56347400000035 -2.1749006999999994, -79.55950140000019 -2.1755638999999847, -79.55538870000035 -2.1762721999999997, -79.55115610000036 -2.1769668999999996, -79.54704130000039 -2.1776702999999995, -79.54287350000037 -2.1783679, -79.53873579999996 -2.1790535999999996, -79.53459439999975 -2.1797787, -79.53113630000036 -2.1803644999999965), (-79.53113630000036 -2.1803644999999965, -79.5506 -2.1618), (-79.53113630000036 -2.1803645, -79.53113630000036 -2.1803644999999965), (-79.53113630000036 -2.1803644999999965, -79.53113630000034 -2.1803644999999996))","MULTIPOINT ((-79.9549 -2.0332), (-79.5506 -2.1618), (-79.53113630000036 -2.1803645), (-79.53113630000034 -2.1803644999999996))",AC,Al/St 240/40 2-bundle 220.0,0.7,1027.7989492113718,0.0,230.0,6.4563263219707965,1.2869753465722518,0.0,0.0003369293578452137,0.0,False,0.0,inf,0.0,0,inf,1.0,-inf,inf,0,0.00012204775655899426,2.4328456456942378e-05,0.0,17.823563030011805,0.00012204775655899426,2.4328456456942378e-05,1027.7989492113718
21,2.0,230.0,103,158,40.554188934436176,False,"MULTILINESTRING ((-79.5506 -2.1618, -79.52982380000036 -2.181913), (-79.52982380000034 -2.181913, -79.52845240000033 -2.1853373999999888, -79.52710370000034 -2.1891071999999885, -79.52574729999996 -2.1929825, -79.52438589999996 -2.1968948, -79.52296430000035 -2.200933499999989, -79.52161810000034 -2.2049153999999893, -79.52031160000041 -2.208757, -79.51895370000042 -2.2127493999999994, -79.51762380000035 -2.216659599999989, -79.51626500000035 -2.220553299999989, -79.51492510000034 -2.224500599999989, -79.51365980000043 -2.2281633999999997, -79.51225170000032 -2.232168299999989, -79.51098400000033 -2.236085699999989, -79.50961229999972 -2.2400178000000133, -79.50825509999972 -2.244048800000013, -79.50692479999971 -2.247784900000013, -79.50571239999971 -2.2514245000000126, -79.5044892999997 -2.2551392000000146, -79.5031696999997 -2.2588753000000126, -79.50199489999969 -2.2622683000000126, -79.4990872999997 -2.2645411000000135, -79.49607249999968 -2.266888800000014, -79.4932078999997 -2.269129400000014, -79.4903862999997 -2.271289600000014, -79.48752699999969 -2.2734873000000135, -79.48446930000064 -2.2759101, -79.48118090000064 -2.2784882999999994, -79.47795690000063 -2.2809647, -79.47501180000062 -2.2832696000000006, -79.47231350000062 -2.2853440000000003, -79.46944890000063 -2.2876059999999994, -79.46616050000061 -2.2900716, -79.46286140000062 -2.2926391, -79.45953550000061 -2.2952172999999996, -79.45627930000063 -2.2977259, -79.45300700000061 -2.3002719, -79.44986340000062 -2.3027268000000003, -79.44651600000063 -2.3052675, -79.44328670000063 -2.3077868, -79.44003050000063 -2.3103060000000006, -79.43701030000064 -2.3126323, -79.43430130000064 -2.3147227, -79.43157080000063 -2.3168292, -79.42905490000062 -2.3186945, -79.42632970000064 -2.3207741, -79.42361530000063 -2.3228753, -79.42082590000064 -2.324955, -79.41836360000063 -2.3269114, -79.41566930000062 -2.3289227, -79.41259010000061 -2.3313185999999995, -79.40914150000043 -2.3338792999999995, -79.40316080000062 -2.3384728, -79.40110090000063 -2.3409116, -79.39619650000061 -2.3466615, -79.39349280000062 -2.3499523999999994, -79.39078380000062 -2.3531817999999998, -79.38815520000064 -2.3562797999999994, -79.38576270000064 -2.3591204999999995, -79.38315560000065 -2.3622775, -79.38054740000042 -2.365518, -79.37820280000042 -2.368431, -79.37568830000063 -2.3715929, -79.37292030000063 -2.3748249000000006, -79.37035610000063 -2.3780514999999998, -79.36769530000062 -2.3811816, -79.36488440000063 -2.3844483999999997, -79.36208950000062 -2.3875678, -79.35936440000062 -2.3906656999999996, -79.35661780000063 -2.3937394999999997, -79.35396780000063 -2.3966498, -79.35147870000063 -2.3994958999999993, -79.34613040000062 -2.4053915000000003, -79.34353400000062 -2.4082429000000003, -79.34058350000063 -2.4115766, -79.33865240000063 -2.4137741000000004, -79.33620080000064 -2.4164645999999994, -79.33179130000065 -2.4220815, -79.31758759999991 -2.4399275999999994, -79.3149053999999 -2.4433040999999993, -79.31226609999992 -2.4466269999999994, -79.30954099999998 -2.4500571, -79.30683729999991 -2.4534710999999993, -79.3042033999999 -2.4567725000000005), (-79.3042033999999 -2.4567725, -79.297 -2.4605))","MULTIPOINT ((-79.5506 -2.1618), (-79.52982380000036 -2.181913), (-79.52982380000034 -2.181913), (-79.3042033999999 -2.4567725000000005), (-79.3042033999999 -2.4567725), (-79.297 -2.4605))",AC,Al/St 240/40 2-bundle 220.0,0.7,1027.7989492113718,0.0,230.0,6.103405434632644,1.2166256680330851,0.0,0.000318511855071793,0.0,False,0.0,inf,0.0,0,inf,1.0,-inf,inf,0,0.00011537628420855659,2.299859485884849e-05,0.0,16.84927713329785,0.00011537628420855659,2.299859485884849e-05,1027.7989492113718
22,1.0,138.0,30,51,51.53311733717505,False,"MULTILINESTRING ((-78.29159309999986 -2.7374759, -78.2922 -2.7378), (-78.14101139999966 -2.3418384999999997, -78.14300999999965 -2.3448827999999997, -78.14417419999964 -2.3463984999999994, -78.14550569999965 -2.3480763000000002, -78.14690169999966 -2.349867399999999, -78.15074439999965 -2.3547721999999998, -78.15447369999966 -2.3595509, -78.15578099999999 -2.362622499999989, -78.15639499999999 -2.3647631, -78.15704320000005 -2.367045899999989, -78.15777040000006 -2.3697025999999886, -78.15845909999999 -2.3720806999999877, -78.15842709999997 -2.3737898999999882, -78.15840149999998 -2.375332699999988, -78.15827069999986 -2.380749599999968, -78.15826049999994 -2.381174099999988, -78.15826019999984 -2.381544599999967, -78.15825940000026 -2.382434799999999, -78.15825089999994 -2.383276899999987, -78.15820609999994 -2.385402199999988, -78.158158 -2.3875530999999874, -78.15806829999988 -2.391931699999986, -78.15800649999993 -2.3955902, -78.15819199999999 -2.399795999999999, -78.15786339999993 -2.404069199999999, -78.15784089999975 -2.405403399999983, -78.15809389999976 -2.407541499999982, -78.15837909999979 -2.4098266999999813, -78.15865459999975 -2.4119871999999813, -78.15893649999978 -2.414310899999983, -78.1591638999998 -2.416000799999983, -78.15938339999992 -2.4177549, -78.15971819999994 -2.4206116, -78.1600704999998 -2.423247099999981, -78.16033319999978 -2.425641199999981, -78.1606406999998 -2.4279487999999807, -78.1611993999998 -2.4323557999999807, -78.16146699999979 -2.43456849999998, -78.16216539999981 -2.4400191999999805, -78.16153749999981 -2.445690599999981, -78.16112749999981 -2.449454499999981, -78.1607686999998 -2.4516532999999807, -78.1600926999998 -2.4556540000000004, -78.15974349999979 -2.4578367999999813, -78.1590130999998 -2.462413599999981, -78.1586382999998 -2.464650699999981, -78.15823149999981 -2.467092699999981, -78.1581257999998 -2.46925309999998, -78.15797519999981 -2.471819899999981, -78.1577028999998 -2.476671899999981, -78.15758759999981 -2.4788513999999813, -78.15720959999979 -2.4852363999999816, -78.15696929999979 -2.487508799999981, -78.15651119999978 -2.491672599999981, -78.15631579999979 -2.493685699999981, -78.15600179999979 -2.4962268999999813, -78.15578719999978 -2.4982943999999807, -78.1552169999998 -2.504039199999981, -78.15491439999997 -2.5083164, -78.15506729999997 -2.5098545, -78.15564929999996 -2.5125663, -78.15586919999996 -2.515053, -78.15601539999996 -2.5175906, -78.15615089999996 -2.51926, -78.15684419999995 -2.5214653, -78.15825639999997 -2.5260743000000003, -78.16186669999998 -2.5378644999999995, -78.16246349999999 -2.5398432999999994, -78.16494579999997 -2.5479422999999994, -78.16565659999998 -2.5501422, -78.16624399999999 -2.5521117, -78.16689039999996 -2.5541696, -78.16751 -2.556256999999999, -78.16815109999997 -2.5583791, -78.16889539999998 -2.5607813999999998, -78.16953509999998 -2.5628165, -78.17083329999997 -2.5670153, -78.17136439999997 -2.5687757, -78.17202419999997 -2.5709755999999997, -78.17267059999995 -2.5730442, -78.17399289999996 -2.577350099999999, -78.17773459999997 -2.5895284, -78.17834349999997 -2.5914870999999997, -78.17956859999998 -2.5954526999999996, -78.18115979999997 -2.5962457999999997, -78.18239359999995 -2.5968741, -78.187184 -2.5988796999999995, -78.18936739999997 -2.6003159, -78.19083719999996 -2.6023334999999994, -78.19210859999997 -2.6040027999999995, -78.19801749999996 -2.6119714000000003, -78.200976 -2.6159316000000006, -78.201853 -2.619674699999999, -78.20226069999998 -2.6216334, -78.20346769999998 -2.6267108, -78.20435819999996 -2.6306682999999995, -78.20483029999997 -2.6327795999999997, -78.20528629999997 -2.6347222, -78.20561889999996 -2.6362306999999996, -78.20616869999996 -2.638559, -78.20669169999996 -2.6408686, -78.20723619999997 -2.6433069, -78.20773239999997 -2.6455226999999994, -78.20824469999995 -2.6476661999999997, -78.20882679999995 -2.6501364999999995, -78.20932569999995 -2.6523925, -78.21001769999997 -2.6554389, -78.21120589999995 -2.6604652999999994, -78.21147409999996 -2.6622122999999998, -78.21198369999996 -2.666319599999999, -78.21224929999997 -2.6684175, -78.21259259999997 -2.6710110999999994, -78.21281249999996 -2.6725544, -78.21305929999997 -2.6744701, -78.21461769999995 -2.6760963999999996, -78.21608479999996 -2.6776343000000002, -78.21742589999997 -2.679065, -78.22010279999996 -2.6819051, -78.22144389999997 -2.683301, -78.22284939999997 -2.6847450999999998, -78.22662859999996 -2.683534, -78.22832109999997 -2.6830061999999995, -78.23114279999994 -2.6821139999999994, -78.23648569999993 -2.6874551999999996, -78.23824259999994 -2.6918343999999994, -78.24042449999995 -2.6971045, -78.242864 -2.7006168999999995, -78.24388589999992 -2.7021869999999995, -78.24514659999994 -2.7040008000000006, -78.24764909999995 -2.7075935999999996, -78.24859049999993 -2.7089626999999994, -78.25052169999995 -2.7119472999999994, -78.25165899999999 -2.7135173999999997, -78.25337829999995 -2.7160250999999995, -78.25597729999994 -2.7197839999999998, -78.25721649999994 -2.7215978000000005, -78.25844759999995 -2.7222703000000004, -78.26248439999993 -2.724494, -78.26588809999996 -2.7265247999999995, -78.26726939999996 -2.7272829999999995, -78.26898339999995 -2.7282341, -78.27212959999996 -2.7299059000000003, -78.27396689999998 -2.7310097, -78.27606979999996 -2.7322020000000005, -78.27819939999996 -2.7335120999999996, -78.28449989999987 -2.7373674, -78.29159309999986 -2.7374758999999997), (-78.1398 -2.3411, -78.14101139999966 -2.3418385))","MULTIPOINT ((-78.2922 -2.7378), (-78.29159309999986 -2.7374759), (-78.29159309999986 -2.7374758999999997), (-78.14101139999966 -2.3418385), (-78.14101139999966 -2.3418384999999997), (-78.1398 -2.3411))",AC,243-AL1/39-ST1A 20.0,0.7,154.16984238170576,0.0,138.0,16.490597547896016,6.122134339656396,0.0,0.00017808566912735492,0.0,False,0.0,inf,0.0,0,inf,1.0,-inf,inf,0,0.0008659208962348255,0.000321473132727179,0.0,3.3914634828613472,0.0008659208962348255,0.000321473132727179,154.16984238170576
25,2.0,138.0,28,256,52.47913581836771,False,"MULTILINESTRING ((-78.44005399999946 -0.0527628, -78.4386 0.0187), (-78.1608 0.3597, -78.16746110000025 0.3583974, -78.16795420000017 0.3585764000000001, -78.17204410000018 0.3594311, -78.17611200000023 0.3602930999999999, -78.17989680000025 0.3610907999999999, -78.18347360000021 0.3618435, -78.18673510000018 0.3625725, -78.19466290000022 0.3605592, -78.2039970000002 0.3582604999999999, -78.2078750000002 0.3572749, -78.2107311999999 0.3565357, -78.2142874000002 0.3556959, -78.21731640000019 0.3549485, -78.22496970000019 0.3530648, -78.22790370000021 0.3522811, -78.23650550000019 0.3501676, -78.2392414000002 0.3472347, -78.24200310000018 0.3443375, -78.24491290000017 0.3412093, -78.24738890000017 0.3385845, -78.25088130000019 0.3348167000000001, -78.2544338000002 0.3311090999999999, -78.25725810000021 0.3280886, -78.2600408999999 0.3251034, -78.26303689999988 0.3219358, -78.26607849999988 0.3187387, -78.26815189999989 0.3165232, -78.27023859999989 0.3142916, -78.27291819999988 0.3114888, -78.2751497999999 0.3090962999999999, -78.2778104999999 0.3062398, -78.2806884999999 0.3032035, -78.2828825999999 0.3008914999999999, -78.28563449999989 0.2979465000000001, -78.2881074999999 0.2953153, -78.29029619999989 0.2929845, -78.2924982999999 0.2906644, -78.2955076999999 0.2874565, -78.2974656999999 0.285418, -78.29949619999984 0.2832991000000001, -78.30224809999986 0.2803326, -78.30509129999984 0.2773662, -78.30682399999986 0.2754994, -78.30949549999985 0.2726455, -78.31142129999986 0.2705963, -78.31360729999986 0.2682494, -78.31849159999986 0.2631238, -78.32217159999985 0.2592078, -78.32488059999986 0.2563271, -78.32746629999986 0.2536181, -78.32942429999986 0.2514778, -78.33117309999986 0.249611, -78.33340729999986 0.2472453, -78.33732609999986 0.2387535, -78.34080219999986 0.2312568, -78.34424619999984 0.2224565, -78.34531639999986 0.2198306, -78.34758549999987 0.2139486, -78.34927259999986 0.2097107, -78.35055469999986 0.2072163, -78.35484619999986 0.1996458, -78.35621949999987 0.1972654, -78.35864959999985 0.1928183, -78.35974399999986 0.190871, -78.36205069999987 0.1868102, -78.36501719999985 0.1815316, -78.36647629999986 0.1789513, -78.37110849999988 0.1706633, -78.37279019999988 0.1677398, -78.37681889999988 0.1631049, -78.37809029999988 0.1616941, -78.38395359999988 0.1549296, -78.3860858999999 0.15247, -78.38739749999988 0.1509841, -78.38925089999988 0.1488678, -78.39134569999987 0.1464672, -78.39285849999987 0.1447533, -78.39625149999988 0.1408722, -78.40002539999988 0.1365619, -78.40280949999986 0.1333781, -78.40799419999988 0.1274692, -78.40918239999988 0.126104, -78.41257809999988 0.1222416, -78.41454149999987 0.1200073, -78.41678649999986 0.1130121, -78.41743829999987 0.1109844, -78.42042889999986 0.1017388, -78.4229702999999 0.0938692, -78.4237816999999 0.0914633, -78.4276212999999 0.07951, -78.4282931999999 0.0772744, -78.42918369999991 0.0747075, -78.42985419999988 0.0725296, -78.43087079999988 0.0699574, -78.4320991999999 0.0667763, -78.43326869999989 0.0637615, -78.4342342999999 0.0612107, -78.4353795999999 0.0582844, -78.43701039999989 0.0540277, -78.4376942999999 0.0522789, -78.4400170999999 0.0462466, -78.4414681999999 0.042505, -78.4427502999999 0.0391629, -78.442187 0.0360569, -78.44074129999991 0.0280559, -78.43987229999993 0.0235444, -78.43868140000019 0.0189444, -78.43872160000018 0.0184938))","MULTIPOINT ((-78.44005399999946 -0.0527628), (-78.43872160000018 0.0184938), (-78.4386 0.0187), (-78.1608 0.3597))",AC,243-AL1/39-ST1A 20.0,0.7,308.3396847634115,0.0,138.0,8.396661730938833,3.117260667611042,0.0,0.00036270974861819495,0.0,False,0.0,inf,0.0,0,inf,1.0,-inf,inf,0,0.0004409085134918522,0.00016368728563385013,0.0,6.907444452684905,0.0004409085134918522,0.00016368728563385013,308.3396847634115
26,2.0,138.0,256,4,8.294594029031812,False,"MULTILINESTRING ((-78.44005399999946 -0.0527628, -78.4389 -0.0539), (-78.43872160000018 0.0184938, -78.43852039999993 0.0163212, -78.43795989999994 0.013234, -78.436718 0.0066519, -78.43607959999993 0.0031891, -78.43540639999992 -0.0002843, -78.43480289999992 -0.0035781, -78.43360659999993 -0.0099295, -78.43420209999984 -0.0123167, -78.43479079999993 -0.0170213, -78.43817709999993 -0.0279003, -78.43875549999959 -0.0301672, -78.43896839999994 -0.0310197, -78.43989909999995 -0.0344664, -78.44196439999995 -0.0419927, -78.44321969999945 -0.0485694, -78.44202339999997 -0.0510853, -78.44003850000013 -0.0519918, -78.44005399999946 -0.0527628), (-78.4386 0.0187, -78.16746110000025 0.3583974))","MULTIPOINT ((-78.44005399999946 -0.0527628), (-78.44005399999946 -0.0527628), (-78.4389 -0.0539), (-78.43872160000018 0.0184938), (-78.4386 0.0187), (-78.16746110000025 0.3583974))",AC,243-AL1/39-ST1A 20.0,0.7,308.3396847634115,0.0,138.0,1.3271350446450898,0.49269888532448963,0.0,5.7328118465455426e-05,0.0,False,0.0,inf,0.0,0,inf,1.0,-inf,inf,0,6.968783053166823e-05,2.5871607084881833e-05,0.0,1.0917566880561331,6.968783053166823e-05,2.5871607084881833e-05,308.3396847634115
27,2.0,230.0,12,1,42.932853058464524,False,"MULTILINESTRING ((-78.69010609999992 -1.652562599999987, -78.6894 -1.6514), (-78.60011480000026 -1.2985149999999999, -78.60234250000023 -1.3000257, -78.60336820000006 -1.3035128, -78.60391860000007 -1.3058907000000002, -78.60477020000006 -1.3094892999999999, -78.60518910000008 -1.3128040999999997, -78.60530499999989 -1.3157380999999997, -78.6053275999999 -1.3163107999999997, -78.60533389999986 -1.3164693, -78.60544190000009 -1.3192026, -78.6055425000001 -1.3217722000000003, -78.60570060000009 -1.3261756, -78.6059917000001 -1.3332785, -78.60613310000011 -1.3369681999999998, -78.6062202999999 -1.3389799999999998, -78.6062630000001 -1.3400779, -78.60636880000011 -1.3429840999999998, -78.6064638000001 -1.3475177000000003, -78.60655150000012 -1.3518537999999998, -78.60665930000012 -1.3562243, -78.60691870000011 -1.360257, -78.6071814000001 -1.3640333000000002, -78.60862710000012 -1.3660677, -78.6110790000002 -1.3695318999999997, -78.61160760000006 -1.3702787999999997, -78.61299720000008 -1.3722192, -78.61626430000008 -1.3767957999999998, -78.61884369999989 -1.3801923000000003, -78.62127879999989 -1.3834697999999999, -78.6231992999999 -1.3860623, -78.62543329999987 -1.3891877, -78.62821559999989 -1.3931215999999997, -78.63076559999989 -1.396725, -78.63344449999988 -1.4004963999999998, -78.6357363999999 -1.4037067, -78.63776239999987 -1.4067932, -78.64037609999987 -1.4107062, -78.64687770000005 -1.4195933000000003, -78.64949130000004 -1.4232883999999997, -78.65145440000009 -1.4260348, -78.65365199999998 -1.4295958999999998, -78.65552790000008 -1.4323456, -78.6572851000001 -1.4349479, -78.6603997000001 -1.4398698, -78.66051960000009 -1.4400850999999997, -78.6631447 -1.4447984, -78.6662775 -1.4501343, -78.6681792 -1.4534028999999997, -78.6696853 -1.4560038000000002, -78.67249490000002 -1.460849, -78.6740568 -1.4635341, -78.67662820000001 -1.4679545, -78.67906899999998 -1.4721441, -78.68039270000003 -1.4744271999999998, -78.683751 -1.4801798999999864, -78.68531159999992 -1.482872399999987, -78.68848159999992 -1.4883229999999998, -78.6911332999999 -1.492901599999987, -78.69314849999992 -1.496347499999987, -78.69507169999991 -1.5060467999999867, -78.69582299999999 -1.5098211999999869, -78.69654799999999 -1.5134772999999868, -78.69734029999991 -1.5171098999999868, -78.697881 -1.519646799999987, -78.6986455999999 -1.5240995999999871, -78.69920349999994 -1.526874099999987, -78.6996396999999 -1.5290794999999873, -78.70075149999992 -1.534639699999987, -78.70135449999992 -1.5376238999999858, -78.70196459999993 -1.540755799999987, -78.70259339999991 -1.5457826999999873, -78.70324469999991 -1.5510254999999868, -78.70364779999993 -1.554292799999987, -78.70422049999993 -1.5589848999999867, -78.70463739999994 -1.562415599999987, -78.70516089999994 -1.5666088999999865, -78.70545909999994 -1.5690800999999868, -78.70598829999994 -1.573368299999987, -78.70661429999994 -1.5784189999999998, -78.70726539999994 -1.584052399999987, -78.70759439999993 -1.586333399999987, -78.70824399999998 -1.591012599999987, -78.70862109999993 -1.594703499999987, -78.70759679999993 -1.5977355999999872, -78.70619229999993 -1.6018928999999873, -78.7049014999999 -1.6056590999999865, -78.7036902999999 -1.609226699999987, -78.701983 -1.6142429999999999, -78.7009251999999 -1.6173205999999871, -78.69919109999992 -1.622438199999987, -78.69754789999992 -1.627261699999987, -78.69605949999992 -1.631678399999987, -78.69469349999991 -1.635944599999987, -78.6934640999999 -1.6398492999999867, -78.6924298999999 -1.6430762999999868, -78.69081429999991 -1.648193199999987, -78.6899562999999 -1.6508866999999872, -78.69010609999992 -1.6525625999999867), (-78.5979 -1.2974, -78.60011480000026 -1.298515))","MULTIPOINT ((-78.69010609999992 -1.652562599999987), (-78.69010609999992 -1.6525625999999867), (-78.6894 -1.6514), (-78.60011480000026 -1.298515), (-78.60011480000026 -1.2985149999999999), (-78.5979 -1.2974))",AC,Al/St 240/40 2-bundle 220.0,0.7,1027.7989492113718,0.0,230.0,6.46139438529891,1.2879855917539356,0.0,0.0003371938394153056,0.0,False,0.0,inf,0.0,0,inf,1.0,-inf,inf,0,0.00012214356115876958,2.434755371935606e-05,0.0,17.837554105069668,0.00012214356115876958,2.434755371935606e-05,1027.7989492113718
28,2.0,230.0,1,197,126.2164685852379,False,"MULTILINESTRING ((-78.7830714 -2.595597, -78.7794 -2.5958), (-78.69129469999993 -1.6537142999999872, -78.69038049999992 -1.6568249999999998, -78.68925739999993 -1.6606357999999872, -78.68804779999994 -1.6647917999999868, -78.68749369999993 -1.667721199999987, -78.68644159999992 -1.673274399999987, -78.68553249999992 -1.6763567999999869, -78.68417459999993 -1.6810033999999867, -78.68241039999994 -1.6869933999999867, -78.68055010000016 -1.6932771999999998, -78.67930710000014 -1.6975303999999998, -78.67725130000017 -1.7043696, -78.67651740000015 -1.7068197999999997, -78.67510390000015 -1.7118287999999997, -78.67408830000016 -1.7152249, -78.67301590000017 -1.718994, -78.67245730000015 -1.7210688999999997, -78.66910460000015 -1.7322217999999996, -78.66659940000015 -1.7408599000000002, -78.66471110000016 -1.7481146, -78.66382060000015 -1.7518357999999998, -78.66256000000016 -1.7568330999999997, -78.66160510000017 -1.7604684, -78.66084340000018 -1.7633424, -78.65822280000016 -1.7729159999999997, -78.65672350000015 -1.7781787, -78.65529250000017 -1.7833152999999997, -78.65779230000017 -1.7881061000000003, -78.65877940000016 -1.7900496999999995, -78.66101640000018 -1.7944276, -78.66237890000016 -1.7970978000000002, -78.66373080000015 -1.799709, -78.66585240000016 -1.8032343, -78.66934739999999 -1.8080663999999995, -78.67072330000015 -1.8099687, -78.67202150000016 -1.8118238999999994, -78.67451060000016 -1.8152446000000002, -78.67701570000015 -1.8187351, -78.68139850000014 -1.8248366999999999, -78.68330450000015 -1.8309008000000002, -78.68538600000016 -1.8377648, -78.68613380000015 -1.8401899000000002, -78.68713510000016 -1.8432918000000005, -78.68867230000016 -1.8483702, -78.68982730000015 -1.8522694000000004, -78.69055850000015 -1.8546901999999998, -78.69238240000017 -1.8592164000000004, -78.69359300000016 -1.8621342000000003, -78.69538500000016 -1.8666677000000003, -78.69719390000014 -1.8711497000000004, -78.69857330000016 -1.8741492000000002, -78.70052590000014 -1.879057399999999, -78.70190940000015 -1.8823834000000002, -78.70336770000014 -1.8859835000000003, -78.70497140000015 -1.8899407000000004, -78.70635490000018 -1.8934867999999996, -78.70744340000014 -1.8960696, -78.70870220000015 -1.8991631000000004, -78.71037240000015 -1.9032405999999995, -78.71204250000017 -1.9072227, -78.71311440000015 -1.90993, -78.71551160000018 -1.9161585, -78.71705300000016 -1.9202236, -78.71814150000016 -1.9228726999999997, -78.72049720000014 -1.9289682, -78.72098740000015 -1.9341668999999992, -78.72124920000016 -1.9369239999999996, -78.72173940000016 -1.9416118000000002, -78.72206760000016 -1.9441405000000003, -78.72290690000015 -1.9496172999999994, -78.72343030000015 -1.9534995999999998, -78.72451050000015 -1.9607909, -78.72533160000016 -1.9670671000000002, -78.72574750000015 -1.9705167, -78.72648780000016 -1.9761714999999997, -78.72720460000016 -1.9820200000000001, -78.72793310000016 -1.9878215, -78.72855010000016 -1.9924485999999995, -78.72906710000017 -1.9967409999999999, -78.72954300000016 -2.0004696999999996, -78.73017170000017 -2.0051966, -78.73069910000015 -2.0095393, -78.73206810000015 -2.0134294, -78.73359280000014 -2.0177246999999996, -78.7349735000001 -2.021741, -78.73638950000006 -2.0257809, -78.73816690000004 -2.0307894999999996, -78.73957410000004 -2.0347765, -78.74148260000015 -2.0404252, -78.74314560000013 -2.0450812000000003, -78.74476160000015 -2.0497534, -78.74574060000013 -2.0525222999999997, -78.74714080000014 -2.0564894000000002, -78.74813590000015 -2.0593789999999994, -78.74927040000014 -2.0638446, -78.75030840000014 -2.0680381999999997, -78.75111040000014 -2.0712601, -78.75203310000015 -2.0750664, -78.75302020000014 -2.0790978, -78.75378190000015 -2.0825072999999996, -78.7551391 -2.0876966, -78.75612619999998 -2.0916019999999995, -78.75802519999999 -2.0992144, -78.7592241 -2.1042266999999995, -78.76050619999998 -2.1092927, -78.7616274 -2.1138735, -78.7624508 -2.1171784, -78.7633628 -2.1209308999999994, -78.76433379999999 -2.1247530999999995, -78.7688801 -2.1265784, -78.77378589999998 -2.1284895000000006, -78.77739070000001 -2.1299047999999994, -78.78117 -2.1314406, -78.78448790000002 -2.1327753999999994, -78.79094130000001 -2.1353377999999994, -78.79421360000002 -2.1366244, -78.8001332 -2.1389831, -78.80745290000002 -2.141894, -78.81047310000001 -2.1431242, -78.81405649999999 -2.1445072999999995, -78.81675749999998 -2.1456009, -78.82019339999998 -2.1469544, -78.8224304 -2.1477987000000005, -78.82466199999999 -2.1486429999999994, -78.8301981 -2.1507336999999995, -78.8343743 -2.1548614000000006, -78.83632960000001 -2.156823399999999, -78.8402134 -2.1606561999999996, -78.8456288 -2.1657193, -78.84827280000006 -2.1681025, -78.85490390000001 -2.1743203, -78.8576666 -2.1769255000000003, -78.86033 -2.1797103000000004, -78.86315970000001 -2.1827069, -78.86753980000003 -2.1873007999999996, -78.87318450000002 -2.1932925, -78.87411660000004 -2.1943042999999998, -78.87810770000003 -2.198876799999999, -78.88172870000001 -2.2030794, -78.88422050000001 -2.2060276999999995, -78.88652450000001 -2.2087159, -78.88929250000002 -2.2120179000000006, -78.891103 -2.2141755, -78.89315490000003 -2.2163679, -78.89571870000007 -2.2191205, -78.90219740000006 -2.2262059000000005, -78.90815730000007 -2.236513499999999, -78.910079 -2.2398835999999998, -78.91295490000007 -2.2445142999999996, -78.91429420000007 -2.2465483999999996, -78.91674870000007 -2.2504742, -78.91934740000006 -2.2548924999999995, -78.92347190000015 -2.261365099999999, -78.92929010000006 -2.2708894999999996, -78.92920910000014 -2.2750899999999996, -78.92925140000006 -2.2789672, -78.92927170000004 -2.2805969999999998, -78.92918590000005 -2.2860764000000002, -78.92900530000014 -2.2921512999999996, -78.92881010000005 -2.3043253, -78.929055 -2.3080798, -78.92962710000003 -2.3167668, -78.92982320000004 -2.3203392, -78.93271220000004 -2.3290188, -78.93608499999999 -2.3331725, -78.94055250000002 -2.3385897, -78.94861160000005 -2.3497988, -78.95252020000004 -2.3559794999999992, -78.95475980000005 -2.3593166999999995, -78.95704870000004 -2.3630769, -78.95971440000002 -2.3670176, -78.96343440000003 -2.3720416, -78.96572660000004 -2.3750539000000006, -78.96435120000001 -2.3790039, -78.96096720000001 -2.3892047, -78.96000770000002 -2.3920361, -78.95807580000003 -2.3944009, -78.95153090000001 -2.4028734, -78.950191 -2.4045947, -78.94827829999944 -2.4071200000000004, -78.9461717 -2.4097051000000005, -78.9450197 -2.4111875999999994, -78.9438928 -2.412595, -78.9377293 -2.4205025, -78.935064 -2.4239551, -78.9313816 -2.42873, -78.92990489999998 -2.4305787, -78.9282567 -2.4327825, -78.92608159999997 -2.4355004999999994, -78.92133299999999 -2.4414690999999995, -78.91938459999997 -2.4440401, -78.91739939999998 -2.4467152999999997, -78.91425619999997 -2.4505045, -78.91235679999998 -2.4531244999999995, -78.91054919999998 -2.4553711999999996, -78.90890719999997 -2.4574769999999995, -78.90102759999996 -2.4675407, -78.89697149999998 -2.4727195, -78.89520069999998 -2.4750884999999996, -78.89261509999996 -2.4783082999999997, -78.8862777 -2.4866030999999995, -78.88116 -2.4931201000000005, -78.8780165 -2.4971825, -78.8755059 -2.5004302, -78.8725233 -2.5041602999999997, -78.86978749999997 -2.507408, -78.86431579999999 -2.5138713, -78.8623846 -2.5165401999999997, -78.85932689999999 -2.5200451, -78.8566554 -2.5226175999999993, -78.85464909999999 -2.5258331, -78.85100599999998 -2.5300698, -78.8504648 -2.5306992, -78.84836199999998 -2.5337967999999997, -78.845315 -2.5380412999999997, -78.84174229999998 -2.5429931999999997, -78.83938729999996 -2.546224699999999, -78.83739709999998 -2.5490810999999995, -78.83488119999998 -2.5525431, -78.833583 -2.5544616999999996, -78.83198979999999 -2.5568410999999998, -78.82963249999986 -2.560256200000014, -78.8282722 -2.562227, -78.8208747 -2.5720501000000002, -78.81936189999999 -2.5740972, -78.81790279999998 -2.57608, -78.81662609999998 -2.5780629000000004, -78.81499529999999 -2.5802814999999995, -78.8114011 -2.5852278, -78.80775329999997 -2.5900776999999997, -78.80382659999998 -2.5922318999999994, -78.800801 -2.5938717999999996, -78.7971801 -2.5958224, -78.7859309 -2.5955759000000005, -78.7830714 -2.5955969999999997), (-78.6894 -1.6514, -78.69129469999993 -1.653714299999987))","MULTIPOINT ((-78.7830714 -2.595597), (-78.7830714 -2.5955969999999997), (-78.7794 -2.5958), (-78.69129469999993 -1.6537142999999872), (-78.69129469999993 -1.653714299999987), (-78.6894 -1.6514))",AC,Al/St 240/40 2-bundle 220.0,0.7,1027.7989492113718,0.0,230.0,18.995578522078304,3.786494057557137,0.0,0.000991301826173576,0.0,False,0.0,inf,0.0,0,inf,1.0,-inf,inf,0,0.00035908466015270894,7.157833757196856e-05,0.0,52.439866604582164,0.00035908466015270894,7.157833757196856e-05,1027.7989492113718
30,1.0,138.0,28,36,74.94704997853668,False,"MULTILINESTRING ((-78.1608 0.3597, -78.1666940000005 0.3588585, -78.16251710000053 0.3602987999999999, -78.15547360000049 0.3635221, -78.15244140000051 0.3648692, -78.1492335000005 0.366347, -78.1452034000005 0.3683721, -78.13944880000051 0.3713317999999999, -78.1366110000005 0.3728203999999999, -78.1347629000005 0.3737457, -78.13229800000052 0.3730751999999999, -78.1308389000005 0.3737001, -78.12848120000051 0.3747113, -78.12486560000052 0.3765271, -78.11794280000052 0.3800688999999999, -78.11340190000051 0.3822455, -78.10499850000038 0.3892472, -78.10179590000038 0.391511, -78.0992746000004 0.3925329, -78.08620960000039 0.3969396, -78.0840424000004 0.3975726, -78.0793324000004 0.3993133, -78.0746761000004 0.4061769, -78.0729112000004 0.4087893, -78.07165330000042 0.4108412, -78.06955040000041 0.4141134, -78.0672652000004 0.4174017, -78.0642960000004 0.4219613, -78.0623701000004 0.4249626, -78.0612275000004 0.4266121, -78.05868480000039 0.4311287999999999, -78.0571988000004 0.4335508, -78.05590060000043 0.4357475, -78.0544844000004 0.4381586999999999, -78.05357780000041 0.4397599, -78.0514401000004 0.4492010000000001, -78.05053350000041 0.4533207999999999, -78.04959740000041 0.45747, -78.04759650000041 0.4663102999999999, -78.04306360000042 0.4842187999999998, -78.0419451000004 0.4887650000000001, -78.04119410000042 0.4915999999999999, -78.04037330000043 0.4949633, -78.03948280000043 0.4984635, -78.03881230000043 0.5010356, -78.03733710000043 0.5070381999999998, -78.03642510000043 0.5105544, -78.03376440000042 0.5210709, -78.0319163000004 0.5283581999999999, -78.02987780000042 0.5362704, -78.02797080000042 0.5437078, -78.0276087000004 0.5450836999999998, -78.02658560000042 0.5492129999999998, -78.0260396000004 0.5513142000000001, -78.0257258000004 0.5527088999999998, -78.02501500000041 0.5554419, -78.02335470000041 0.5570217, -78.02091390000042 0.5594837999999999, -78.01848920000042 0.5618950000000001, -78.01618520000042 0.5641801, -78.01394820000041 0.5663902, -78.01182390000042 0.5685385000000001, -78.01031110000041 0.5700378, -78.0075726000004 0.5730498, -78.0050728000004 0.5753108000000001, -78.00310670000042 0.5772526000000001, -77.99984510000041 0.5805166999999999, -77.99786300000041 0.5824799, -77.99533640000041 0.5844378, -77.99284460000041 0.586385, -77.9905862000004 0.588115, -77.9829633000004 0.5941201, -77.97859670000041 0.5950909999999999, -77.97115090000041 0.5967968, -77.96851700000039 0.5973815000000001, -77.96311359999966 0.5985147, -77.9616720000004 0.5988164, -77.9591292000004 0.5994065, -77.9537326000004 0.6006482999999999, -77.9516807000004 0.601072, -77.9435241000004 0.6028904999999999, -77.94013379999993 0.6038747999999998, -77.93487939999991 0.6051916999999999, -77.92941839999993 0.6065997, -77.92446699999999 0.6078817999999999, -77.92201009999994 0.6084852, -77.91959879999992 0.6091449999999999, -77.91686300000002 0.6098181999999999, -77.913124 0.6108132999999999, -77.91064829999992 0.6114622999999999, -77.907427 0.6122937999999998, -77.90320519999993 0.6133585, -77.89916839999994 0.6144339999999999, -77.89618579999993 0.6152467, -77.89464889999994 0.6156436, -77.89269359999994 0.6161612999999999, -77.88909409999995 0.6168559, -77.88539529999994 0.6176175999999999, -77.87905189999995 0.6188728000000001, -77.877287 0.6194092, -77.87231419999995 0.6208441000000001, -77.86702479999995 0.6217829000000001, -77.86428629999995 0.6219812999999998, -77.85770149999993 0.6231078, -77.85115689999995 0.6243253999999999, -77.84656229999985 0.6252856, -77.84114419999985 0.6263288999999999, -77.83882949999987 0.6268224, -77.83416779999985 0.6276244, -77.83206759999986 0.6281848999999999, -77.82909299999984 0.6287455, -77.82694189999985 0.6291933999999999, -77.82318409999985 0.6299308999999998, -77.81908569999983 0.6308026, -77.81794039999983 0.6315588999999999, -77.81498459999985 0.6335168000000001, -77.81286029999984 0.6349570999999999, -77.81131799999984 0.6360003999999999, -77.80695139999985 0.6389908999999999, -77.80299779999984 0.6416219999999999, -77.80173989999983 0.6425017, -77.79852929999983 0.6447412, -77.79494049999984 0.6471093999999998, -77.79251309999982 0.6487534999999999, -77.78528989999985 0.6537153, -77.78290269999992 0.6552842, -77.78146239999992 0.6562015, -77.77444569999994 0.6610103999999999, -77.76912149999993 0.6645614, -77.76581709999992 0.6668679, -77.76463689999991 0.6675599, -77.75756659999995 0.6725001999999999, -77.75424329999991 0.6772393, -77.74938319999994 0.6839872999999999, -77.74611619999993 0.6890375, -77.74414479999992 0.6917034, -77.74299409999993 0.6933233999999998, -77.74069279999993 0.6966813000000001, -77.73956089999993 0.6981563999999999, -77.73614109999991 0.7032683, -77.7323163 0.7088013, -77.73202119999999 0.7117863, -77.7316162 0.7159381, -77.73127559999999 0.7191565, -77.7310583 0.7210365, -77.7308196 0.723622, -77.7303328000005 0.7291482000000001, -77.7279765000005 0.7346167999999998, -77.72816919999995 0.7407361000000001, -77.72798449999996 0.7450886, -77.7281777000005 0.7494227, -77.72790559999994 0.7522878999999998, -77.72717050000051 0.7572849, -77.72674940000051 0.7607995999999999, -77.72655090000052 0.7626462, -77.7242362000005 0.7686136, -77.7234047000005 0.7706988, -77.72243510000048 0.7719686999999997), (-77.72243510000048 0.7719687, -77.7216 0.7731))","MULTIPOINT ((-78.1608 0.3597), (-77.72243510000048 0.7719686999999997), (-77.72243510000048 0.7719687), (-77.7216 0.7731))",AC,243-AL1/39-ST1A 20.0,0.7,154.16984238170576,0.0,138.0,23.98305599313174,8.903709537450158,0.0,0.0002589984117828777,0.0,False,0.0,inf,0.0,0,inf,1.0,-inf,inf,0,0.0012593497160854725,0.00046753358209673167,0.0,4.932365753993123,0.0012593497160854725,0.00046753358209673167,154.16984238170576
31,2.0,230.0,32,53,15.30008132050289,False,"MULTILINESTRING ((-78.6335 -2.5883, -78.63843610000063 -2.593401, -78.63677200000063 -2.5931902, -78.63252590000062 -2.5925712, -78.62978860000061 -2.5921895, -78.62208009999979 -2.5832127999999877, -78.62007170000062 -2.5808249, -78.61212990000061 -2.5813242, -78.60824570000061 -2.5809939, -78.60413280000061 -2.5788408000000005, -78.60090720000062 -2.5770251, -78.59828580000061 -2.5756069, -78.5943872000006 -2.5734952, -78.59123490000061 -2.571772399999999, -78.5866343000006 -2.569271899999999, -78.5825207000006 -2.5672957, -78.56688559999952 -2.5709996999999993, -78.55148969999988 -2.5723060000000006, -78.54436039999953 -2.5748366999999996, -78.53932859999979 -2.5747831999999993, -78.53638619999953 -2.574898399999999, -78.52191029999979 -2.5746438999999994, -78.5115702999998 -2.5755575999999993, -78.51076309999978 -2.5754422999999615), (-78.51076309999978 -2.575442299999962, -78.5095 -2.5746))","MULTIPOINT ((-78.6335 -2.5883), (-78.51076309999978 -2.575442299999962), (-78.51076309999978 -2.5754422999999615), (-78.5095 -2.5746))",AC,Al/St 240/40 2-bundle 220.0,0.7,1027.7989492113718,0.0,230.0,2.3026622387356848,0.4590024396150867,0.0,0.00012016655768954576,0.0,False,0.0,inf,0.0,0,inf,1.0,-inf,inf,0,4.3528586743585725e-05,8.676794699718085e-06,0.0,6.356810901776971,4.3528586743585725e-05,8.676794699718085e-06,1027.7989492113718
32,1.0,230.0,53,32,13.596009160479209,False,"LINESTRING (-78.5095 -2.5746, -78.51037679999978 -2.575876399999962, -78.51135849999993 -2.5762876999999995, -78.51290609999954 -2.5762782999999994, -78.5218244999998 -2.5754852, -78.54075279999951 -2.5767016999999997, -78.54476719999953 -2.5757914, -78.5512525 -2.5749957999999995, -78.55493319999988 -2.5765194000000005, -78.557632 -2.5809889000000004, -78.56020419999993 -2.5842605, -78.5643964999999 -2.5883735, -78.57433920000061 -2.5846546, -78.58054890000062 -2.5857178, -78.58239720000063 -2.5854735, -78.5839846999999 -2.5860049000000003, -78.5858783000006 -2.5868619, -78.58916280000062 -2.5889706999999995, -78.5920875999999 -2.5932046, -78.59822950000063 -2.5966397, -78.60072239999992 -2.5965357999999994, -78.60468859999993 -2.5987429999999994, -78.60672709999992 -2.5996111999999996, -78.60836329999992 -2.5990967000000005, -78.61048489999992 -2.5992226999999994, -78.61201379999991 -2.5991476, -78.6149802999999 -2.594823, -78.61544139999994 -2.5933916000000004, -78.61701490000063 -2.5927522, -78.6335 -2.5883)","MULTIPOINT ((-78.5095 -2.5746), (-78.6335 -2.5883))",AC,Al/St 240/40 2-bundle 220.0,0.7,513.8994746056859,0.0,230.0,4.092398757304242,0.8157605496287526,0.0,5.339140312087627e-05,0.0,False,0.0,inf,0.0,0,inf,1.0,-inf,inf,0,7.736103510972102e-05,1.5420804340808176e-05,0.0,2.8244052250943548,7.736103510972102e-05,1.5420804340808176e-05,513.8994746056859
33,1.0,230.0,48,32,50.13449151610686,False,"MULTILINESTRING ((-78.9833 -2.8785, -78.98647349999965 -2.8207388), (-78.98647349999965 -2.820738799999999, -78.9851587000003 -2.8205675999999995, -78.98202990000028 -2.8195929, -78.9797177000003 -2.8184651, -78.97549330000028 -2.8163085999999997, -78.9700618000003 -2.8116176999999998, -78.96724820000011 -2.8112264999999996, -78.9592901000003 -2.8102701, -78.95573620000032 -2.8093593, -78.9519730000003 -2.8084644999999995, -78.94736230000031 -2.8073660999999994, -78.9402947000003 -2.8042317, -78.93374470000029 -2.8014027, -78.9289436000003 -2.7997149000000006, -78.92542450000028 -2.7980727, -78.92281200000028 -2.796802799999999, -78.9159617000003 -2.7941210999999995, -78.9122120000003 -2.7925699999999996, -78.9095432000003 -2.7915116999999996, -78.90419480000028 -2.7888622000000005, -78.89984700000026 -2.7860598999999997, -78.89416070000027 -2.7830888, -78.89063360000027 -2.7810849, -78.88301610000028 -2.7783175, -78.87974920000026 -2.77671, -78.87671020000028 -2.7752499, -78.87304900000028 -2.7732058, -78.86775970000028 -2.7705964, -78.86384900000026 -2.7687933999999994, -78.85703360000026 -2.7658624, -78.85281440000006 -2.765717799999999, -78.85063650000028 -2.763984399999999, -78.84370570000027 -2.766400999999999, -78.84257380000027 -2.7661572, -78.83882400000026 -2.7644827000000003, -78.83794419999978 -2.763490900000019, -78.83186370000026 -2.756635699999999, -78.82994320000027 -2.7542163999999993, -78.82764460000027 -2.7514489000000006, -78.82195560000025 -2.7472668, -78.82001100000025 -2.7457611999999996, -78.81532250000026 -2.7433097, -78.81337520000027 -2.7422406999999995, -78.80881550000025 -2.7391489999999994, -78.80572020000025 -2.7370752999999994, -78.80664290000026 -2.7287271000000004, -78.80778820000027 -2.7221094999999997, -78.80567460000032 -2.7153607, -78.80392310000029 -2.7128717, -78.8011202000003 -2.7083035999999994, -78.7985829000003 -2.7042097999999997, -78.79556270000029 -2.6996497, -78.79237890000029 -2.6946529, -78.78842530000028 -2.6884049, -78.78720760000027 -2.6864437, -78.7831226000003 -2.6800831000000005, -78.7811727000003 -2.6770663, -78.7771413000003 -2.6706199, -78.7759423000003 -2.6695159999999993, -78.77438660000013 -2.6686372, -78.76965520000012 -2.6677959, -78.7639636000001 -2.6667403, -78.75967740000009 -2.6659954000000003, -78.7560645000002 -2.6652854000000006, -78.74655600000023 -2.663581399999999, -78.74259710000022 -2.6628526, -78.73679550000021 -2.6625203999999996, -78.73190310000024 -2.6622336999999994, -78.72515200000022 -2.6618398, -78.72405770000027 -2.6587773999999995, -78.72192800000028 -2.6535473, -78.72102140000028 -2.6511627, -78.71882200000027 -2.6459379999999992, -78.71786180000022 -2.6430604, -78.71578310000022 -2.642125299999999, -78.70862420000022 -2.6389395, -78.70442529999987 -2.6371416999999995, -78.69814089999987 -2.6344623, -78.69605409999986 -2.6335298999999996, -78.69182429999988 -2.6316999, -78.69063069999986 -2.6287124, -78.68887109999987 -2.6243128, -78.68645719999988 -2.6185949999999996, -78.67446360000011 -2.6144579, -78.66942490000068 -2.6103215, -78.66533850000066 -2.6087611999999996, -78.66273590000065 -2.6075037999999995, -78.65402970000066 -2.6029457000000003, -78.64955120000064 -2.6005736, -78.64783140000063 -2.5995595, -78.64019070000062 -2.5943152, -78.63888890000062 -2.5942196000000006, -78.63874619999956 -2.5940499), (-78.63874619999957 -2.5940499, -78.6335 -2.5883))","MULTIPOINT ((-78.98647349999965 -2.8207388), (-78.98647349999965 -2.820738799999999), (-78.9833 -2.8785), (-78.63874619999957 -2.5940499), (-78.63874619999956 -2.5940499), (-78.6335 -2.5883))",AC,Al/St 240/40 2-bundle 220.0,0.7,513.8994746056859,0.0,230.0,15.090481946348165,3.008069490966412,0.0,0.00019687768779807645,0.0,False,0.0,inf,0.0,0,inf,1.0,-inf,inf,0,0.0002852643090046912,5.6863317409573005e-05,0.0,10.414829684518244,0.0002852643090046912,5.6863317409573005e-05,513.8994746056859
34,2.0,230.0,115,17,26.47434893383385,False,"MULTILINESTRING ((-79.86722449999986 -2.265936, -79.8999 -2.2394), (-79.69714299999998 -2.3047476, -79.70035229999996 -2.3060071999999994, -79.70362189999997 -2.3072775, -79.70707119999997 -2.3086496999999997, -79.71070829999998 -2.3100916, -79.71405569999997 -2.311378, -79.71758539999996 -2.3127501, -79.72109909999999 -2.314159799999999, -79.72460749999996 -2.3155267, -79.72760079999998 -2.3167219, -79.730503 -2.3179119, -79.73376449999995 -2.3192144, -79.73754639999996 -2.3207043999999994, -79.74142489999997 -2.3221892, -79.74527119999996 -2.3237114, -79.74833429999998 -2.3249173999999995, -79.75160659999997 -2.3261983999999996, -79.755131 -2.3275652, -79.7584570000003 -2.3289106000000004, -79.76218519999999 -2.3303470999999996, -79.764728 -2.3299183, -79.7681773 -2.3292322, -79.7716963 -2.3286319, -79.7753441 -2.3279565, -79.7791529 -2.3272383, -79.7825968 -2.3266379999999995, -79.78604620000002 -2.3259894, -79.7896135 -2.3253086999999995, -79.7924593 -2.3247834000000003, -79.79503690000001 -2.3248933, -79.7972015 -2.3250058000000005, -79.801029 -2.3251398, -79.8034939 -2.3255337999999997, -79.805409 -2.325834, -79.80731609999998 -2.326118, -79.80904880000001 -2.3263834, -79.8108003 -2.3266299, -79.81304260000002 -2.3269756, -79.8154861 -2.3272919, -79.81797779999998 -2.3276698000000002, -79.8251072 -2.3272194999999996, -79.8365897 -2.3264503999999997, -79.8480106 -2.3256946000000003, -79.85427620000002 -2.3252658, -79.8562718 -2.3244081999999997, -79.8598552 -2.3245261000000004, -79.86406620000001 -2.3245288, -79.8659331 -2.3214923999999995, -79.86674310000001 -2.3188015999999996, -79.8672313 -2.3161323, -79.86616909999998 -2.3136773999999996, -79.86391599999999 -2.3086122, -79.8628056 -2.3061357999999994, -79.86137329999998 -2.3029948, -79.8611856 -2.3012581999999995, -79.8608583 -2.2986049, -79.86064909999999 -2.2960964, -79.85846309999987 -2.2918805999999994, -79.85729899999988 -2.2896884000000006, -79.85586409999989 -2.2868769999999996, -79.85670089999988 -2.2844274, -79.85746259999988 -2.2819562999999996, -79.85823509999986 -2.2795549999999998, -79.85900489999987 -2.2771107000000006, -79.86052839999988 -2.274838, -79.86207599999986 -2.2725733, -79.86418429999988 -2.2707053, -79.86519809999986 -2.2693679, -79.86615299999985 -2.2680413, -79.86722449999988 -2.265936), (-79.6968 -2.3047, -79.697143 -2.3047476))","MULTIPOINT ((-79.8999 -2.2394), (-79.86722449999988 -2.265936), (-79.86722449999986 -2.265936), (-79.697143 -2.3047476), (-79.69714299999998 -2.3047476), (-79.6968 -2.3047))",AC,Al/St 240/40 2-bundle 220.0,0.7,1027.7989492113718,0.0,230.0,3.984389514541994,0.7942304680150154,0.0,0.000207929050297763,0.0,False,0.0,inf,0.0,0,inf,1.0,-inf,inf,0,7.531927248661614e-05,1.5013808469092918e-05,0.0,10.999446760751663,7.531927248661614e-05,1.5013808469092918e-05,1027.7989492113718
35,2.0,138.0,102,33,113.55424345045137,False,"MULTILINESTRING ((-79.779987 -3.131498499999989, -79.7786 -3.1322), (-79.52991129999975 -2.1794664, -79.52868279999937 -2.1799113, -79.52769849999937 -2.1848590999999997, -79.53292069999993 -2.1868478, -79.53410359999991 -2.1890242000000004, -79.5370727999999 -2.1943364999999995, -79.5390495999999 -2.1978610000000005, -79.57069699999984 -2.25437, -79.5737666999997 -2.259888400000014, -79.57476849999972 -2.261617100000014, -79.5757662999997 -2.2633993000000143, -79.57669969999971 -2.265122600000014, -79.57884549999972 -2.2689874000000154, -79.58305790000031 -2.276484900000009, -79.58398460000032 -2.2781265000000004, -79.58495560000031 -2.279882, -79.58687600000032 -2.2832829999999995, -79.5885980000003 -2.286349, -79.58958510000032 -2.288132599999999, -79.59053459999996 -2.2898652000000004, -79.59216399999998 -2.2927745, -79.59376929999996 -2.2956569, -79.59744389999996 -2.3022364000000004, -79.59906939999996 -2.3051657, -79.60114539999996 -2.3087193999999998, -79.60263129999996 -2.3115013000000006, -79.60442839999997 -2.3146797999999995, -79.60781869999997 -2.320816999999999, -79.60974719999999 -2.3247511999999997, -79.6099779 -2.3273669000000003, -79.61016829999998 -2.3293581999999997, -79.61178839999998 -2.3458534, -79.6121478 -2.3497071999999997, -79.61235699999999 -2.3530972999999995, -79.61365789999998 -2.3650712999999994, -79.61380269999998 -2.3667729999999993, -79.61423190000004 -2.3709429999999996, -79.61458330000002 -2.3746278999999997, -79.61483270000004 -2.3773346, -79.61708580000003 -2.3884052, -79.618746 -2.3943813, -79.6206075 -2.4009095000000005, -79.6215919 -2.4049694000000006, -79.6234909 -2.4113153, -79.62489640000001 -2.4162167, -79.6263126 -2.4213539, -79.62680069999999 -2.423061, -79.62722450000001 -2.4244973000000005, -79.6276858 -2.4261319999999995, -79.6281928 -2.42789, -79.6287051 -2.4297685, -79.62928710000001 -2.4318051, -79.6297592 -2.4334906999999997, -79.6304512 -2.4359937000000005, -79.6311861 -2.4384778000000003, -79.63167699999998 -2.440334899999999, -79.6321946 -2.4421357, -79.6331576 -2.4455523999999995, -79.634791 -2.4513863, -79.63378789999999 -2.4535756, -79.6330154 -2.4552557999999993, -79.63221879999999 -2.4569654999999995, -79.6318084 -2.4579195, -79.6310332 -2.4595540999999996, -79.6302688 -2.4611753999999997, -79.62949369999998 -2.4628877, -79.628756 -2.4644768, -79.62803449999997 -2.4660738999999996, -79.62743909999998 -2.4673440999999996, -79.62659419999997 -2.4691985, -79.62573589999997 -2.4710527999999994, -79.62486419999996 -2.4728937999999996, -79.62400319999996 -2.4747883, -79.62244209999994 -2.4781433, -79.62190569999994 -2.4793035999999997, -79.62104469999996 -2.4811955, -79.62022129999995 -2.4830097, -79.61953459999997 -2.4845987, -79.61832490000002 -2.4871498, -79.61706430000002 -2.4898160999999996, -79.61620599999999 -2.491715899999999, -79.61532620000004 -2.4936132000000004, -79.614476 -2.4954246, -79.61363110000002 -2.4972655, -79.61260380000002 -2.4994118999999997, -79.6133883 -2.501821, -79.6140254 -2.5038212999999994, -79.61466240000001 -2.5058485, -79.61530750000001 -2.5077616999999996, -79.61592970000001 -2.5097821999999996, -79.61652520000001 -2.511599, -79.61714750000002 -2.5134371999999994, -79.61775360000001 -2.5154148000000003, -79.61825790000002 -2.5171029, -79.6188963 -2.519037599999999, -79.61932540000002 -2.5204364, -79.61982430000002 -2.5219422999999996, -79.6204519 -2.5238663, -79.62110639999999 -2.5258492, -79.62168039999997 -2.5276659, -79.62232409999997 -2.5296380999999997, -79.6229518 -2.5316425, -79.6235848 -2.5336199999999995, -79.62416949999998 -2.5355332, -79.62480250000002 -2.5374357, -79.62541670000002 -2.5393891, -79.626047 -2.5413157999999996, -79.6267015 -2.5432771999999995, -79.6272594 -2.545244, -79.62790850000002 -2.5471089999999994, -79.6285093 -2.5490704000000006, -79.62905650000002 -2.5507049, -79.62982360000002 -2.5530521999999998, -79.62979940000012 -2.555354, -79.62975250000014 -2.5667379, -79.62974580000015 -2.5704665, -79.62973510000016 -2.5724760999999994, -79.62976190000016 -2.5744375, -79.62974850000016 -2.5762246999999996, -79.62969880000016 -2.5883159, -79.62969350000016 -2.5924422999999996, -79.62964250000017 -2.6026349, -79.62962240000016 -2.6047168999999997, -79.62962110000016 -2.606851, -79.62965730000016 -2.6109237999999997, -79.62964650000015 -2.6129387, -79.62961440000015 -2.6149027, -79.62961970000015 -2.6169041999999996, -79.6296251000002 -2.6230855999999996, -79.6296197000002 -2.6252452, -79.62948019999975 -2.6385322, -79.63042970000012 -2.640137199999987, -79.63147310000014 -2.641948399999987, -79.63248160000015 -2.6437060999999877, -79.63349280000014 -2.645517299999988, -79.63460590000015 -2.6472534999999877, -79.63544550000016 -2.648821, -79.63640570000015 -2.650519699999988, -79.63740890000015 -2.652298699999989, -79.63831279999982 -2.6541152999999995, -79.64029760000015 -2.6574564999999883, -79.64446839999982 -2.6649184, -79.64546619999982 -2.6666921, -79.64646399999981 -2.6684497, -79.6485587999998 -2.6721846, -79.65151729999981 -2.6773931999999996, -79.65228709999981 -2.6787676, -79.6532016999998 -2.6803618000000005, -79.65514899999978 -2.6838019999999996, -79.6580618999998 -2.6889515, -79.6589254999998 -2.6904814, -79.66005739999979 -2.6924747, -79.66108199999981 -2.6943046999999996, -79.66200469999981 -2.6959657999999997, -79.66294080000016 -2.6976455999999893, -79.66408879999979 -2.6996685000000005, -79.66533069999979 -2.7018708, -79.6662345999998 -2.7034864, -79.6671115999998 -2.7050403, -79.6681174999998 -2.7068086000000005, -79.6692412999998 -2.7087752, -79.6700486999998 -2.710581, -79.67080369999981 -2.7123022999999997, -79.6716069999998 -2.7141148, -79.67232849999982 -2.7157196999999997, -79.67823210000014 -2.7288074999999887, -79.67988700000016 -2.7326145999999887, -79.68244310000016 -2.738246099999989, -79.68416240000018 -2.7421415999999885, -79.68502610000019 -2.7440303999999998, -79.68657370000018 -2.7475078999999885, -79.68730870000016 -2.749185, -79.68813480000016 -2.7510283, -79.68892340000018 -2.7528151999999886, -79.68971460000019 -2.754570099999988, -79.69126220000018 -2.758079699999988, -79.69201330000016 -2.7597273, -79.69290910000016 -2.7617205999999994, -79.69369230000015 -2.7634003000000003, -79.69449430000014 -2.7652810999999997, -79.69537680000016 -2.767298399999989, -79.69688150000016 -2.770663399999989, -79.69773710000015 -2.772549399999989, -79.69856860000016 -2.774381899999989, -79.69942690000016 -2.776353699999989, -79.70019940000014 -2.778071, -79.70101480000014 -2.7798873999999993, -79.70170410000016 -2.781433199999999, -79.70239880000014 -2.7829923999999995, -79.70306400000015 -2.7844605, -79.70368890000016 -2.7858617000000003, -79.70459280000014 -2.7879433, -79.70548600000016 -2.7899096999999995, -79.70644360000016 -2.7920315, -79.70715840000014 -2.7936910999999998, -79.70784100000014 -2.7952329, -79.70864560000012 -2.7971109, -79.70947710000013 -2.7989487, -79.71017720000015 -2.8004971999999997, -79.71076190000015 -2.8017883999999995, -79.71160410000016 -2.803628899999987, -79.71125540000016 -2.8052255999999876, -79.70968900000018 -2.8131285999999878, -79.70927330000015 -2.815411099999988, -79.70923300000015 -2.817342599999987, -79.70919550000015 -2.819571499999987, -79.70913920000014 -2.821425399999987, -79.70912840000013 -2.823070199999988, -79.70907210000014 -2.825041899999988, -79.70905330000014 -2.827281499999987, -79.70903460000014 -2.829154099999986, -79.70897290000016 -2.831254399999987, -79.70894870000014 -2.8329474999999866, -79.70892730000014 -2.834683399999987, -79.70890040000015 -2.8368198999999863, -79.70885220000015 -2.838808999999999, -79.70880390000016 -2.840673499999987, -79.70879850000016 -2.842634499999987, -79.70873950000015 -2.8444346999999874, -79.70871810000017 -2.8462402999999883, -79.70868860000017 -2.848040499999988, -79.70865370000018 -2.849923799999988, -79.70860270000017 -2.8518284999999874, -79.70857050000018 -2.8537786999999883, -79.70854910000018 -2.8558280000000003, -79.70850620000019 -2.8578585999999886, -79.70847130000017 -2.8598168999999873, -79.70842840000019 -2.8619411999999875, -79.70839890000018 -2.863497599999989, -79.70838010000017 -2.8654022999999884, -79.70831570000018 -2.867478399999988, -79.70830770000019 -2.869498299999989, -79.70825140000018 -2.871619899999989, -79.70821380000018 -2.873559399999989, -79.70817630000018 -2.875640799999989, -79.70813870000019 -2.8777275999999885, -79.7081468000002 -2.879822499999988, -79.70808770000019 -2.8814833999999876, -79.70803410000019 -2.8832727999999883, -79.70800190000018 -2.8851211999999875, -79.70811190000019 -2.887167799999988, -79.70828890000017 -2.8911028999999875, -79.70842030000017 -2.8933557999999877, -79.70851690000019 -2.8953836999999876, -79.70859470000018 -2.8973846999999884, -79.70871270000018 -2.8995330999999878, -79.70881730000018 -2.9016894999999874, -79.70893800000017 -2.903757499999988, -79.70903720000017 -2.905804099999988, -79.70916329999939 -2.9079578, -79.70921700000018 -2.909862399999988, -79.70927169999995 -2.9107557, -79.70934030000018 -2.9118740999999884, -79.70984730000018 -2.9215871999999883, -79.71020940000014 -2.9293045999999876, -79.71036490000016 -2.9316269999999998, -79.71091750000014 -2.9336092999999894, -79.71149680000015 -2.935602199999988, -79.71205740000013 -2.937538899999987, -79.71265550000017 -2.9395210999999883, -79.71311690000014 -2.9411148999999885, -79.71357550000015 -2.9427328999999887, -79.71403960000015 -2.9443346999999895, -79.71513390000015 -2.9479990999999894, -79.71569450000017 -2.9499357999999876, -79.71627650000015 -2.951901899999989, -79.71681030000016 -2.9537822999999888, -79.71715090000016 -2.954840399999989, -79.71741920000017 -2.955772599999988, -79.71792340000016 -2.9575886999999885, -79.71848670000016 -2.9595145999999874, -79.71902580000014 -2.961295899999989, -79.71953270000016 -2.962996799999988, -79.72002360000016 -2.9646682999999876, -79.72053320000015 -2.9664710000000003, -79.72107770000017 -2.9683084999999876, -79.72157930000016 -2.969990699999988, -79.72208620000018 -2.9717612999999883, -79.72261190000017 -2.9735451999999882, -79.7229686 -2.9746595, -79.7237626 -2.9774908, -79.72493470000016 -2.9815085999999877, -79.72566690000016 -2.984021099999987, -79.72751230000016 -2.990335199999988, -79.72816410000017 -2.9925590999999874, -79.72869520000017 -2.994344299999988, -79.72913500000017 -2.995932699999987, -79.7297224 -2.9980379999999998, -79.73034470000002 -2.9999906999999992, -79.73090530000003 -3.0019139, -79.73149810000017 -3.004000399999989, -79.7320640000002 -3.005859299999989, -79.73250120000016 -3.007396799999989, -79.73308060000018 -3.009344099999989, -79.73448340000016 -3.0141814999999887, -79.73515120000016 -3.016426, -79.73576550000017 -3.0185446999999885, -79.73627780000018 -3.020288399999989, -79.73677130000017 -3.021975899999989, -79.73731580000018 -3.0238400999999886, -79.73781730000017 -3.025514099999989, -79.73834840000016 -3.027311399999989, -79.73894660000016 -3.029397899999989, -79.73947760000017 -3.0311977999999886, -79.74009720000018 -3.033305799999988, -79.74062560000016 -3.035132499999988, -79.74116740000015 -3.0369832999999895, -79.74230740000017 -3.0408642999999875, -79.74323270000018 -3.0440971999999875, -79.74415270000017 -3.0472362999999874, -79.74504860000017 -3.0492370999999885, -79.74588009999965 -3.0511011999999997, -79.74657480000016 -3.052627899999988, -79.74734460000018 -3.054398399999988, -79.74806880000017 -3.055992, -79.74888680000016 -3.0578454999999876, -79.74962180000017 -3.0595033999999885, -79.75048010000017 -3.061394299999988, -79.75124720000017 -3.0631191999999876, -79.75195530000018 -3.064683399999987, -79.75260970000016 -3.0661617999999877, -79.75335270000016 -3.067870599999988, -79.75438000000017 -3.070152599999988, -79.75581770000016 -3.073414799999988, -79.75762550000017 -3.0774376999999875, -79.75851060000018 -3.079368799999988, -79.75914900000018 -3.0808632999999874, -79.75981150000017 -3.082298899999989, -79.76478160000016 -3.093446, -79.76558090000017 -3.095211, -79.76645800000016 -3.097193, -79.76912140000017 -3.1032297999999874, -79.77008700000017 -3.1053964999999875, -79.77093990000016 -3.1072873999999886, -79.77167220000015 -3.108939899999988, -79.77253320000017 -3.110841399999988, -79.77324400000016 -3.1124349999999996, -79.77508400000015 -3.116591599999988, -79.77602270000017 -3.1187288999999874, -79.77660480000017 -3.120517899999988, -79.77716800000017 -3.122371299999988, -79.77775280000017 -3.124227299999987, -79.77828650000018 -3.125903799999988, -79.77892220000018 -3.1280088999999878, -79.77944790000018 -3.129693499999988, -79.779987 -3.1314984999999886), (-79.5516 -2.1628, -79.52991129999977 -2.1794664))","MULTIPOINT ((-79.779987 -3.131498499999989), (-79.779987 -3.1314984999999886), (-79.7786 -3.1322), (-79.5516 -2.1628), (-79.52991129999977 -2.1794664), (-79.52991129999975 -2.1794664))",AC,243-AL1/39-ST1A 20.0,0.7,308.3396847634115,0.0,138.0,18.16867895207222,6.745122060956811,0.0,0.0007848305894173468,0.0,False,0.0,inf,0.0,0,inf,1.0,-inf,inf,0,0.000954036911997071,0.0003541862035789126,0.0,14.946313744863952,0.000954036911997071,0.0003541862035789126,308.3396847634115
36,1.0,138.0,80,77,7.165097676698199,False,"MULTILINESTRING ((-80.43013340255203 -1.0723111519111974, -80.43102890000026 -1.0680098999999998, -80.43104739999987 -1.0678444, -80.43153580000026 -1.0634723999999998, -80.43230369999928 -1.0618462999999998, -80.43469550000026 -1.0567814000000002, -80.43758420000025 -1.0486932, -80.44439429999989 -1.0401933000000003, -80.44640059999989 -1.0376671, -80.44887359999989 -1.0346287, -80.45324029999989 -1.0293240999999997, -80.45407709999988 -1.0273128, -80.4569000999999 -1.0203991999999997, -80.45804410000005 -1.018011, -80.45731459999946 -1.0174318, -80.4609 -1.0148), (-80.43 -1.0722, -80.43013340255203 -1.0723111519111974), (-80.43013340255203 -1.0723111519111974, -80.43079020000026 -1.0728584, -80.43002840000025 -1.0728155, -80.43013340255203 -1.0723111519111974))","MULTIPOINT ((-80.4609 -1.0148), (-80.43 -1.0722))",AC,243-AL1/39-ST1A 20.0,0.7,154.16984238170576,0.0,138.0,2.292831256543424,0.8512136039917461,0.0,2.476080004570519e-05,0.0,False,0.0,inf,0.0,0,inf,1.0,-inf,inf,0,0.00012039651630662802,4.469720667883565e-05,0.0,0.4715446760704097,0.00012039651630662802,4.469720667883565e-05,154.16984238170576
40,2.0,138.0,80,56,91.48287295263945,False,"MULTILINESTRING ((-80.43 -1.0722, -80.4308160000002 -1.0732171), (-80.43081600000019 -1.0732170999999997, -80.43029930000021 -1.0733197, -80.4276095000002 -1.0728403, -80.41520160000022 -1.0678468999999997, -80.41289750000021 -1.0662888999999998, -80.40895470000018 -1.0636581, -80.4044110000002 -1.0606813, -80.40198090000017 -1.0591098, -80.39776990000018 -1.0562671999999997, -80.39472290000018 -1.0543202, -80.39140230000018 -1.0520996999999999, -80.38767940000017 -1.0496352, -80.38223450000018 -1.0460335999999995, -80.37898370000019 -1.0438882, -80.37626660000018 -1.042086, -80.37311770000018 -1.0400264, -80.36799060000017 -1.0366273000000001, -80.36270130000018 -1.0331516999999997, -80.35912330000018 -1.0343182999999998, -80.34866530000018 -1.0376758, -80.34701310000017 -1.0382337000000001, -80.34032370000018 -1.0404059, -80.32978790000017 -1.0438359, -80.32671680000017 -1.0448415, -80.32187270000017 -1.0464237999999997, -80.31810690000017 -1.0476467, -80.31430360000017 -1.0485611, -80.31041440000018 -1.0494783, -80.30610140000017 -1.0504786000000002, -80.30178570000018 -1.0515056999999999, -80.29759880000017 -1.0524631, -80.29109710000016 -1.0540185, -80.28662180000018 -1.0550589999999997, -80.28537460000018 -1.0553714999999997, -80.27780500000019 -1.0560023, -80.27385950000019 -1.0563697, -80.26814100000017 -1.0568363, -80.26183510000017 -1.0589495, -80.26016140000017 -1.0595127, -80.2557465000002 -1.0610038, -80.2532950000002 -1.0618257, -80.2483530000002 -1.0634924000000001, -80.24101180000021 -1.0659342000000003, -80.23872520000019 -1.0666931, -80.23385830000021 -1.0655761, -80.23162140000021 -1.0651202999999998, -80.2297760000002 -1.0646884999999997, -80.22691140000019 -1.0641870000000002, -80.22355330000019 -1.0635781999999998, -80.22119830000018 -1.0631572, -80.2171401000002 -1.0624572999999997, -80.2146323000002 -1.0620254999999998, -80.2104078000002 -1.0620523, -80.2071570000002 -1.062165, -80.2028601000002 -1.0625753, -80.19693380000018 -1.0624344999999997, -80.19222240000018 -1.0632202, -80.1822272000002 -1.0638731999999997, -80.17983740000018 -1.0638786, -80.1762995000002 -1.0639269, -80.1710612000002 -1.0639778000000002, -80.16689030000019 -1.0640824, -80.1628563000002 -1.0641347, -80.1566497000002 -1.0642312999999999, -80.1522186000002 -1.0642795, -80.14996960000019 -1.0642996, -80.1424514000002 -1.0644336999999997, -80.1368684000002 -1.0647998, -80.1326278000002 -1.0651055, -80.12689860000019 -1.0648427000000003, -80.1232964000002 -1.0646736999999997, -80.12091730000019 -1.0644726000000002, -80.11769860000018 -1.0640382, -80.1138496000002 -1.0636144999999997, -80.10230010000019 -1.0623245000000001, -80.0982660000002 -1.0617533000000001, -80.0957689000002 -1.0614074, -80.0902757000002 -1.0607771999999998, -80.0850535000002 -1.0601443, -80.08353800000017 -1.0599807, -80.0809872000002 -1.0599995, -80.0722379000002 -1.060281, -80.06150630000019 -1.0605786999999998, -80.05962340000022 -1.0606538000000003, -80.05647720000019 -1.0610747999999999, -80.0529876000002 -1.0613966000000001, -80.0512871000002 -1.0615388, -80.0457457000002 -1.0620912, -80.04077690000018 -1.0625437999999998, -80.03763200000019 -1.0627046999999998, -80.0350732000002 -1.0628333999999997, -80.0299206000002 -1.0630773999999998, -80.02450790000017 -1.0633188, -80.0195861000002 -1.0635575, -80.0162897000002 -1.0637988, -80.0125614000002 -1.0639891999999995, -80.0106007000002 -1.0640964999999998, -80.0036430000002 -1.0643754, -79.99855890000018 -1.0646395999999998, -79.99282700000019 -1.0668681, -79.99206059999993 -1.0669284999999997, -79.98968829999993 -1.0671152999999998, -79.98936360000019 -1.0671409, -79.98478240000017 -1.0659233999999995, -79.9817193000002 -1.0643412, -79.9770375000002 -1.0619169000000002, -79.97462090000019 -1.060682, -79.97092010000023 -1.0594604999999997, -79.96768530000023 -1.0584146, -79.96410190000022 -1.0572507000000002, -79.96128560000022 -1.0563388999999999, -79.95547590000022 -1.0548370999999999, -79.95253090000021 -1.0542738999999999, -79.94792820000022 -1.0526113, -79.94683390000021 -1.0522734, -79.9412227000002 -1.0502674, -79.9339700000002 -1.0478216, -79.92363810000012 -1.0455368, -79.91597240000013 -1.0438392, -79.9148619000001 -1.0435791, -79.9095511000001 -1.0436165999999998, -79.904117 -1.0436059000000002, -79.9007052000001 -1.043681, -79.8973471000001 -1.0436327, -79.8950619000001 -1.0435414999999997, -79.89054500000009 -1.0436435000000002, -79.8878199000001 -1.0436488, -79.885599 -1.0435146999999998, -79.8812002000001 -1.0433269999999997, -79.87924220000009 -1.0432573, -79.8768121000001 -1.04315, -79.8741567000001 -1.0430105999999997, -79.86993490000009 -1.042796, -79.8669469000001 -1.0425681, -79.8641253000001 -1.042442, -79.8612392000001 -1.0423346999999998, -79.8574036000001 -1.0421631, -79.8537719000001 -1.0419513000000002, -79.84770480000009 -1.0416536, -79.84170740000009 -1.0412942, -79.83698670000011 -1.0410904, -79.8334998000001 -1.0410046, -79.8290795000001 -1.0407096, -79.82629540000012 -1.0405809, -79.82388680000012 -1.0404468000000002, -79.81925190000013 -1.0402053999999998, -79.81543240000012 -1.0400231, -79.81162370000014 -1.0402322000000002, -79.80839430000015 -1.0405647999999996, -79.80527220000015 -1.0408544, -79.80128110000012 -1.0411922999999998, -79.79821800000013 -1.0415034, -79.79445220000014 -1.041793, -79.79124430000013 -1.0420612, -79.78768230000016 -1.0423776999999999, -79.78413110000015 -1.0427208999999997, -79.78135230000015 -1.0429246999999997, -79.77799420000015 -1.0432251000000001, -79.77494720000014 -1.0435575999999998, -79.77209870000011 -1.0437560999999997, -79.7690383000001 -1.044035, -79.76537170000013 -1.0443352999999997, -79.76263050000011 -1.0445981999999998, -79.75968000000012 -1.0448501999999997, -79.75672420000012 -1.0450916000000001, -79.75414929999994 -1.0452847, -79.75430219999996 -1.0430346999999995, -79.75439609999995 -1.0400552, -79.75442829999996 -1.0366172, -79.7545194999999 -1.0342251000000002, -79.75460529999994 -1.0320475, -79.75464819999992 -1.0297197, -79.7550102999999 -1.0187324, -79.75520069999992 -1.0124543999999998, -79.7552918999999 -1.009853, -79.75536699999974 -1.007005, -79.75546899999975 -1.0035723, -79.75562449999974 -0.9991634, -79.75571039999973 -0.9953016, -79.75585789999974 -0.9908069, -79.75599469999972 -0.9866018000000001, -79.75607509999973 -0.9828525999999999, -79.75617709999975 -0.9795862, -79.75629509999975 -0.9753167000000004, -79.75642919999974 -0.9710473, -79.75654189999976 -0.9678452, -79.75666699999977 -0.9633395999999996, -79.75677249999976 -0.9595421999999998, -79.75687179999974 -0.9560933999999998, -79.75532409999974 -0.9518346, -79.75363429999975 -0.9472755000000002, -79.75183729999975 -0.9423569999999999, -79.75069459999975 -0.9391227, -79.74808219999976 -0.9318066000000003, -79.74815459999985 -0.9286848999999998, -79.75051489999987 -0.9266010999999998, -79.75225299999988 -0.9266868999999999), (-79.75225299999988 -0.9266869, -79.7526 -0.927))","MULTIPOINT ((-80.4308160000002 -1.0732171), (-80.43081600000019 -1.0732170999999997), (-80.43 -1.0722), (-79.7526 -0.927), (-79.75225299999988 -0.9266869), (-79.75225299999988 -0.9266868999999999))",AC,243-AL1/39-ST1A 20.0,0.7,308.3396847634115,0.0,138.0,14.637259672422314,5.434082653386784,0.0,0.0006322842275140611,0.0,False,0.0,inf,0.0,0,inf,1.0,-inf,inf,0,0.0007686021672139421,0.000285343554578176,0.0,12.04122082877778,0.0007686021672139421,0.000285343554578176,308.3396847634115
41,2.0,230.0,22,78,113.68760365317644,False,"LINESTRING (-79.4906 -1.0513, -79.49303620000013 -1.0484438, -79.49336340000013 -1.0488513999999998, -79.49671620000015 -1.0493931, -79.49985440000013 -1.0500501999999998, -79.50507930000015 -1.0510530999999999, -79.51027750000013 -1.0521151, -79.51418810000015 -1.0528982000000002, -79.51808270000016 -1.0536705, -79.52190750000015 -1.0545179999999996, -79.52633850000018 -1.0553922, -79.53047990000017 -1.0562717999999998, -79.53485720000016 -1.0567653, -79.53841380000016 -1.0569369, -79.54339200000015 -1.0572641, -79.54767280000016 -1.0575001000000002, -79.55121870000018 -1.0577629, -79.55540560000016 -1.0581061999999999, -79.56013970000019 -1.0584146, -79.56398610000059 -1.058672, -79.56837680000058 -1.0590072000000113, -79.57625939999932 -1.0595654, -79.58068509999934 -1.0598788, -79.58901640000056 -1.060468800000011, -79.59516940000057 -1.0608818000000113, -79.59932690000058 -1.0611929000000109, -79.60371490000057 -1.061487900000011, -79.60821570000054 -1.0622441000000107, -79.61560250000055 -1.0633168000000108, -79.62009790000054 -1.0647006000000108, -79.62384230000055 -1.0658698000000109, -79.62805870000057 -1.0672000000000001, -79.63098230000057 -1.068149300000011, -79.63691000000058 -1.0700265000000113, -79.64476880000053 -1.069629600000012, -79.64834420000055 -1.0683907000000117, -79.65198930000055 -1.067253600000012, -79.65611460000055 -1.066551, -79.65985360000055 -1.066180900000012, -79.66401100000056 -1.0651726000000117, -79.66756760000054 -1.064330500000012, -79.67196640000054 -1.0632632000000117, -79.67642960000056 -1.0622441000000118, -79.68385400000055 -1.0604312000000118, -79.68901460000055 -1.0589992000000112, -79.69274820000055 -1.058098100000011, -79.69664280000056 -1.0571273000000108, -79.70042470000057 -1.056226300000011, -79.70472690000057 -1.055802500000011, -79.70792410000055 -1.0554378000000106, -79.71135200000056 -1.055089200000011, -79.71573470000016 -1.0536142, -79.71902620000031 -1.0525642, -79.72290230000031 -1.0517767, -79.72599760000031 -1.0512858, -79.72797600000031 -1.0509233999999998, -79.73330860000016 -1.0499992, -79.73797020000015 -1.0490766999999999, -79.74244950000013 -1.0482346, -79.74555280000011 -1.047591, -79.75093600000014 -1.0469259, -79.75566750000014 -1.0463145, -79.75949770000015 -1.0457780999999997, -79.76337080000016 -1.0452418, -79.76697570000016 -1.0448984999999997, -79.77109550000016 -1.0444694, -79.77553730000015 -1.0440511, -79.77990390000015 -1.0436756, -79.78362680000015 -1.0433109, -79.78776810000014 -1.0429461999999998, -79.79231720000014 -1.0425867999999998, -79.79711830000012 -1.0421631, -79.80026720000014 -1.0418842, -79.80596960000013 -1.04138, -79.81109800000014 -1.0409402000000003, -79.81556650000013 -1.0406881, -79.81958990000012 -1.0410207000000002, -79.82417110000013 -1.0413908, -79.82888640000012 -1.0431928999999995, -79.83363390000011 -1.0450701, -79.83928260000012 -1.0472424, -79.84217410000014 -1.0483954999999998, -79.84622960000013 -1.0499134000000003, -79.85019920000015 -1.0513562, -79.85480190000013 -1.0532655999999998, -79.85865360000014 -1.0547888, -79.86387850000014 -1.0535713, -79.86716150000015 -1.0527400000000002, -79.86998320000012 -1.0520213, -79.87284780000013 -1.0513025999999999, -79.87642050000014 -1.0504550999999998, -79.88045460000012 -1.0494574999999997, -79.88271830000012 -1.0488782000000003, -79.88508940000013 -1.0485672000000001, -79.88902690000013 -1.0479128, -79.89301800000013 -1.0473336, -79.89705210000012 -1.0467649999999997, -79.9005497000001 -1.046293, -79.90719880000009 -1.0451586, -79.91493170000011 -1.0440833, -79.91664290000011 -1.0451399000000001, -79.92152990000012 -1.0481165999999997, -79.92623450000013 -1.0510128999999997, -79.92810130000012 -1.05215, -79.93181350000013 -1.054349, -79.93505900000012 -1.0564086, -79.94067550000022 -1.0598519999999998, -79.94325580000024 -1.0614664, -79.94667290000025 -1.0635045, -79.94911370000024 -1.0650491999999998, -79.95205340000022 -1.0667602, -79.95767000000023 -1.0702732999999998, -79.96271250000024 -1.0732661000000001, -79.96847390000023 -1.0766611999999998, -79.97396310000018 -1.0798557000000002, -79.98383360000017 -1.0772705, -79.98632270000017 -1.0766055, -79.98741499999998 -1.0763201, -79.99129639999994 -1.075306, -79.99212269999994 -1.0750901000000002, -79.99603230000018 -1.0740685999999995, -79.99930990000018 -1.0730924, -80.0036122000002 -1.0717642999999997, -80.00576060000019 -1.0711796, -80.00795200000019 -1.0706352999999997, -80.01186260000021 -1.0698093, -80.01560160000021 -1.0701713000000002, -80.01927360000019 -1.0705387, -80.0247560000002 -1.0710616999999998, -80.02792370000019 -1.0712789, -80.03403380000019 -1.0719734, -80.03588450000021 -1.0721612000000003, -80.0411792000002 -1.0727471, -80.04458560000019 -1.0731172, -80.0481744000002 -1.0735409, -80.0513716000002 -1.0738359, -80.05571410000022 -1.0743158999999998, -80.05934040000021 -1.0747316, -80.0620039000002 -1.0750293, -80.06756940000021 -1.0763835999999998, -80.07070760000022 -1.0764184000000003, -80.0750099000002 -1.0764880999999997, -80.0791673000002 -1.0769332999999999, -80.08427420000018 -1.0776011, -80.08744460000017 -1.0778156, -80.09380140000019 -1.0785235999999998, -80.09615640000018 -1.0782125, -80.1010702000002 -1.0774186999999997, -80.10284050000021 -1.0772846, -80.1044176000002 -1.0768180000000003, -80.1151250000002 -1.0754879, -80.1208327000002 -1.0753404, -80.12229590000021 -1.0755013, -80.13171580000021 -1.076515, -80.13760060000023 -1.0771264, -80.14176340000019 -1.0775823, -80.14693470000017 -1.0781294000000001, -80.1544073000002 -1.0789661000000002, -80.15805510000018 -1.0793201, -80.16251290000018 -1.0797920000000003, -80.16779150000018 -1.080374, -80.17192210000019 -1.0807977, -80.17547880000018 -1.0811945999999997, -80.1806017000002 -1.0817175, -80.18368760000017 -1.0803767, -80.18953220000019 -1.0778263000000001, -80.19644020000021 -1.0744754999999997, -80.20337909999988 -1.0675205, -80.2048945000002 -1.0654969999999997, -80.20373579999986 -1.0617386, -80.20528879999986 -1.0592096999999998, -80.20770149999986 -1.0551831, -80.21285939999987 -1.0556712, -80.21863949999988 -1.0565964000000003, -80.22199090000018 -1.0570522, -80.22569639999988 -1.0575510999999997, -80.23007379999986 -1.0581383999999998, -80.23314219999986 -1.0585701, -80.23601219999989 -1.0589456, -80.24130419999989 -1.0596776999999997, -80.24455769999989 -1.0582832000000002, -80.2479855999999 -1.0567975, -80.25287789999989 -1.0546896, -80.25517659999988 -1.0537188, -80.25881899999989 -1.05215, -80.26315619999988 -1.0503559, -80.2669594999999 -1.0486798, -80.27059929999987 -1.0472343999999998, -80.27569549999987 -1.0453169, -80.27989309999987 -1.0446705999999997, -80.28607029999988 -1.0435924999999997, -80.28957319999986 -1.0431231999999995, -80.29820729999989 -1.0407605999999996, -80.30283140000006 -1.0389826000000002, -80.30590520000007 -1.0376605, -80.30934650000007 -1.0361961999999998, -80.31233450000008 -1.0348956, -80.31475650000007 -1.0338389, -80.31860810000006 -1.0321762, -80.32321350000005 -1.0301943999999998, -80.32603790000005 -1.0289581, -80.33138350000006 -1.0266357, -80.33496690000005 -1.0250615000000003, -80.34074170000004 -1.0225835, -80.34368410000005 -1.021315, -80.34600150000003 -1.0203335, -80.34912099999998 -1.0217897000000002, -80.35323280000006 -1.0237715, -80.35751090000005 -1.0258311000000002, -80.36005360000006 -1.0246833, -80.36224499999999 -1.0237339999999997, -80.36548780000004 -1.0222617, -80.36877620000003 -1.0207115999999996, -80.37379460000002 -1.0184026000000002, -80.37795740000003 -1.0165066, -80.38151670000003 -1.0148010000000003, -80.38505720000005 -1.0132160000000001, -80.38934870000004 -1.0113093, -80.39474530000003 -1.0100916999999998, -80.39696350000004 -1.0095876, -80.40000510000004 -1.0088662000000002, -80.40274370000003 -1.0082895999999997, -80.40940230000004 -1.0067716999999998, -80.41621780000003 -1.0052349999999999, -80.4222634 -1.0038888, -80.42843790000002 -1.0024995999999997, -80.43320150000002 -1.0014215, -80.43733480000002 -1.0004775, -80.44131249999998 -0.9995951999999997, -80.44354680000001 -1.0006222999999999, -80.447267 -1.0023789, -80.4502899 -1.003811, -80.45172750000002 -1.0063586999999998, -80.45418440000005 -1.0092469999999998, -80.45581520000003 -1.0111081, -80.45678880000004 -1.0147607, -80.45712680000005 -1.0156189, -80.4599 -1.0138)","MULTIPOINT ((-79.4906 -1.0513), (-80.4599 -1.0138))",AC,Al/St 240/40 2-bundle 220.0,0.7,1027.7989492113718,0.0,230.0,17.109984349803053,3.410628109595293,0.0,0.0008929003511026182,0.0,False,0.0,inf,0.0,0,inf,1.0,-inf,inf,0,0.00032344015784126754,6.447312116437227e-05,0.0,47.2344285733285,0.00032344015784126754,6.447312116437227e-05,1027.7989492113718
45,2.0,230.0,32,25,175.2446726009033,False,"MULTILINESTRING ((-79.95206929999982 -2.0522056, -79.9549 -2.0332), (-78.6335 -2.5883, -78.62981820000023 -2.573773, -78.63340440000022 -2.5723984, -78.64194450000022 -2.5709783, -78.65050080000022 -2.5751797, -78.65441140000021 -2.5774572999999994, -78.6573297000002 -2.5783843999999996, -78.6657679000002 -2.5818087999999997, -78.66807460000021 -2.5827947999999994, -78.67324590000023 -2.5867175999999996, -78.67702780000023 -2.5897667999999996, -78.68067030000022 -2.5926553, -78.68160370000021 -2.5932341, -78.68468290000023 -2.5931966, -78.69581940000022 -2.5929660999999995, -78.69885030000022 -2.5928321999999997, -78.7040806000002 -2.5928696999999996, -78.7085384000002 -2.5928268000000005, -78.7143749000002 -2.5931215, -78.7178350000002 -2.5933091, -78.72465850000019 -2.5936412999999994, -78.7274587000002 -2.5937378, -78.7297279000002 -2.593866399999999, -78.73789250000019 -2.5942255, -78.74417420000019 -2.5945094999999996, -78.74706570000019 -2.5946435000000005, -78.7540662 -2.5949757, -78.75653389999998 -2.5950829, -78.7586582 -2.5952437, -78.7706959 -2.5958706999999994, -78.77276660000001 -2.5959725, -78.77646269999993 -2.5960502, -78.7848956 -2.5964494, -78.79673479999998 -2.5967922999999997, -78.8012838 -2.5943219, -78.80412699999998 -2.5927464000000002, -78.80763529999999 -2.5906457, -78.81293 -2.5857100999999996, -78.8179886 -2.5785343999999997, -78.81963019999999 -2.57608, -78.8207889 -2.5743544, -78.829506 -2.5620019, -78.8322097 -2.5581915999999993, -78.8352889 -2.5538345999999996, -78.83757949999999 -2.5504315999999996, -78.84060499999998 -2.5468302999999994, -78.84100329999983 -2.5463281000000135, -78.84261129999996 -2.5443007999999994, -78.84631279999998 -2.5390703000000006, -78.8478041 -2.5363907000000006, -78.8514262 -2.5306562000000006, -78.85160209999998 -2.5303777, -78.855046 -2.5265404999999994, -78.85895129999999 -2.5220495, -78.8601208 -2.5204845999999996, -78.86266349999998 -2.517687099999999, -78.86495949999998 -2.5145573, -78.87038829999999 -2.5079974999999997, -78.8730383 -2.5043638999999995, -78.87619259999998 -2.5002694, -78.878907 -2.4968179999999998, -78.88194319999998 -2.492916399999999, -78.89292139999998 -2.4789387999999994, -78.89518849999997 -2.4760618, -78.89772509999996 -2.4728173999999994, -78.90165259999998 -2.4678162000000006, -78.90965469999998 -2.4576973000000004, -78.91201359999997 -2.4546917000000006, -78.91442159999998 -2.4516369999999994, -78.91706239999998 -2.4482579000000007, -78.91937239999999 -2.4452277, -78.92143109999999 -2.4426016000000006, -78.92640019999999 -2.4364555000000006, -78.9288572 -2.4334375, -78.93102009999998 -2.4306399, -78.9325457 -2.4286137, -78.93688379999999 -2.4230307, -78.94051719999999 -2.4185740999999994, -78.9447756 -2.413057899999999, -78.94685589999999 -2.4104959, -78.9503225 -2.4091797, -78.95503680000002 -2.4074783, -78.95766620000002 -2.4064586999999995, -78.9641335 -2.4039942, -78.967389 -2.402836999999999, -78.97413170000003 -2.4002599, -78.97937820000004 -2.3984334000000005, -78.98478560000004 -2.3963719000000006, -78.98696060000003 -2.3956497, -78.992993 -2.3934958000000006, -78.99739410000002 -2.3919235, -79.00539040000001 -2.3891113, -79.01545920000002 -2.3865739, -79.02303330000002 -2.3828539999999996, -79.02758160000002 -2.381147499999999, -79.03097840000002 -2.3771145000000002, -79.03928170000002 -2.3675782999999995, -79.04690690000005 -2.3584511999999997, -79.05640749999992 -2.3452853, -79.06032619999995 -2.3415976, -79.06938139999994 -2.3329145, -79.07503009999992 -2.3275705999999996, -79.07729389999992 -2.325298, -79.08468609999991 -2.3182548999999995, -79.08578039999992 -2.3172043, -79.09005049999993 -2.31312, -79.09937379999994 -2.3060018, -79.10295729999993 -2.3006203, -79.10858989999993 -2.2904682, -79.10936239999991 -2.2887637, -79.11238789999993 -2.2822994, -79.11517739999994 -2.276296, -79.116894 -2.2728010999999997, -79.12001069999991 -2.2665083000000004, -79.12193659999994 -2.2626328000000004, -79.12356729999993 -2.259422, -79.12531609999992 -2.2558575, -79.12763889999992 -2.251194, -79.1295861999999 -2.2479350000000005, -79.13474139999992 -2.2447670000000004, -79.13983229999992 -2.2415936999999997, -79.15408819999998 -2.2316235000000004, -79.155094 -2.2300958, -79.17191679999998 -2.2289057999999997, -79.17593479999998 -2.2286913999999998, -79.17992589999993 -2.2285145000000006, -79.18676819999992 -2.2282117, -79.19233379999993 -2.2279410000000004, -79.19631419999993 -2.2277801, -79.20047159999993 -2.2275388999999994, -79.20476849999993 -2.2273405999999993, -79.2090171999999 -2.2271583, -79.21323359999992 -2.2269493, -79.21730519999993 -2.2268045999999995, -79.22153239999992 -2.2265954999999997, -79.22560389999991 -2.2264132999999995, -79.2300402999999 -2.2261719999999996, -79.23413600000002 -2.2260059, -79.2383282999999 -2.2257861, -79.2425500999999 -2.2256253, -79.2467236999999 -2.2254323000000005, -79.250983 -2.2251589, -79.2552798999999 -2.2250035000000006, -79.2637931999999 -2.2245532, -79.27365299999998 -2.2241404999999994, -79.27696289999993 -2.2239421, -79.28017069999984 -2.221223, -79.28337869999984 -2.2185212999999995, -79.28970329999983 -2.2131582000000005, -79.29928419999985 -2.2049648, -79.30655839999993 -2.2047867000000005, -79.30998619999993 -2.2046981999999997, -79.31318339999991 -2.2045909999999997, -79.3288528999999 -2.2032616, -79.33319809999992 -2.2029560999999993, -79.33669569999992 -2.2026452, -79.34034349999992 -2.2022324000000006, -79.34733869999992 -2.2016160000000005, -79.35132979999992 -2.2012086, -79.35808359999992 -2.2005921000000006, -79.36131299999998 -2.2002651, -79.3642097999999 -2.1999918, -79.37084559999992 -2.1994021000000004, -79.3741124999999 -2.1990644, -79.3771487999999 -2.1987589, -79.38313009999992 -2.1981853, -79.38876269999992 -2.1976813999999996, -79.39187939999991 -2.1973919, -79.3951731999999 -2.1970381, -79.3979733999999 -2.1968075999999996, -79.4002747999999 -2.1966038999999995, -79.40381529999989 -2.1970059999999996, -79.4078117999999 -2.1975367, -79.41621239999989 -2.1986088, -79.42056469999953 -2.1991932999999766, -79.42442299999954 -2.199679199999976, -79.42772279999953 -2.200098099999976, -79.43050369999953 -2.2004627999999755, -79.43349069999954 -2.200842599999977, -79.43676719999954 -2.1985732999999765, -79.44022159999953 -2.1962027999999756, -79.44362029999951 -2.193829599999976, -79.44712769999951 -2.1914002999999753, -79.45055769999951 -2.189024199999975, -79.45401579999951 -2.1866688999999746, -79.45751739999952 -2.184289899999975, -79.46089119999958 -2.182016199999978, -79.46410889999959 -2.179752799999978, -79.46728019999959 -2.177469699999978, -79.47075469999957 -2.175091699999978, -79.47422059999958 -2.172697399999978, -79.47657289999957 -2.1710283999999787, -79.47901859999975 -2.169337399999957, -79.48301759999977 -2.1695285999999565, -79.48727479999975 -2.1697359999999994, -79.49138639999977 -2.169952399999957, -79.49574390000038 -2.1701657, -79.49999690000037 -2.1703843000000003, -79.50431230000038 -2.1705945000000004, -79.51737300000036 -2.171236, -79.52170290000038 -2.1714361, -79.52602090000036 -2.1716628000000004, -79.52858930000038 -2.1717923, -79.5363673999997 -2.1721728, -79.54387320000038 -2.1725399, -79.54831500000037 -2.1727606, -79.55265070000036 -2.1729755000000006, -79.55698480000036 -2.1731834, -79.56501740000036 -2.1736232999999996, -79.56727830000037 -2.1737278, -79.57022490000037 -2.1732288, -79.57461830000017 -2.172481599999985, -79.57860950000018 -2.1718061999999847, -79.58678190000036 -2.1704083, -79.59096640000038 -2.1697054, -79.59526500000037 -2.1690038999999994, -79.5994565000004 -2.1682757, -79.60322630000039 -2.1676450999999997, -79.60626870000038 -2.167066999999999, -79.60852710000037 -2.166728, -79.60990190000037 -2.1665216, -79.61419650000036 -2.165791099999999, -79.61854780000039 -2.165086, -79.62259980000036 -2.1644025, -79.62614050000035 -2.1638364, -79.62864390000036 -2.1634076999999996, -79.63108070000035 -2.1602275, -79.63361750000034 -2.1569182999999996, -79.63611680000035 -2.1536049000000004, -79.64106540000036 -2.147057199999999, -79.64381460000035 -2.1434982, -79.64625140000035 -2.1402971999999996, -79.64872160000033 -2.1370419999999997, -79.65134170000033 -2.1335828999999995, -79.65374100000034 -2.1303943999999997, -79.65612780000033 -2.1272723999999994, -79.65883120000035 -2.1237674999999996, -79.66113890000035 -2.1206662999999994, -79.66382980000036 -2.1171529999999996, -79.66649160000036 -2.1136396999999993, -79.66919030000035 -2.1101200999999996, -79.67167420000034 -2.1068629999999997, -79.67430150000035 -2.1033632, -79.67696710000034 -2.099887, -79.67962100000035 -2.096396, -79.68204830000039 -2.0931471, -79.68472140000037 -2.0896777, -79.68737470000038 -2.0861874, -79.69000870000038 -2.0826997999999994, -79.6926178000004 -2.0792563, -79.69492330000038 -2.0762075000000006, -79.69842970000039 -2.0753466, -79.70268720000038 -2.0742898000000003, -79.70686240000036 -2.073297, -79.71074380000039 -2.072328, -79.71436350000036 -2.0714340999999994, -79.71857670000037 -2.0703828, -79.72283140000036 -2.0693343000000004, -79.72709440000037 -2.0682941, -79.73133250000036 -2.0672621, -79.73541330000036 -2.0662716, -79.73970670000034 -2.0651926999999994, -79.74376530000033 -2.064193899999999, -79.74810010000034 -2.0631316, -79.75241280000034 -2.0620748000000004, -79.75664810000033 -2.0610015, -79.76088070000034 -2.0599696, -79.76506920000034 -2.0589680000000006, -79.76921900000033 -2.0579387999999996, -79.77268120000035 -2.0572931000000003, -79.77579750000035 -2.0563314, -79.77999890000035 -2.0552935, -79.78420810000037 -2.0542672, -79.78842900000036 -2.0532136, -79.79195880000036 -2.0523512999999993, -79.79510210000036 -2.0515786, -79.79812030000036 -2.0508254999999997, -79.80244670000037 -2.0497601999999997, -79.80852230000036 -2.0482306, -79.81111890000034 -2.0476179999999995, -79.81447690000034 -2.0466190000000006, -79.81862750000033 -2.0453819999999996, -79.82295390000031 -2.0441294, -79.8271045000003 -2.0429080999999996, -79.8312473000003 -2.0416711000000003, -79.83547600000031 -2.0404614, -79.83908780000031 -2.0394156, -79.84226230000031 -2.0384790999999995, -79.84646760000031 -2.0372303999999994, -79.8505792000003 -2.0360286, -79.8548079000003 -2.0347916000000006, -79.85896240000032 -2.0336325999999993, -79.86293220000032 -2.0324036, -79.86595860000033 -2.0315394, -79.86945790000033 -2.0318095000000005, -79.87377060000033 -2.0321983000000006, -79.87817780000032 -2.0325629, -79.88268850000033 -2.0329166, -79.88662520000004 -2.0332476, -79.89053720000032 -2.0335765, -79.89314730000002 -2.0337945, -79.89820080000031 -2.0342164999999994, -79.90187450000013 -2.0345152, -79.90550920000031 -2.0348492999999994, -79.9074737000003 -2.0349977999999997, -79.91289150000031 -2.0354677, -79.91635070000031 -2.0357553999999998, -79.9207656000003 -2.0360942, -79.9247486000003 -2.0364506, -79.9262213000003 -2.036545199999999, -79.9292164000003 -2.0383604999999996, -79.9327863000003 -2.04052, -79.93644230000032 -2.0427572, -79.93814550000037 -2.0438818, -79.93994010000033 -2.0450418999999993, -79.94255700000033 -2.0455118, -79.94444570000033 -2.0455137, -79.94766200000032 -2.0454595, -79.9472173999995 -2.0478032999999995, -79.94680560000036 -2.0491522000000004, -79.9510660999998 -2.0516322, -79.95206929999982 -2.0522056000000006))","MULTIPOINT ((-79.9549 -2.0332), (-79.95206929999982 -2.0522056000000006), (-79.95206929999982 -2.0522056), (-78.6335 -2.5883))",AC,Al/St 240/40 2-bundle 220.0,0.7,1027.7989492113718,0.0,230.0,26.374323226435944,5.257340178027099,0.0,0.001376368440059366,0.0,False,0.0,inf,0.0,0,inf,1.0,-inf,inf,0,0.0004985694371727021,9.938261206100376e-05,0.0,72.80989047914045,0.0004985694371727021,9.938261206100376e-05,1027.7989492113718
46,1.0,138.0,3,145,60.11198063250673,False,"MULTILINESTRING ((-80.8885 -2.2294, -80.84558579999943 -2.2433412, -80.84520890000033 -2.2432531, -80.84277610000034 -2.2432076, -80.84132240000035 -2.2431753999999997, -80.83954940000034 -2.2431405, -80.83773890000035 -2.2431057000000005, -80.83588820000034 -2.2430627999999997, -80.83402670000032 -2.243024, -80.83171470000033 -2.2429757, -80.83004370000033 -2.2429328, -80.82793810000034 -2.2429381999999998, -80.82568780000034 -2.2429301999999995, -80.82298950000035 -2.2429087, -80.82047890000034 -2.242898, -80.81815080000034 -2.2428765999999998, -80.81644490000035 -2.2428711999999993, -80.81429110000033 -2.2428551000000003, -80.81184220000033 -2.2428444, -80.80933430000033 -2.2428604999999995, -80.80474310000035 -2.242786099999999, -80.80275760000035 -2.2429207999999994, -80.80148080000035 -2.2429261, -80.79916070000034 -2.2429610000000006, -80.79705250000035 -2.2430091999999995, -80.79500330000035 -2.2430173000000004, -80.79257050000035 -2.2430414000000005, -80.79042480000035 -2.2430708999999993, -80.78834870000034 -2.2431002999999996, -80.78614130000034 -2.2431325000000006, -80.78405180000034 -2.243151299999999, -80.78186850000034 -2.2431834, -80.77972810000036 -2.2432076, -80.77749650000034 -2.2432370000000006, -80.77538560000033 -2.2432718999999994, -80.77334980000035 -2.2432905999999995, -80.77217770000034 -2.243304, -80.77008560000034 -2.2433522999999997, -80.76804170000034 -2.2433684, -80.72582380000034 -2.2427893999999995, -80.71455040000035 -2.2424879, -80.71241810000035 -2.2424449999999996, -80.71059950000036 -2.2423807, -80.70602910000035 -2.2422548, -80.70433660000033 -2.242228, -80.70252070000033 -2.2421824, -80.69683980000035 -2.2420028, -80.69601900000035 -2.2420082, -80.69339580000035 -2.2419491999999996, -80.69161750000035 -2.2418876, -80.68924380000033 -2.2418393000000005, -80.68689150000034 -2.2417696, -80.68478060000034 -2.241716, -80.68216810000034 -2.2416356, -80.68100140000034 -2.2416141999999994, -80.67845860000034 -2.2415525999999995, -80.67677420000032 -2.2414881999999996, -80.66354820000032 -2.2411559, -80.66100820000032 -2.2410648, -80.64648940000033 -2.2406841999999996, -80.64492560000032 -2.2406547000000003, -80.63393400000032 -2.2403518, -80.63136440000034 -2.2402875, -80.62880830000032 -2.2402286, -80.61671420000033 -2.2398935, -80.61524970000033 -2.2398587, -80.61272300000032 -2.2397971, -80.60941050000031 -2.239700599999999, -80.6080024000003 -2.2396522999999995, -80.60643060000031 -2.2399819999999995, -80.60461740000032 -2.2403330999999995, -80.60191370000031 -2.2408503999999994, -80.59963650000032 -2.2412577000000002, -80.59633740000032 -2.2419250999999996, -80.59204590000033 -2.242764, -80.58831279999964 -2.2434765, -80.58346550000032 -2.2444016, -80.58104620000032 -2.2448732999999996, -80.57999470000033 -2.2450393999999996, -80.57809300000032 -2.2454147000000004, -80.5754698000003 -2.2459318999999995, -80.57387120000033 -2.2462455, -80.57131780000033 -2.2467010999999997, -80.56997130000032 -2.2469958999999995, -80.56830300000033 -2.2472827, -80.56497440000031 -2.2478911, -80.56277230000032 -2.2483441, -80.56015180000031 -2.2488291999999994, -80.55896890000031 -2.2490945, -80.55537740000031 -2.2497565, -80.55179400000031 -2.2504721, -80.55013370000032 -2.2507601999999998, -80.54649130000031 -2.2514623999999994, -80.54353810000033 -2.2511420999999996, -80.54107860000032 -2.2508741, -80.53913130000032 -2.2506785000000002, -80.53772040000032 -2.2505311, -80.53496850000032 -2.2502255000000004, -80.5330239000003 -2.2500138, -80.53077890000031 -2.2497753, -80.52894420000031 -2.2495769, -80.52667780000031 -2.2493302999999996, -80.52401970000031 -2.249032899999999, -80.52138850000031 -2.2487460999999995, -80.5192856000003 -2.2485236, -80.51788550000032 -2.2483708999999994, -80.51649080000031 -2.2482074, -80.51464270000031 -2.2480171, -80.51060330000031 -2.2475828999999994, -80.5083583000003 -2.2473444, -80.5066846000003 -2.2471701999999993, -80.5044718000003 -2.2469128999999994, -80.50312260000031 -2.2467735, -80.5001668000003 -2.2464518999999994, -80.4955507000003 -2.2459855, -80.4941748000003 -2.2458354000000003, -80.4915811000003 -2.2455567, -80.48912690000029 -2.245294, -80.4857768000003 -2.2449269, -80.48244280000031 -2.2445543, -80.48003680000029 -2.2443185, -80.47679940000029 -2.243954, -80.4756675000003 -2.243836, -80.4736049000003 -2.2436109, -80.47219810000031 -2.2434602, -80.46920740000031 -2.2431359, -80.4659190000003 -2.2427687, -80.4648837000003 -2.2426668, -80.46126810000031 -2.2422916, -80.4597070000003 -2.2421039999999994, -80.45580710000033 -2.2416805, -80.45047490000032 -2.2411177, -80.4476854000003 -2.2408068000000005, -80.44521780000031 -2.2405441, -80.4423800000003 -2.2402278999999994, -80.44129640000031 -2.2401099999999996, -80.43778800000031 -2.2397346999999996, -80.43466590000031 -2.239397, -80.4313936000003 -2.2390324999999995, -80.42856120000029 -2.2387431, -80.42705380000031 -2.2385662, -80.42579320000031 -2.2384321999999996, -80.42268720000031 -2.2380945, -80.4213300000003 -2.2379444, -80.41818650000032 -2.2376228, -80.41653960000032 -2.2374244, -80.4141041000003 -2.2371671, -80.41228020000031 -2.2369581, -80.4106173000003 -2.2367704999999996, -80.4092332000003 -2.2366365, -80.4068461000003 -2.2363685, -80.4034933000003 -2.2360093, -80.40091840000031 -2.2357198999999994, -80.3979465000003 -2.2354196999999996, -80.3951302000003 -2.2351088, -80.39359600000029 -2.2346049, -80.39158430000029 -2.2339831, -80.3897121000003 -2.2333667, -80.38767360000031 -2.2327181000000005, -80.3855547000003 -2.2320427000000005, -80.38295300000031 -2.2312225, -80.38096280000032 -2.2305793, -80.37893500000031 -2.2299307, -80.37592560000033 -2.2289497, -80.37494920000033 -2.2286548999999996, -80.37316830000032 -2.2280759999999997, -80.36909670000031 -2.2267948999999994, -80.36445110000032 -2.2253208, -80.36268620000033 -2.2247593, -80.35985110000031 -2.2238506999999994, -80.35645540000033 -2.2226888000000002, -80.35275930000033 -2.2215590999999995, -80.34904710000033 -2.2203878999999995, -80.34771680000033 -2.2199643999999994, -80.34522230000033 -2.2191549999999998, -80.34299610000032 -2.2184474000000005, -80.34049090000032 -2.2176112, -80.33832900000031 -2.2169250999999996, -80.33528740000031 -2.2159763, -80.33236380000031 -2.2150435999999996, -80.33094220000031 -2.2145610999999996, -80.32615180000032 -2.2130388, -80.3233891000003 -2.2121208, -80.3198540000003 -2.2110379999999994, -80.31893400000031 -2.2107458, -80.31719860000032 -2.2101400999999994, -80.31585750000032 -2.2097274000000002, -80.31370100000031 -2.2090653, -80.3118395000003 -2.2084677), (-80.31183950000032 -2.2084677, -80.3203 -2.2068))","MULTIPOINT ((-80.8885 -2.2294), (-80.3203 -2.2068), (-80.31183950000032 -2.2084677), (-80.3118395000003 -2.2084677))",AC,243-AL1/39-ST1A 20.0,0.7,154.16984238170576,0.0,138.0,19.235833802402155,7.1413032991418,0.0,0.00020773209242259656,0.0,False,0.0,inf,0.0,0,inf,1.0,-inf,inf,0,0.0010100731885319342,0.0003749896712424806,0.0,3.956049968095929,0.0010100731885319342,0.0003749896712424806,154.16984238170576
47,1.0,138.0,58,145,48.43713682142709,False,"MULTILINESTRING ((-80.3437 -2.6328, -80.33316049999993 -2.632806399999989), (-80.33316049999993 -2.6328063999999887, -80.33316580000027 -2.6323576, -80.33276610000027 -2.6277156, -80.33263600000026 -2.625765, -80.33253280000028 -2.6240348, -80.33241610000027 -2.6219181, -80.33230610000028 -2.6197638000000003, -80.33215590000027 -2.6176779, -80.3320057000003 -2.6158772999999997, -80.33192530000028 -2.6136748999999995, -80.33182870000027 -2.6116867, -80.33173210000027 -2.6098646999999997, -80.3315980000003 -2.6076997, -80.33150150000027 -2.6057383999999995, -80.3314264000003 -2.6040182000000005, -80.33132040000028 -2.6023, -80.33112200000026 -2.5989212, -80.33101330000028 -2.5970851, -80.33088460000027 -2.5945885, -80.33081750000028 -2.5931323, -80.33060020000028 -2.5898003000000003, -80.33046350000028 -2.5870739999999994, -80.33034280000027 -2.5859137999999997, -80.33026770000028 -2.5834486000000005, -80.33010140000027 -2.581176399999999, -80.32998330000028 -2.5788827999999997, -80.32986000000028 -2.5764712000000003, -80.32975800000027 -2.5747992000000006, -80.32964000000027 -2.573004, -80.32953270000027 -2.571224799999999, -80.32942010000028 -2.5691132999999997, -80.32930740000029 -2.5671948000000007, -80.3291948000003 -2.5651959, -80.3290875000003 -2.5632612999999997, -80.3290070000003 -2.5615677999999997, -80.3288836000003 -2.5598958, -80.3274191000003 -2.5572002000000005, -80.32529480000028 -2.5533415999999995, -80.32384640000028 -2.5507371, -80.3227414000003 -2.5487809999999995, -80.3215505000003 -2.5466426999999996, -80.3206493000003 -2.5449975, -80.31964070000029 -2.5431539000000005, -80.31873950000029 -2.5415247999999995, -80.31798310000029 -2.5401528, -80.31691030000027 -2.5382182, -80.3154297000003 -2.5355438999999995, -80.31444260000028 -2.5337324999999997, -80.31379350000029 -2.5325642, -80.31303710000029 -2.5312084, -80.31168260000028 -2.5287793, -80.31064730000027 -2.5268808000000003, -80.3095261000003 -2.5248149, -80.30868390000029 -2.5233196, -80.3074501000003 -2.5210795, -80.30602850000028 -2.5185337999999997, -80.30526140000029 -2.5171135999999996, -80.30392970000025 -2.5147516, -80.3028528000003 -2.5127459, -80.30172630000027 -2.5107467999999997, -80.29622770000027 -2.5006391999999997, -80.29446820000028 -2.4974986999999995, -80.29179540000028 -2.4926343999999996, -80.29202880000003 -2.4891594999999995, -80.29226750000004 -2.4862735, -80.29253040000003 -2.4821440999999997, -80.29279590000003 -2.4788426999999893, -80.29290320000001 -2.477390299999989, -80.29305610000003 -2.4748633999999994, -80.29317950000001 -2.473151, -80.2933404 -2.471219, -80.293445 -2.4695708999999995, -80.29366760000002 -2.4664945999999994, -80.293842 -2.4636648, -80.29400290000001 -2.4614273, -80.2942684 -2.4577934999999997, -80.29453130000002 -2.4538676999999884, -80.294719 -2.451241499999988, -80.29497120000003 -2.4485751999999885, -80.29519110000004 -2.4445018999999886, -80.29553980000003 -2.4397211999999886, -80.29568999999998 -2.437601499999989, -80.29584290000004 -2.435648, -80.29633640000004 -2.4283482, -80.29645710000005 -2.4266519000000004, -80.29670390000003 -2.4233048, -80.29691850000003 -2.4201426, -80.29703920000003 -2.4186473, -80.29723760000002 -2.4158951, -80.29735570000004 -2.4139521999999998, -80.29755680000004 -2.4115029, -80.29766140000004 -2.4098386999999994, -80.29776870000003 -2.4083032000000006, -80.297935 -2.406036, -80.29808520000003 -2.4042860999999998, -80.2982381 -2.4019840999999995, -80.29840710000002 -2.3991809000000006, -80.29858680000002 -2.3967932, -80.29879330000001 -2.3940436, -80.29907230000002 -2.3900721, -80.29928680000005 -2.3866204, -80.29941560000005 -2.3851679000000003, -80.29952020000006 -2.3833724, -80.299724 -2.3804110999999994, -80.29982599999998 -2.3789693, -80.29996010000005 -2.3770317, -80.30013440000006 -2.3747994, -80.30030070000005 -2.3725884999999995, -80.30044560000005 -2.3707258999999996, -80.30061720000005 -2.3679735999999996, -80.30109730000007 -2.3612417, -80.30135750000005 -2.3575273000000005, -80.30174640000004 -2.3522879999999997, -80.30193420000005 -2.3495893, -80.30219970000006 -2.344674199999999, -80.302594 -2.3398100999999993, -80.3030124 -2.3339971999999998, -80.30332360000001 -2.3298566, -80.3034389 -2.3281896999999994, -80.303506 -2.326879199999989, -80.30363740000001 -2.325316699999989, -80.3037339 -2.3238480999999993, -80.3039968 -2.3200076000000003, -80.30448230000002 -2.3129217, -80.30461370000002 -2.3110323, -80.30470220000001 -2.3101075999999994, -80.30489270000002 -2.3072132, -80.30555520000003 -2.2998163, -80.30582610000002 -2.2939631, -80.30599770000002 -2.2919369, -80.30635710000001 -2.2840897, -80.30678360000002 -2.2790457999999996, -80.30700620000002 -2.2767248, -80.30717250000004 -2.2748245999999996, -80.30735760000003 -2.2724769, -80.30744880000003 -2.2710859, -80.30757760000002 -2.2698717999999998, -80.30769830000001 -2.2678375999999996, -80.30783240000002 -2.2657176000000003, -80.308004 -2.2633725, -80.30815690000003 -2.2613732, -80.30834730000001 -2.2585295999999997, -80.30849760000001 -2.2560155999999996, -80.30867190000002 -2.2539866999999894, -80.30889180000001 -2.250824199999989, -80.30908499999998 -2.2479804999999886, -80.30924050000003 -2.2461204999999884, -80.30940410000001 -2.243531499999988, -80.30959190000002 -2.2407682999999885, -80.30973140000003 -2.238739399999989, -80.30992450000002 -2.2363834999999894, -80.31007199999999 -2.2342527999999895, -80.31020340000003 -2.232162199999989, -80.31026510000004 -2.229337299999989, -80.31054680000004 -2.226308699999989, -80.31090080000004 -2.2223957, -80.31122799999999 -2.2175766999999995, -80.31153920000004 -2.2135268999999997, -80.31169470000005 -2.2112111999999886, -80.3118395000003 -2.2084677), (-80.31183950000032 -2.2084677, -80.3203 -2.2068))","MULTIPOINT ((-80.3437 -2.6328), (-80.33316049999993 -2.632806399999989), (-80.33316049999993 -2.6328063999999887), (-80.3203 -2.2068), (-80.31183950000032 -2.2084677), (-80.3118395000003 -2.2084677))",AC,243-AL1/39-ST1A 20.0,0.7,154.16984238170576,0.0,138.0,15.499883782856669,5.754331854385538,0.0,0.0001673867285190309,0.0,False,0.0,inf,0.0,0,inf,1.0,-inf,inf,0,0.0008138985393224464,0.0003021598327234582,0.0,3.1877128579164244,0.0008138985393224464,0.0003021598327234582,154.16984238170576
50,2.0,230.0,103,264,102.3785983276744,False,"MULTILINESTRING ((-79.73081410000037 -3.0369324, -79.73081410000036 -3.0369323999999662), (-79.73081410000036 -3.0369323999999662, -79.73081410000036 -3.0369324000000004), (-79.73081410000036 -3.0369323999999662, -79.7308 -3.0369), (-79.5506 -2.1618, -79.5306246999994 -2.1815945, -79.530555 -2.181943, -79.53145519999939 -2.1839767999999995, -79.53226089999993 -2.1857972000000006, -79.53275439999992 -2.186939, -79.53397219999991 -2.1890777999999993, -79.5369842999999 -2.194441, -79.538945 -2.1979386999999995, -79.54287709999987 -2.2050252, -79.54790760000036 -2.2139885, -79.57054669999984 -2.254404799999985, -79.5736540999997 -2.259948600000014, -79.57463979999972 -2.261694800000013, -79.57562949999969 -2.2634797000000138, -79.5765709999997 -2.2651923000000145, -79.57871409999971 -2.269057, -79.58285810000031 -2.2765292, -79.58477850000033 -2.2799624, -79.58670710000031 -2.2834758999999996, -79.5883781000003 -2.2863140999999993, -79.59011879999996 -2.289482, -79.59190789999994 -2.2926766, -79.59370489999996 -2.2958658999999995, -79.59545909999994 -2.2990498000000006, -79.59699329999997 -2.3019121, -79.59890839999996 -2.3052245999999994, -79.60089329999995 -2.3087891, -79.60247579999995 -2.3116192, -79.60407439999997 -2.314519, -79.60764969999997 -2.3208813000000004, -79.60956479999999 -2.3248101999999995, -79.60993229999998 -2.328329, -79.6110038 -2.3391012, -79.61161669999998 -2.3462608, -79.6119815 -2.3498250999999994, -79.61222829999998 -2.3530732, -79.61352909999998 -2.3650981, -79.61363909999997 -2.3667837999999994, -79.61409510000003 -2.3709859, -79.61439550000003 -2.374668099999999, -79.61472270000003 -2.3782002, -79.61446520000001 -2.3846158, -79.61810770000001 -2.395196, -79.61941930000002 -2.3988619999999994, -79.62147120000002 -2.4051087999999994, -79.6230403 -2.4101415, -79.62368399999998 -2.4138504000000003, -79.6246469 -2.4158817, -79.6262187 -2.4214637999999997, -79.62670679999998 -2.4230931, -79.6270984 -2.4245456, -79.6275464 -2.4261722, -79.62802110000001 -2.4279435999999994, -79.6285495 -2.4298007, -79.6291503 -2.4318427, -79.62961970000002 -2.4335576999999997, -79.63031710000001 -2.4360338999999995, -79.63105199999998 -2.4385474999999994, -79.6315214 -2.4403723999999993, -79.63205520000001 -2.4421704999999996, -79.63251649999998 -2.4438935999999996, -79.6329993 -2.4455925999999995, -79.63464079999999 -2.451364799999999, -79.6336618 -2.4535086, -79.6329054 -2.4551726999999994, -79.63208739999999 -2.4569091999999992, -79.63166360000001 -2.4578686, -79.6308965 -2.4594977999999994, -79.6301481 -2.4611539, -79.6293515 -2.4628314000000002, -79.6286193 -2.4644259, -79.62788429999999 -2.4660391, -79.62731839999998 -2.4673066, -79.626452 -2.4691608999999994, -79.62559369999997 -2.4709885, -79.62474879999995 -2.4728563, -79.62389049999996 -2.4747401000000004, -79.62233479999996 -2.4780603, -79.62176619999995 -2.4792499999999995, -79.62089719999994 -2.4811392, -79.62007639999995 -2.4829695, -79.61934149999995 -2.4845183, -79.61812909999995 -2.4871069, -79.61695429999995 -2.4897866, -79.61608530000004 -2.4916623999999996, -79.61519750000002 -2.4935487999999992, -79.61446519999994 -2.4952156, -79.61349429999996 -2.4972361, -79.61240530000002 -2.499401199999999, -79.61327430000001 -2.5018719000000003, -79.61388049999994 -2.5038507999999995, -79.61455780000003 -2.5058739, -79.61516260000003 -2.5078207, -79.615801 -2.509809, -79.61638570000002 -2.5116204, -79.61698650000001 -2.5134961, -79.61761950000002 -2.5154469, -79.61812380000002 -2.5171457999999998, -79.61874070000002 -2.5191125999999997, -79.61918060000002 -2.5205006999999995, -79.61968480000002 -2.5219905, -79.62031249999998 -2.5239198999999997, -79.62097229999999 -2.5258974, -79.62151950000002 -2.5277035, -79.62215249999997 -2.5297024, -79.6228176 -2.5316961, -79.6234345 -2.5336682, -79.62404070000001 -2.5355761, -79.6246362 -2.5374732, -79.6252692 -2.5394106, -79.625929 -2.5413639999999997, -79.6265245 -2.5433308000000006, -79.627136 -2.5452279, -79.62772070000001 -2.5471249999999994, -79.62836440000002 -2.5491078999999996, -79.62892770000002 -2.5507585, -79.62961440000002 -2.553062899999999, -79.62964120000011 -2.5553565999999854, -79.62964250000012 -2.5667567, -79.62960900000014 -2.5704771999999996, -79.62959560000014 -2.5724734000000002, -79.62961970000015 -2.5744455, -79.62961440000015 -2.5762408, -79.62953250000017 -2.5883105999999994, -79.62957410000017 -2.5924624, -79.62953520000018 -2.602639, -79.62950570000017 -2.6046807, -79.62947760000019 -2.6068335999999994, -79.62949370000015 -2.6109599, -79.62940780000017 -2.6129119, -79.62934350000016 -2.6148919999999998, -79.62930590000015 -2.6168935, -79.62948830000019 -2.6230989999999994, -79.62940650000021 -2.6252639999999996, -79.62934079999975 -2.6385643999999995, -79.63030640000012 -2.6401719999999997, -79.63137120000013 -2.642010099999987, -79.63233950000016 -2.6437489999999997, -79.63340430000015 -2.645560199999988, -79.63448260000015 -2.6473151999999875, -79.63725190000014 -2.6523804999999885, -79.63814649999982 -2.6542197999999995, -79.64433699999982 -2.6650175, -79.6452998999998 -2.6667939, -79.64633789999979 -2.6686051, -79.64842469999981 -2.6722864, -79.65135899999981 -2.6775164, -79.6521502999998 -2.6788882, -79.6530594999998 -2.6804930999999996, -79.6540197999998 -2.6822238999999994, -79.65503099999978 -2.683952, -79.6579062999998 -2.6890586999999995, -79.65878069999978 -2.6905537, -79.65990719999981 -2.6925631, -79.6609317999998 -2.6943957999999992, -79.66187599999981 -2.6960353999999995, -79.6628361999998 -2.6976911999999995, -79.6639814999998 -2.6997488999999995, -79.6651884999998 -2.7019512, -79.6661191999998 -2.7035560999999997, -79.66700169999979 -2.7051154, -79.66800479999979 -2.7068862999999994, -79.66911259999979 -2.7088288000000005, -79.66991189999979 -2.7106425999999995, -79.6706641999998 -2.7123626, -79.6715077999998 -2.7141818, -79.67221049999984 -2.715794699999999, -79.6736776999998 -2.719066, -79.67810600000016 -2.7288422999999895, -79.67978780000017 -2.732681499999989, -79.68232510000017 -2.738337199999989, -79.68406320000018 -2.7421844999999885, -79.68492960000019 -2.744092, -79.68646650000017 -2.747577599999988, -79.68716920000017 -2.7492333000000007, -79.68802750000016 -2.7510953, -79.68882950000018 -2.752855399999989, -79.6895859000002 -2.754612899999988, -79.69114690000018 -2.7581440000000006, -79.69190600000016 -2.759767499999989, -79.69283930000002 -2.7617527, -79.69362260000001 -2.7635692, -79.69440220000001 -2.7653119000000004, -79.69530620000002 -2.7673326, -79.6968088 -2.7706913, -79.6976352 -2.7725387, -79.69842910000001 -2.7744007, -79.6992981 -2.7763831999999997, -79.7000907 -2.7781194000000005, -79.70090750000001 -2.7799087999999994, -79.7015995 -2.7814518999999995, -79.7023076 -2.7830272000000003, -79.70291379999999 -2.7844953, -79.70355210000001 -2.7858617000000003, -79.70444799999999 -2.7879352, -79.70534190000002 -2.7899659, -79.7113681 -2.8036557, -79.7109336 -2.8061793, -79.7090668 -2.8153548, -79.7091043 -2.8173386, -79.70905600000002 -2.8195581, -79.70902920000013 -2.821403899999988, -79.70898360000014 -2.823075599999988, -79.70892190000013 -2.825036599999987, -79.70890580000017 -2.828211099999987, -79.708816 -2.8367890999999994, -79.70869660000017 -2.838782199999987, -79.70865370000016 -2.8406761999999866, -79.70864560000017 -2.8426183999999886, -79.70861880000017 -2.844426699999987, -79.70856520000017 -2.8462348999999882, -79.70857050000018 -2.848056599999987, -79.70851960000019 -2.849923799999988, -79.70847930000016 -2.851831099999988, -79.70844450000018 -2.853765299999988, -79.70842300000018 -2.8558280000000003, -79.70836670000017 -2.8578558999999877, -79.70835060000019 -2.8598168999999873, -79.70831570000018 -2.8619438999999876, -79.7082782 -2.8635164, -79.70825399999998 -2.865421, -79.70820040000001 -2.8674918, -79.70814140000002 -2.8695544999999996, -79.70810920000001 -2.8716547, -79.70809310000001 -2.8735646999999997, -79.7080314 -2.8756891000000007, -79.7080395 -2.8777356999999997, -79.707959 -2.8815075, -79.70793750000001 -2.8832915999999997, -79.70790270000002 -2.8851279, -79.70794020000002 -2.8874946, -79.70708190000002 -2.8904413000000004, -79.70612710000002 -2.8940522999999994, -79.70492010000001 -2.8980437, -79.70224050000014 -2.9072371999999875, -79.70047830000001 -2.9129858, -79.69959860000002 -2.9158735, -79.69854180000003 -2.9192326, -79.69555910000003 -2.9287848999999997, -79.6977425 -2.9319403999999993, -79.69865580000001 -2.9331967, -79.70019940000002 -2.9355351999999995, -79.70223250000001 -2.9383745999999995, -79.71499710000016 -2.948071399999988, -79.71557650000017 -2.9500027999999876, -79.71614780000014 -2.951966199999989, -79.71670300000017 -2.953825199999989, -79.71729580000016 -2.9558367999999886, -79.7209896000004 -2.9684082, -79.72147760000038 -2.9700690999999995, -79.72198950000038 -2.971811, -79.72249310000038 -2.9735818, -79.72361940000039 -2.9775418000000005, -79.7247899 -2.9815594999999995, -79.72553020000018 -2.984074699999988, -79.72740770000016 -2.990374699999988, -79.72804870000016 -2.992599199999988, -79.72851540000018 -2.9942531999999877, -79.72900900000018 -2.9959540999999885, -79.7296044 -2.9981318, -79.73020430000012 -3.0000506, -79.73027770000002 -3.0038585, -79.73033670000002 -3.0073218000000006, -79.73038760000038 -3.011511, -79.73046539999982 -3.0154054999999995, -79.73048930000037 -3.0192702, -79.73056720000038 -3.0228885999999995, -79.7306370999998 -3.026799799999999, -79.7307282999998 -3.030597799999999, -79.73077120000038 -3.0339351999999997, -79.73081410000036 -3.0369323999999662))","MULTIPOINT ((-79.73081410000037 -3.0369324), (-79.73081410000036 -3.0369324000000004), (-79.7308 -3.0369), (-79.5506 -2.1618))",AC,Al/St 240/40 2-bundle 220.0,0.7,1027.7989492113718,0.0,230.0,15.407979048314996,3.0713579498302317,0.0,0.0008040796309776055,0.0,False,0.0,inf,0.0,0,inf,1.0,-inf,inf,0,0.0002912661445806237,5.8059696594144266e-05,0.0,42.535812478715336,0.0002912661445806237,5.8059696594144266e-05,1027.7989492113718
51,2.0,230.0,123,100,55.7234527751664,False,"MULTILINESTRING ((-80.2073 -3.5449, -80.20732520000003 -3.5449165, -80.205214 -3.5445412999999992, -80.20257819999989 -3.5441224, -80.1992604999999 -3.5438257999999996, -80.19586419999992 -3.5435378, -80.19186319999993 -3.5430227, -80.1879267999999 -3.5425528000000006, -80.18424570000003 -3.5420974000000003, -80.18026839999993 -3.5415809999999994, -80.17727109999998 -3.5412274999999998, -80.17377719999993 -3.539145299999999, -80.17005849999991 -3.5369192, -80.16682989999991 -3.5350175000000004, -80.1647352999999 -3.533780699999999, -80.1613735 -3.5345294, -80.15765050000002 -3.5353336000000004, -80.15390919999999 -3.536134, -80.1502678 -3.5369468000000004, -80.14641639999994 -3.5377977999999994, -80.14313609999999 -3.5385144000000004, -80.1389045999999 -3.5394563000000003, -80.13534749999992 -3.540140899999999, -80.13119310000002 -3.541076999999999, -80.12684129999998 -3.5420294000000005, -80.1230323999999 -3.5429654999999998, -80.11887 -3.5437781999999993, -80.11527659999969 -3.544556, -80.1110880999997 -3.5455064999999997, -80.10726539999987 -3.5463323, -80.10374519999986 -3.5470588000000003, -80.101314 -3.5446192999999995, -80.0979125999997 -3.5411183, -80.09506039999968 -3.5382309, -80.09226859999968 -3.5353896, -80.08950590000035 -3.532608100000011, -80.0869845999998 -3.5300888999999995, -80.08454379999978 -3.5297891000000003, -80.0796782999998 -3.5291948, -80.0751496 -3.528545, -80.07049 -3.5279646999999996, -80.06585780000005 -3.527387000000001, -80.06208000000044 -3.5269341999999995, -80.0578631999999 -3.5264061999999994, -80.0529278 -3.5257119, -80.04877280000005 -3.5252303, -80.04496199999998 -3.5248502999999998, -80.0410792999999 -3.5250902, -80.03710639999994 -3.5253732999999996, -80.03323919999991 -3.5256589, -80.02977259999992 -3.5259021, -80.02594989999989 -3.5261819999999995, -80.02188139999998 -3.5265309999999994, -80.01782130000038 -3.5267967999999996, -80.01556829999969 -3.5239961999999996, -80.01323729999969 -3.5211259000000004, -80.01027220000034 -3.5174127, -80.0076797999997 -3.5142134999999994, -80.00517200000037 -3.5111039, -80.00169980000037 -3.5097452999999996, -79.99789650000035 -3.5081870999999993, -79.99435600000035 -3.5068057, -79.98912560000036 -3.5047174999999995, -79.98467380000034 -3.5028976999999997, -79.9816542999997 -3.5004339999999994, -79.97866570000035 -3.4979501999999996, -79.97500720000035 -3.4949141999999997, -79.97123119999969 -3.4917411, -79.96861820000032 -3.489606, -79.96488180000034 -3.4865258, -79.9617550000003 -3.4839542999999993, -79.95878240000032 -3.4814363, -79.95555369999978 -3.478834099999999, -79.9527132999998 -3.4755223000000006, -79.94982449999979 -3.4721730000000006, -79.9471476999998 -3.4691422999999997, -79.94431789999979 -3.4659348999999997, -79.94164379999981 -3.4628854999999996, -79.94034289999979 -3.4600019999999994, -79.93899639999981 -3.4570114, -79.9374407999998 -3.4535577, -79.93499990000012 -3.4526259000000006, -79.93138830000012 -3.4511387, -79.92883620000012 -3.4482538000000003, -79.9268009999997 -3.4458463999999998, -79.9247538999997 -3.4435176000000003, -79.92255990000012 -3.4410169, -79.9203095000004 -3.4385135999999994, -79.91752270000012 -3.4358736999999993, -79.9142503999997 -3.4327010000000002, -79.9118577999997 -3.430433199999999, -79.90933250000012 -3.4280395999999995, -79.90677770000012 -3.4256835, -79.90565260000011 -3.4225241, -79.9045730000001 -3.4194798999999994, -79.9035698000001 -3.4167087000000005, -79.90249160000012 -3.413635, -79.90098350000041 -3.4094003000000006, -79.89975880000043 -3.4059613, -79.89883300000011 -3.4033615999999998, -79.89761000000011 -3.3999398, -79.8956868000001 -3.3979182999999997, -79.8933399000001 -3.3954790999999993, -79.89036800000011 -3.3924855999999997, -79.8872620000001 -3.3892725999999995, -79.8844832000001 -3.3863648, -79.88172050000009 -3.3834891999999996, -79.8788559000001 -3.3806134999999995, -79.87586800000011 -3.377379, -79.87584650000011 -3.3737321999999996, -79.87584650000011 -3.3695338, -79.87579420000012 -3.3654812, -79.87580900000012 -3.361741999999999, -79.87623010000013 -3.357876899999999, -79.87669949999967 -3.3535137, -79.8771675000001 -3.3493085000000002, -79.87765770000011 -3.3449587, -79.87813980000013 -3.3404360999999994, -79.87858239999979 -3.3364973000000004, -79.8788639999997 -3.3337312999999997, -79.8778661999997 -3.3305059999999997, -79.87647679999971 -3.3259607000000004, -79.87547139999968 -3.3226920999999994, -79.8743702999997 -3.3191126, -79.8733493999997 -3.3159299999999994, -79.87220679999979 -3.312079399999999, -79.8715495999998 -3.3079423, -79.8708253999998 -3.3035803000000006, -79.87026479999979 -3.3002356999999996, -79.86973639999981 -3.2971642999999995, -79.8692267999998 -3.2937180000000006, -79.86873600000035 -3.2913883), (-79.86873600000037 -3.2913883, -79.8953 -3.2773))","MULTIPOINT ((-80.2073 -3.5449), (-79.8953 -3.2773), (-79.86873600000037 -3.2913883), (-79.86873600000035 -3.2913883))",AC,Al/St 240/40 2-bundle 220.0,0.7,1027.7989492113718,0.0,230.0,8.386379642662543,1.671703583254992,0.0,0.0004376509746778014,0.0,False,0.0,inf,0.0,0,inf,1.0,-inf,inf,0,0.0001585326964586492,3.1601201951890206e-05,0.0,23.151736560455696,0.0001585326964586492,3.1601201951890206e-05,1027.7989492113718
52,2.0,138.0,106,33,12.428012960467765,False,"MULTILINESTRING ((-79.8782 -3.117, -79.87802449999997 -3.1168086), (-79.87802449999997 -3.1168085999999997, -79.87733779999996 -3.1160854, -79.87647949999996 -3.1153302000000003, -79.87466629999996 -3.1147194999999996, -79.87304629999997 -3.1144838999999997, -79.87113119999995 -3.1145320999999995, -79.86919459999997 -3.114596299999999, -79.86733849999997 -3.1146499, -79.86593309999996 -3.1153302000000003, -79.86438809999997 -3.1151106, -79.86247300000001 -3.1148480999999997, -79.86130359999999 -3.1152015999999993, -79.86013409999997 -3.1149284, -79.85887889999998 -3.1145748999999996, -79.85853019999996 -3.1132678999999994, -79.85826189999997 -3.1120144999999995, -79.85691009999998 -3.1115110000000006, -79.85563869999997 -3.1124322999999996, -79.85467319999997 -3.1139482, -79.85320329999998 -3.1154212, -79.85081079999996 -3.1178209, -79.84939459999998 -3.1166746999999995, -79.84789789999996 -3.1173496, -79.846369 -3.1181637999999996, -79.84477579999997 -3.1188922, -79.84340789999996 -3.1191815, -79.84205599999999 -3.1194868, -79.83973319999997 -3.1201134999999995, -79.83784499999999 -3.1206223999999994, -79.83613369999998 -3.1210616, -79.83449219999997 -3.1215115999999994, -79.83251269999995 -3.1220204, -79.83042059999995 -3.1225881999999996, -79.82858059999997 -3.1230971, -79.82684259999995 -3.1235791, -79.82483629999996 -3.1240880000000004, -79.82306599999998 -3.1245808000000004, -79.82129569999995 -3.1250574999999996, -79.81917679999995 -3.1256521, -79.81800739999996 -3.1268037, -79.81677349999995 -3.1285230999999993, -79.81576500000001 -3.1300229000000006, -79.81448829999995 -3.1315119999999994, -79.81322769999996 -3.1334991999999997, -79.81124279999995 -3.1342009000000006, -79.80945109999995 -3.1342330999999994, -79.807815 -3.1343188, -79.80602859999995 -3.1338152999999997, -79.80425299999999 -3.1333384999999994, -79.80238619999994 -3.1328724999999995, -79.80061589999994 -3.1323637000000004, -79.79893679999994 -3.1318279999999996, -79.79739189999994 -3.1313245, -79.79582009999994 -3.1310834999999995, -79.79388889999996 -3.1307353, -79.79255319999996 -3.1308263999999997, -79.790681 -3.1303764999999997, -79.78914679999997 -3.1299693999999993, -79.78749989999997 -3.1293211999999997, -79.78539709999997 -3.1295248000000004, -79.78325129999996 -3.1297605, -79.78144619999996 -3.1307407, -79.7797670999994 -3.1311530999999997, -79.779405 -3.1312414999999887, -79.77945319999996 -3.1314583999999996), (-79.77945319999998 -3.1314584, -79.7786 -3.1322))","MULTIPOINT ((-79.8782 -3.117), (-79.87802449999997 -3.1168086), (-79.87802449999997 -3.1168085999999997), (-79.77945319999998 -3.1314584), (-79.77945319999996 -3.1314583999999996), (-79.7786 -3.1322))",AC,243-AL1/39-ST1A 20.0,0.7,308.3396847634115,0.0,138.0,1.9884820736748423,0.7382239698517853,0.0,8.589625927371339e-05,0.0,False,0.0,inf,0.0,0,inf,1.0,-inf,inf,0,0.00010441514774600096,3.8764123600702864e-05,0.0,1.6358083616085977,0.00010441514774600096,3.8764123600702864e-05,308.3396847634115
54,2.0,230.0,45,87,67.19382845837661,False,"MULTILINESTRING ((-78.91303779999951 0.216435, -78.91597509999973 0.2123876, -78.91925679999973 0.208096, -78.92312849999973 0.2037884, -78.92543789999974 0.2011759999999999, -78.92807189999974 0.1980754, -78.93046169999973 0.1956078, -78.93277109999974 0.1928397, -78.93721819999972 0.1879367, -78.93765809999972 0.1842782, -78.93809259999972 0.1806197, -78.9386665999997 0.1763657, -78.93909569999971 0.1718972, -78.93977699999974 0.167788, -78.9403026999997 0.1647893, -78.9415311999997 0.1586525, -78.94193889999971 0.1561205, -78.94301179999971 0.1512496, -78.94335509999941 0.1494847, -78.94473639999994 0.1478137, -78.94827429999994 0.1467596, -78.95043609999993 0.145971, -78.95283399999998 0.1452361, -78.957147 0.1437394, -78.96051049999993 0.1427551, -78.96433529999995 0.1415561, -78.96563889999993 0.138882, -78.96570589999995 0.1365833, -78.96470819999995 0.131817, -78.96422539999996 0.1295506, -78.96316049999994 0.1240977, -78.96219759999994 0.1204821, -78.96140369999993 0.1153054, -78.96052929999993 0.1108449, -78.95944829999993 0.1058292, -78.95846929999993 0.1009449, -78.95790069999993 0.0980696, -78.95721939999994 0.0943654, -78.95645499999999 0.0904923, -78.95584349999994 0.0875285, -78.95527749999994 0.0846398, -78.95460959999993 0.0803536, -78.95384519999995 0.0758824, -78.95328729999996 0.0723579, -78.95263819999992 0.0683266, -78.95097259999994 0.0655424, -78.94932029999994 0.0627798, -78.94697069999992 0.0588772, -78.94486789999992 0.0554761, -78.94156339999992 0.0501198, -78.93941759999993 0.0468475, -78.93788339999996 0.0443691, -78.93559809999995 0.0405765, -78.93466469999996 0.0390101, -78.93211129999995 0.0358772, -78.93050729999996 0.034005, -78.92869409999996 0.0318646, -78.92724039999995 0.0301802, -78.92552909999996 0.028072, -78.92228369999997 0.0242364, -78.92048659999995 0.022096, -78.91693529999995 0.0178367, -78.91360939999997 0.0138456, -78.91345919999998 0.0117937, -78.91331969999983 0.0063354, -78.91491289999983 0.0008422, -78.91566399999999 -0.0021565, -78.91720889999998 -0.0077086, -78.91989109999996 -0.0089746, -78.92265909999998 -0.0101119, -78.92496049999995 -0.0111097, -78.92807189999995 -0.0125957, -78.93046439999996 -0.0136417, -78.932873 -0.0146824, -78.93567319999995 -0.0158358, -78.93763659999993 -0.0170159, -78.94158489999995 -0.0195426, -78.94484099999998 -0.021581, -78.94851569999996 -0.0237698, -78.95072579999996 -0.0251645, -78.95313449999995 -0.0267846, -78.95671249999995 -0.0292844, -78.96001159999997 -0.0314945, -78.96133659999997 -0.033254, -78.96386329999997 -0.036655, -78.96505949999995 -0.0382644, -78.96678689999995 -0.0405818, -78.96991429999994 -0.0449109, -78.971293 -0.0468421, -78.97348159999994 -0.0497978, -78.97552019999995 -0.0525445, -78.97668419999997 -0.0541109, -78.97878169999997 -0.0570667, -78.98062709999996 -0.0595128, -78.98294439999997 -0.0625545, -78.98479519999997 -0.0651991, -78.98769729999995 -0.0690562, -78.99002559999995 -0.0723123, -78.99217659999996 -0.0752145, -78.99410789999996 -0.0779557, -78.99559909999996 -0.0799566, -78.99779319999996 -0.0828213, -79.00035739999996 -0.0862867, -79.00297519999995 -0.0900524, -79.00452549999994 -0.0920748, -79.00854889999995 -0.0974902, -79.01024399999945 -0.0998425, -79.00994899999944 -0.1026856, -79.00950370000058 -0.108334400000011, -79.00896730000058 -0.114347900000011, -79.00861860000059 -0.118006400000011, -79.0080928999997 -0.1239287, -79.00740619999969 -0.1311411, -79.00702799999968 -0.1356258, -79.0061938999997 -0.1440345, -79.00590959999967 -0.1474033, -79.00567349999969 -0.1518933, -79.00626899999969 -0.1556000999999999, -79.00689129999968 -0.1595161, -79.00747329999969 -0.1631854, -79.00909069999969 -0.1645157, -79.01279209999969 -0.1671443, -79.01616629999968 -0.1697246, -79.0183925999997 -0.1713446, -79.02323659999968 -0.1730076, -79.02547359999969 -0.1735118, -79.02923409999967 -0.1746705, -79.03283889999969 -0.1758185, -79.03475939999967 -0.1763281, -79.03978049999968 -0.1780126, -79.04226419999966 -0.1787153, -79.04785399999966 -0.1804265, -79.05082319999967 -0.1813197, -79.05328269999967 -0.1821539, -79.05669989999966 -0.1831624, -79.05859349999966 -0.1849702, -79.06110409999967 -0.1876846, -79.06270799999967 -0.189369, -79.06549219999967 -0.1922336, -79.06912389999967 -0.1960208, -79.07114089999966 -0.1980807, -79.07341809999966 -0.2003982, -79.07791079999966 -0.2050142, -79.07938329999965 -0.206535, -79.08189119999966 -0.2091072, -79.08532169999964 -0.2127175, -79.08785640000006 -0.2154184, -79.08983050000006 -0.2173603, -79.09118770000006 -0.2187926, -79.09580110000005 -0.2235723, -79.09854770000005 -0.2263886, -79.10136940000005 -0.2292853000000001, -79.10400870000004 -0.2319567999999999, -79.10715220000003 -0.2352934, -79.10891180000004 -0.2371066, -79.11120770000002 -0.2394884, -79.11289220000002 -0.2421384, -79.11472680000003 -0.2449815, -79.11695420000002 -0.248424, -79.1216 -0.2607), (-78.9117 0.218, -78.91303779999951 0.216435))","MULTIPOINT ((-79.1216 -0.2607), (-78.91303779999951 0.216435), (-78.91303779999951 0.216435), (-78.9117 0.218))",AC,Al/St 240/40 2-bundle 220.0,0.7,1027.7989492113718,0.0,230.0,10.11267118298568,2.0158148537512983,0.0,0.000527739094628522,0.0,False,0.0,inf,0.0,0,inf,1.0,-inf,inf,0,0.00019116580686173308,3.8106140902671045e-05,0.0,27.91739810584881,0.00019116580686173308,3.8106140902671045e-05,1027.7989492113718
58,1.0,138.0,128,91,21.79059747491316,False,"MULTILINESTRING ((-78.14315289999979 -0.3815495000000099, -78.14711449999979 -0.38182570000001, -78.14991469999978 -0.38200270000001, -78.15220539999977 -0.38229240000001, -78.15459519999979 -0.3831936000000101, -78.15909099999978 -0.3819592, -78.16024129999978 -0.38164330000001, -78.16236019999978 -0.3803183000000099, -78.16518719999978 -0.37849450000001, -78.1678103999998 -0.3770944000000099, -78.17152800000017 -0.37648560000001, -78.17545470000016 -0.3757641000000099, -78.17801620000016 -0.374946, -78.18101500000016 -0.37332870000001, -78.18284150000017 -0.37228260000001, -78.18684880000016 -0.37081550000001, -78.18959270000015 -0.36735010000001, -78.19097940000016 -0.363115, -78.19186450000016 -0.360516, -78.19278450000016 -0.35757640000001, -78.19434820000016 -0.35278070000001, -78.19548010000017 -0.34927780000001, -78.19861830000016 -0.3430418000000099, -78.20168670000017 -0.33772030000001, -78.20334430000017 -0.33521250000001, -78.21187380000018 -0.3248781000000099, -78.21565030000006 -0.3218043999999999, -78.21868120000006 -0.31946550000001, -78.22020470000007 -0.31839270000001, -78.22244840000003 -0.31666270000001, -78.22700140000003 -0.31284060000001, -78.22933760000005 -0.31093090000001, -78.23286689999979 -0.3064618, -78.23288709999977 -0.3064137000000001, -78.23293739999978 -0.3063724999999999, -78.23504810000006 -0.30369970000001, -78.23748350000005 -0.3021588000000001, -78.239125 -0.3000949000000099, -78.24151220000006 -0.2974074000000099, -78.24375180000007 -0.29288790000001, -78.24433390000006 -0.29194910000001, -78.24540410000006 -0.29091380000001, -78.24616850000005 -0.28824510000001, -78.24810510000003 -0.28543950000001, -78.25014890000001 -0.2824408000000099, -78.25234830000001 -0.27924370000001, -78.254022 -0.27680290000001, -78.2556474 -0.2744104000000099, -78.257128 -0.27211440000001, -78.25926840000001 -0.27137420000001, -78.26630120000002 -0.26890650000001, -78.26894050000001 -0.26875640000001, -78.27204650000002 -0.2693733000000099, -78.27435850000002 -0.26984530000001, -78.27781320000003 -0.26927670000001, -78.28197870000002 -0.26850150000001, -78.3299 -0.3), (-78.1432 -0.3815, -78.14315289999979 -0.3815495000000099), (-78.14315289999979 -0.3815495000000099, -78.14315289999979 -0.38154950000001))","MULTIPOINT ((-78.3299 -0.3), (-78.1432 -0.3815), (-78.14315289999979 -0.38154950000001), (-78.14315289999979 -0.3815495000000099))",AC,243-AL1/39-ST1A 20.0,0.7,154.16984238170576,0.0,138.0,6.972991191972211,2.5887229800196834,0.0,7.530289903897142e-05,0.0,False,0.0,inf,0.0,0,inf,1.0,-inf,inf,0,0.00036615160638375397,0.00013593378386996866,0.0,1.4340684092981717,0.00036615160638375397,0.00013593378386996866,154.16984238170576
59,1.0,138.0,7,91,22.84406459663797,False,"MULTILINESTRING ((-78.5362 -0.3642, -78.53553600000014 -0.3633023), (-78.53553600000012 -0.3633023, -78.5345920999998 -0.362815599999989, -78.5335001000001 -0.362248, -78.5259051000001 -0.3609292, -78.52367270000009 -0.3605667, -78.52005550000013 -0.3599747, -78.51638620000013 -0.3593800999999999, -78.51266470000012 -0.359028, -78.51024720000011 -0.3588742, -78.50665090000011 -0.3585038, -78.50195869999995 -0.3580251, -78.49877359999995 -0.3576863, -78.49478249999997 -0.3573376999999999, -78.49094689999997 -0.3572223, -78.487291 -0.3571311, -78.48358959999996 -0.3570131, -78.48036559999996 -0.357107, -78.47874549999997 -0.3574798, -78.474277 -0.3582737, -78.47137749999997 -0.3587350999999999, -78.46913519999997 -0.3591346999999999, -78.46568049999995 -0.3585284999999999, -78.46204879999996 -0.3578258, -78.45856459999996 -0.3572116, -78.45556859999995 -0.3566804999999999, -78.45078619999995 -0.3529416, -78.44848479999997 -0.3511499, -78.4469113000001 -0.3503015, -78.44365949999997 -0.3485482, -78.44118389999991 -0.34690670000001, -78.437461 -0.3444499000000101, -78.43639609999991 -0.3433046000000101, -78.43322039999991 -0.34028990000001, -78.43087260000017 -0.3386995, -78.42983539999992 -0.3380207, -78.42835489999992 -0.33699620000001, -78.42539909999992 -0.3359582000000099, -78.42199269999992 -0.3347324000000099, -78.42009369999991 -0.33408870000001, -78.4121891999999 -0.33036850000001, -78.4115293999999 -0.33007620000001, -78.4084341 -0.3285822, -78.40441079999992 -0.32729210000001, -78.39960159999993 -0.32589470000001, -78.39520539999992 -0.32444090000001, -78.38862329999992 -0.32187680000001, -78.38514449999994 -0.3201602000000001, -78.37736069999993 -0.3169014, -78.37088849999991 -0.314643, -78.36526389999992 -0.31281110000001, -78.36078729999991 -0.3113358999999999, -78.35806759999991 -0.310381, -78.35344339999992 -0.30885760000001, -78.34966419999992 -0.3075245000000099, -78.34738699999983 -0.307436, -78.34460559999991 -0.3073259999999999, -78.34371640000037 -0.3072885, -78.34328870000037 -0.3072687, -78.3299 -0.3))","MULTIPOINT ((-78.5362 -0.3642), (-78.53553600000014 -0.3633023), (-78.53553600000012 -0.3633023), (-78.3299 -0.3))",AC,243-AL1/39-ST1A 20.0,0.7,154.16984238170576,0.0,138.0,7.31010067092415,2.713874874080591,0.0,7.894342006642138e-05,0.0,False,0.0,inf,0.0,0,inf,1.0,-inf,inf,0,0.0003838532173348115,0.0001425055069355488,0.0,1.5033984917449288,0.0003838532173348115,0.0001425055069355488,154.16984238170576
60,2.0,230.0,53,32,14.021839354080184,False,"MULTILINESTRING ((-78.51067189999974 -2.5753350999999993, -78.51218459999977 -2.5743543999999616, -78.52224299999982 -2.5741722999999994, -78.53815649999953 -2.5692285, -78.54602339999978 -2.5676021000000007, -78.55204089999988 -2.5715717999999996, -78.56642159999953 -2.5704503999999995, -78.58347270000058 -2.5662468999999994, -78.5850679000006 -2.5671873, -78.58869940000059 -2.5692784999999994, -78.59234750000059 -2.5713371, -78.5947070000006 -2.5727819999999997, -78.5987447000006 -2.5750743, -78.6011923000006 -2.5765423999999997, -78.60249490000062 -2.5773110999999997, -78.6051883000006 -2.5778713999999994, -78.60736700000061 -2.5783438000000003, -78.61105050000062 -2.5789273, -78.62307710000061 -2.5759734999999995, -78.62981820000023 -2.573773, -78.6335 -2.5883), (-78.5095 -2.5746, -78.51067189999974 -2.5753351))","MULTIPOINT ((-78.6335 -2.5883), (-78.51067189999974 -2.5753351), (-78.51067189999974 -2.5753350999999993), (-78.5095 -2.5746))",AC,Al/St 240/40 2-bundle 220.0,0.7,1027.7989492113718,0.0,230.0,2.1102868227890674,0.4206551806224055,0.0,0.0001101272687614864,0.0,False,0.0,inf,0.0,0,inf,1.0,-inf,inf,0,3.989200043079523e-05,7.951893773580444e-06,0.0,5.82573251748263,3.989200043079523e-05,7.951893773580444e-06,1027.7989492113718
63,2.0,138.0,47,52,67.62430408494915,False,"MULTILINESTRING ((-78.9843 -2.8795, -78.95918009999977 -2.908665), (-78.95918009999977 -2.9086649999999996, -78.95883680000011 -2.9082002, -78.95637320000054 -2.9063223999999876, -78.95454260000017 -2.9033181999999997, -78.95166460000019 -2.8988312, -78.95036370000017 -2.8966989, -78.94932840000017 -2.8950808999999995, -78.94795780000017 -2.8927985999999994, -78.94534530000018 -2.8886303999999994, -78.94373060000017 -2.8860963, -78.94019540000016 -2.8803824, -78.93578320000016 -2.8732540000000006, -78.93254849999958 -2.8704679999999994, -78.93105449999959 -2.869297300000019, -78.92664489999957 -2.8655577000000196, -78.92314729999958 -2.86266450000002, -78.92142529999957 -2.8612072000000195, -78.91813699999959 -2.858397100000019, -78.91455349999957 -2.855434200000019, -78.91191689999957 -2.8532054000000193, -78.90967189999958 -2.851330200000019, -78.90756369999957 -2.8495594000000195, -78.90528379999958 -2.8476119000000186, -78.90324269999957 -2.8458063000000196, -78.90087689999957 -2.843756900000019, -78.89894039999959 -2.8413486000000185, -78.89576729999958 -2.8359049999999995, -78.89460859999956 -2.8342763000000186, -78.89177079999958 -2.8298399000000187, -78.88769389999958 -2.8235498000000194, -78.88475959999957 -2.8193760000000005, -78.88250379999957 -2.815804900000019, -78.88079519999955 -2.813085700000019, -78.87804869999957 -2.808807400000019, -78.87705619999956 -2.806500800000019, -78.87622479999958 -2.8046094000000186, -78.87479779999957 -2.8024984000000184, -78.87322339999957 -2.7998542000000186, -78.87123849999958 -2.796401, -78.87007179999956 -2.794407800000019, -78.86821569999958 -2.790954500000019, -78.86584189999955 -2.7866627000000186, -78.86495410000029 -2.7851355999999994, -78.8615691000003 -2.7787837, -78.8602710000003 -2.7765277999999998, -78.85883870000028 -2.7738996999999994, -78.85720520000028 -2.7708642999999995, -78.85603310000027 -2.7686835000000003, -78.85420380000029 -2.765353499999999, -78.85187830000027 -2.763529, -78.85052380000026 -2.7624251999999996, -78.84523450000027 -2.7581641, -78.84480760000007 -2.7578114999999994, -78.84283930000028 -2.7561856000000002, -78.83860680000026 -2.7528821999999997, -78.83579580000028 -2.7506237999999996, -78.83063790000027 -2.7463371, -78.82842780000027 -2.7446398999999997, -78.82401560000028 -2.7411892, -78.82135480000026 -2.7390190999999997, -78.81891670000026 -2.7370886999999993, -78.81793500000028 -2.7355133999999994, -78.81461710000028 -2.7301176, -78.81328140000028 -2.728277, -78.81146820000026 -2.7252254, -78.80949680000028 -2.7223586999999996, -78.80805910000028 -2.7202448, -78.80446230000031 -2.7145755999999994, -78.80356370000031 -2.7132066, -78.80075540000031 -2.7088475, -78.7993419000003 -2.7066746999999998, -78.79768700000031 -2.7039687, -78.79513890000031 -2.700268599999999, -78.79393190000029 -2.6983664, -78.79185850000029 -2.6951405999999998, -78.78785130000027 -2.6888283, -78.78684820000029 -2.6873975999999997, -78.7827283000003 -2.6809431999999997, -78.78044580000028 -2.6774548, -78.77716010000013 -2.6713755, -78.7753227000003 -2.6695187, -78.76807810000012 -2.6681763999999997, -78.76397430000029 -2.6674663999999995, -78.75753160000009 -2.6662794, -78.75593040000021 -2.6658908999999995, -78.7470925000002 -2.664353, -78.74237450000022 -2.6634715, -78.73664800000023 -2.6631152, -78.73140420000024 -2.6628097, -78.72452440000022 -2.6623997999999998, -78.71728240000023 -2.6619924999999998, -78.71326450000022 -2.661756799999999, -78.70621159999986 -2.6531133, -78.70423479999987 -2.6507662000000005, -78.70317539999986 -2.6494345999999998, -78.70130319999987 -2.6470311999999994, -78.69779479999987 -2.6427094, -78.69575369999986 -2.6403034, -78.69461909999985 -2.639044, -78.68953899999987 -2.6327582000000005, -78.68723229999986 -2.6298538000000002, -78.68582679999987 -2.6281122, -78.68481029999985 -2.6268904, -78.67590959999976 -2.6186914999999615, -78.67172379999987 -2.615761499999999, -78.66728330000011 -2.6126421999999994, -78.66582559999988 -2.6113913999999996, -78.66337540000009 -2.6098090999999997, -78.65987100000065 -2.6074055999999994, -78.65557030000066 -2.6054278, -78.64738750000066 -2.6015560999999994, -78.64188720000064 -2.599277, -78.6364084999999 -2.5963315, -78.63196830000062 -2.5942466999999994, -78.62958810000062 -2.5931072000000004, -78.62833620000063 -2.5924919000000006, -78.62088460000062 -2.5829403000000006, -78.61940180000063 -2.5818976, -78.61253850000062 -2.5824237999999995, -78.60878709999992 -2.5818517, -78.60741379999992 -2.5811443000000005, -78.604061 -2.5792498999999993, -78.60193730000061 -2.5780606999999995, -78.6005854999999 -2.577357399999999, -78.5978435999999 -2.5759085999999995, -78.5940441000006 -2.5737406000000003, -78.5916289000006 -2.5724624999999994, -78.58777520000059 -2.570371899999999, -78.58618679999991 -2.5695366999999996, -78.58182580000059 -2.5679244000000003, -78.56733349999953 -2.5715624, -78.55023979999953 -2.5733362, -78.54436579999955 -2.5754477, -78.53992939999955 -2.5753833999999998, -78.53645329999955 -2.5751528999999995, -78.5219263999998 -2.5752387000000003, -78.51069599999974 -2.5760974999999995, -78.51037679999978 -2.575876399999962, -78.5105 -2.5756))","MULTIPOINT ((-78.9843 -2.8795), (-78.95918009999977 -2.908665), (-78.95918009999977 -2.9086649999999996), (-78.5105 -2.5756))",AC,243-AL1/39-ST1A 20.0,0.7,308.3396847634115,0.0,138.0,10.819888653591864,4.016883662645979,0.0,0.00046738563721827664,0.0,False,0.0,inf,0.0,0,inf,1.0,-inf,inf,0,0.0005681521032131834,0.0002109264683178943,0.0,8.90089207518486,0.0005681521032131834,0.0002109264683178943,308.3396847634115
64,2.0,138.0,50,47,119.17844784107916,False,"MULTILINESTRING ((-79.23146190000057 -3.924823500000012, -79.23146190000057 -3.924823500000011), (-79.23146190000057 -3.924823500000011, -79.23109170000056 -3.9206732000000115, -79.23088250000055 -3.9175075000000104, -79.23024420000056 -3.910336, -79.22957490000051 -3.9035256000000014, -79.22914980000053 -3.898267299999999, -79.22806350000053 -3.886062, -79.22754590000054 -3.880691099999999, -79.22737960000052 -3.877750099999999, -79.22704160000053 -3.8729412000000005, -79.22570050000054 -3.8611824000000006, -79.22596340000054 -3.8562743999999998, -79.22629860000052 -3.8479168, -79.22578900000053 -3.843843699999999, -79.22561449999988 -3.8424996999999994, -79.22539470000054 -3.8408062000000003, -79.23206270000054 -3.8297641999999894, -79.23508290000053 -3.82462719999999, -79.23698730000054 -3.8205846999999893, -79.23816200000053 -3.8180502999999892, -79.24205390000054 -3.8096012999999895, -79.24462880000053 -3.803956999999999, -79.24684170000056 -3.800922100000011, -79.25202970000055 -3.79352380000001, -79.25400850000055 -3.7905942000000095, -79.25433040000055 -3.7881747000000114, -79.25504959999985 -3.7829233999999996, -79.25564740000054 -3.7785586000000113, -79.25584119999985 -3.7770716000000006, -79.25681410000055 -3.769605999999999, -79.25747930000055 -3.7642452000000115, -79.25747400000056 -3.755763500000012, -79.25722180000054 -3.750598, -79.25702600000058 -3.7429352000000096, -79.25692140000058 -3.740919800000011, -79.25673120000071 -3.7352084999999824, -79.25663170000058 -3.73197490000001, -79.25657270000059 -3.72875240000001, -79.2564225000006 -3.725026700000011, -79.25629910000059 -3.720273100000011, -79.25622940000059 -3.716129800000011, -79.2561221000006 -3.711991800000011, -79.2560309000006 -3.708956600000011, -79.25602560000058 -3.70487740000001, -79.25590560000003 -3.7014355, -79.25590220000059 -3.701339, -79.25584320000058 -3.6990745000000107, -79.25574660000058 -3.6969172000000112, -79.25563930000058 -3.69250610000001, -79.25434110000059 -3.6884697000000113, -79.25231580000003 -3.6817299000000006, -79.25159990000058 -3.679347600000009, -79.2509186000006 -3.6774151000000104, -79.24837050000059 -3.6734589000000097, -79.24612280000059 -3.6703699999999992, -79.2427862000006 -3.665675, -79.23895600000058 -3.6603162000000093, -79.23332330000059 -3.65229670000001, -79.23116150000058 -3.64923980000001, -79.22966480000059 -3.647066300000009, -79.2265695000006 -3.642703100000011, -79.2244881000006 -3.6397105000000107, -79.22406249999999 -3.6391202, -79.22293250000058 -3.637552999999999, -79.22127490000058 -3.6351064000000117, -79.21784160000058 -3.630266700000012, -79.21247180000059 -3.62265910000001, -79.21066940000058 -3.620073200000011, -79.20704840000059 -3.614965800000009, -79.2052728000006 -3.612385300000011, -79.20285880000058 -3.6089856000000102, -79.20050380000059 -3.605655600000011, -79.19761240000008 -3.6013966000000095, -79.1958046000001 -3.59503890000001, -79.19521450000009 -3.59306870000001, -79.19481750000008 -3.5915857000000098, -79.19334230000008 -3.5867189999999995, -79.19176520000008 -3.5810545000000102, -79.19119120000009 -3.57911110000001, -79.19029530000007 -3.57596560000001, -79.18978040000009 -3.5740542000000097, -79.18894080000008 -3.5712969000000094, -79.18795650000052 -3.567150199999988, -79.18751660000052 -3.565688599999987, -79.18614860000054 -3.560778899999988, -79.18478610000054 -3.556340399999988, -79.18335920000052 -3.551221899999988, -79.18269400000054 -3.548662599999988, -79.18198590000053 -3.54628, -79.18111680000054 -3.5431317999999874, -79.17995270000053 -3.5391160999999887, -79.17892810000055 -3.535539499999988, -79.17822000000054 -3.532551899999987, -79.17782310000055 -3.530961699999988, -79.17648200000055 -3.5251254999999886, -79.17580610000056 -3.5227267999999876, -79.17493900000055 -3.519709, -79.17383070000054 -3.5151614999999876, -79.17317750000053 -3.5117664999999874, -79.17210490000053 -3.508087, -79.17156820000055 -3.5050200999999883, -79.17088690000054 -3.502380299999988, -79.17034510000056 -3.5001582999999874, -79.16823690000057 -3.4914144999999874, -79.16756630000054 -3.488576599999988, -79.16665440000055 -3.4847534999999894, -79.16587380000055 -3.481771, -79.16507990000053 -3.4784136999999884, -79.16429940000056 -3.4753187999999886, -79.16370390000053 -3.4728663999999885, -79.16287240000052 -3.468705899999989, -79.16239770000054 -3.4664569999999997, -79.16123360000054 -3.461787799999989, -79.15977980000054 -3.454955199999988, -79.15882500000055 -3.449691599999988, -79.15715660000053 -3.442087899999989, -79.15656660000055 -3.4393650000000004, -79.15555270000053 -3.4348107999999895, -79.15460320000055 -3.429373, -79.15712710000057 -3.4236245999999886, -79.15848970000053 -3.420497299999989, -79.16078030000055 -3.415295099999989, -79.16406600000055 -3.411983099999988, -79.16975500000056 -3.406230499999988, -79.17156820000056 -3.4044459999999996, -79.17208050000056 -3.4020683999999894, -79.17322310000056 -3.3967053999999886, -79.17421550000056 -3.3918028999999885, -79.17497460000054 -3.388753199999988, -79.17575780000055 -3.385117099999988, -79.17633710000054 -3.3824502999999875, -79.17677430000055 -3.3805304999999874, -79.17909980000053 -3.3699058999999876, -79.17982400000052 -3.366559, -79.18064210000053 -3.3600952999999887, -79.18146550000054 -3.355219299999988, -79.17929830000053 -3.352145399999989, -79.17312520000031 -3.343388300000011, -79.17147830000032 -3.3410319999999993, -79.16755420000031 -3.33548120000001, -79.15863720000031 -3.322934900000011, -79.15194510000053 -3.318958499999989, -79.14746050000053 -3.316168299999989, -79.14451000000055 -3.3144437999999887, -79.13989660000054 -3.3116857999999882, -79.12635690000056 -3.3035828999999897, -79.11491990000056 -3.296749299999989, -79.10649780000057 -3.2916668999999885, -79.10532830000055 -3.290997399999989, -79.10396580000055 -3.2895995999999887, -79.09754990000056 -3.2828140999999884, -79.09545780000056 -3.2806128999999884, -79.09142910000057 -3.2763765999999883, -79.08944960000056 -3.2742932999999894, -79.0878993000002 -3.2727133, -79.0848899000002 -3.2695802999999994, -79.08307670000022 -3.2676629, -79.07880130000021 -3.263207, -79.0749416000002 -3.2591392999999997, -79.0729970000002 -3.2571335999999995, -79.0703791000001 -3.2543486, -79.06546530000008 -3.2491481000000006, -79.05840040000008 -3.2417089, -79.05422960000008 -3.2373171, -79.05006410000009 -3.2329467, -79.04917360000006 -3.2307453999999995, -79.04651280000054 -3.224074599999988, -79.04387360000055 -3.2179527999999884, -79.04123160000056 -3.210818599999989, -79.04022570000056 -3.208400399999988, -79.03925480000056 -3.205899099999988, -79.03809070000055 -3.202931899999988, -79.03699100000057 -3.200162799999988, -79.03460920000059 -3.194281899999988, -79.03283890000057 -3.189713099999987, -79.03123230000055 -3.1858888999999877, -79.02927430000057 -3.1810468999999886, -79.02717410000056 -3.176842299999988, -79.02528580000055 -3.175029199999988, -79.02204040000056 -3.171903899999988, -79.01877080000057 -3.168700899999988, -79.01755300000055 -3.1674501999999873, -79.01439340000056 -3.164284699999988, -79.01107550000054 -3.1611244999999877, -79.00851130000055 -3.1586686999999873, -79.00766100000057 -3.156453799999988, -79.00653450000055 -3.153669899999988, -79.00335340000056 -3.1455804999999875, -79.00092070000056 -3.139195799999988, -79.00093140000057 -3.131257599999987, -79.00071680000056 -3.127018, -79.00103590000013 -3.119587099999987, -79.00123700000013 -3.114903499999987, -79.00142240000012 -3.1105864999999873, -79.00138530000012 -3.1073061999999867, -79.00152950000054 -3.100672, -79.00162610000056 -3.0966706999999882, -79.00141820000056 -3.089429899999988, -79.00146500000017 -3.087044899999987, -79.00156970000056 -3.0827567999999874, -79.00220540000056 -3.075246799999988, -79.00237440000056 -3.0723756999999874, -79.00279280000055 -3.0663974999999875, -79.00320050000056 -3.062496499999988, -79.00354120000056 -3.0587668999999877, -79.00387100000056 -3.0548643999999876, -79.00400260000055 -3.053032399999988, -79.00439950000055 -3.0478147999999874, -79.00519880000056 -3.038065399999988, -79.00535700000054 -3.0354993999999884, -79.00575130000055 -3.029063099999988, -79.00516120000056 -3.024340899999988, -79.00477760000034 -3.0218913000000116, -79.00465700000056 -3.0211213999999877, -79.0044908000003 -3.0200600999999994, -79.00391130000057 -3.016359099999988, -79.00332120000056 -3.0121537999999877, -79.00273650000057 -3.007889599999988, -79.00218930000055 -3.004300399999988, -79.00125860000057 -2.998399599999988, -79.00056120000056 -2.993355899999988, -79.00013750000055 -2.9901308999999885, -78.99932740000057 -2.985521099999988, -78.99901630000055 -2.983482799999988, -78.99861400000056 -2.980472, -78.99833230000056 -2.9786505999999875, -78.99762690000054 -2.9766523999999874, -78.99566890000054 -2.971324599999988, -78.99473280000053 -2.9686299999999997), (-79.202 -3.9606, -79.23146190000057 -3.924823500000011), (-78.99473280000055 -2.96863, -78.9843 -2.8795))","MULTIPOINT ((-79.23146190000057 -3.924823500000012), (-79.23146190000057 -3.924823500000011), (-79.202 -3.9606), (-78.99473280000055 -2.96863), (-78.99473280000053 -2.9686299999999997), (-78.9843 -2.8795))",AC,243-AL1/39-ST1A 20.0,0.7,308.3396847634115,0.0,138.0,19.068551654572666,7.079199801760103,0.0,0.000823702299648291,0.0,False,0.0,inf,0.0,0,inf,1.0,-inf,inf,0,0.0010012892068143597,0.0003717286180298311,0.0,15.686586594502055,0.0010012892068143597,0.0003717286180298311,308.3396847634115
65,1.0,138.0,131,65,35.64515064042722,False,"LINESTRING (-78.5003 -3.0067, -78.51640109999975 -3.0045201, -78.52309050000018 -3.0069708999999993, -78.52790770000018 -3.0086986, -78.5312766000002 -3.007745, -78.53994550000019 -3.0052647, -78.5426652000002 -3.0041128999999995, -78.54613600000019 -3.0029665, -78.5520798000002 -3.0026504999999997, -78.5540324999998 -3.0026933, -78.5605662999998 -3.0041397, -78.56297229999979 -3.0061272, -78.5694309999998 -3.0112323999999995, -78.57178059999978 -3.0127324, -78.57814009999979 -3.0143983999999997, -78.5828554999998 -3.0156171000000005, -78.58959849999978 -3.0146796999999994, -78.60041319999978 -3.013177, -78.60668959999991 -3.0122555999999996, -78.61245359999991 -3.0122288, -78.61798169999992 -3.0122181, -78.62341309999991 -3.0122421999999998, -78.6305692999999 -3.0085056999999997, -78.6402064999999 -3.0034754, -78.6422717999999 -3.0038558000000006, -78.6502083999999 -3.005229899999999, -78.6578714999999 -3.0058004, -78.66301059999975 -3.0060629000000003, -78.66599049999988 -3.003071, -78.67113769999986 -2.9974675000000004, -78.6728087000002 -2.9959942999999996, -78.67717000000019 -2.9922952, -78.68058439999993 -2.9894104, -78.6839721000002 -2.9865443999999997, -78.68558680000021 -2.984580999999999, -78.68760909999992 -2.9819238000000006, -78.69178529999995 -2.9762291, -78.69639339999993 -2.9708986999999993, -78.69917749999992 -2.9674915, -78.70486910000021 -2.9613575, -78.70904540000019 -2.9570207999999996, -78.7121272000002 -2.9537501999999995, -78.7157589000002 -2.9498607999999997, -78.7174487000002 -2.9480072, -78.71763650000021 -2.9447392000000003, -78.71796370000021 -2.9411658, -78.71997000000022 -2.9361942, -78.72270580000021 -2.9295831999999997, -78.73348560000021 -2.9256267, -78.7382037000002 -2.923899, -78.74160470000021 -2.9219166999999997, -78.74633070000021 -2.9190344, -78.75204920000022 -2.9155038, -78.7544659000002 -2.9139636, -78.76012799999984 -2.9104464, -78.76157640000052 -2.9095569999999995, -78.76612540000055 -2.908981099999999, -78.77010320000056 -2.908515, -78.77620790000056 -2.9076470999999997, -78.78408280000056 -2.9064389, -78.784 -2.9061)","MULTIPOINT ((-78.5003 -3.0067), (-78.784 -2.9061))",AC,243-AL1/39-ST1A 20.0,0.7,154.16984238170576,0.0,138.0,11.40644820493671,4.234643896082754,0.0,0.00012318079772687444,0.0,False,0.0,inf,0.0,0,inf,1.0,-inf,inf,0,0.0005989523317022007,0.00022236105314444202,0.0,2.3458551119105966,0.0005989523317022007,0.00022236105314444202,154.16984238170576
66,1.0,138.0,132,131,5.980550467845258,False,"MULTILINESTRING ((-78.48412869999979 -3.0089557, -78.5003 -3.0067), (-78.44289239999983 -2.9783586, -78.44348789999974 -2.9789291999999996, -78.44488259999983 -2.9803327000000004, -78.44647589999983 -2.9841228999999996, -78.44725099999982 -2.985306899999999, -78.45225199999985 -2.9892765, -78.45679699999982 -2.992680899999999, -78.46020069999985 -2.9957157, -78.46151229999984 -2.9968568, -78.46355479999978 -2.9987023, -78.47119509999978 -3.0017317, -78.47350449999979 -3.0039936999999997, -78.47579239999979 -3.0063013, -78.47743789999979 -3.0078212999999994, -78.47859399999977 -3.0090922999999994, -78.47944289999978 -3.0093547999999997, -78.48412869999979 -3.0089556999999996), (-78.4419 -2.978, -78.44098809999984 -2.9775818))","MULTIPOINT ((-78.5003 -3.0067), (-78.48412869999979 -3.0089557), (-78.48412869999979 -3.0089556999999996), (-78.44289239999983 -2.9783586), (-78.4419 -2.978), (-78.44098809999984 -2.9775818))",AC,243-AL1/39-ST1A 20.0,0.7,154.16984238170576,0.0,138.0,1.9137761497104826,0.7104893955800167,0.0,2.066729875562623e-05,0.0,False,0.0,inf,0.0,0,inf,1.0,-inf,inf,0,0.00010049234140466722,3.7307781746482706e-05,0.0,0.39358803750214594,0.00010049234140466722,3.7307781746482706e-05,154.16984238170576
67,1.0,138.0,51,132,33.11781807378683,False,"MULTILINESTRING ((-78.29302269999987 -2.738140299999999, -78.29531729999982 -2.73985090000002, -78.2974388999998 -2.741568300000019, -78.30283549999982 -2.7456674000000185, -78.3029427999998 -2.7475989999999997, -78.3027603999998 -2.7550255000000186, -78.30902340000019 -2.7575198000000003, -78.31146689999977 -2.7582365, -78.31285089999977 -2.7586892, -78.31436229999977 -2.7590789999999994, -78.32141249999975 -2.7611418999999997, -78.32454399999975 -2.7655852, -78.32641479999975 -2.7681799, -78.32871879999975 -2.7714858, -78.32961469999975 -2.7726754000000002, -78.33059239999976 -2.7740550999999996, -78.33191599999978 -2.7759532, -78.33475519999976 -2.7799315999999994, -78.33695589999977 -2.7828919, -78.33822459999979 -2.7846052, -78.34035019999976 -2.7876712999999995, -78.34134269999976 -2.7900677, -78.34259389999977 -2.7930267, -78.34400879999977 -2.7965054000000005, -78.34428499999976 -2.7971109, -78.34468469999976 -2.7980713000000006, -78.34611699999978 -2.8012726999999993, -78.34649249999977 -2.8023818, -78.34723009999978 -2.8041808, -78.34780949999977 -2.8056555999999997, -78.34886489999978 -2.8081176, -78.34983589999977 -2.8103598999999995, -78.3511171999999 -2.8134191, -78.35246439999977 -2.816635399999999, -78.35352389999983 -2.8192393, -78.35484089999981 -2.8224353, -78.35552479999983 -2.8240025, -78.35628929999982 -2.825926, -78.35688199999983 -2.8272734999999996, -78.35977079999982 -2.8341503000000006, -78.3605217999998 -2.8346192, -78.36303769999984 -2.8361916999999996, -78.36511639999982 -2.8376062, -78.36924169999982 -2.8403976, -78.37072759999984 -2.8413057, -78.37107089999981 -2.8440382, -78.37171469999983 -2.8486808, -78.37244419999982 -2.8545153999999995, -78.37254609999984 -2.855147599999999, -78.37284119999984 -2.8574809, -78.37301019999985 -2.858713199999999, -78.37340179999983 -2.8617214999999994, -78.37382559999983 -2.8647219, -78.37893519999983 -2.8698544999999998, -78.37990339999983 -2.8717271, -78.38205989999983 -2.876123, -78.38305769999984 -2.8795975, -78.38562589999982 -2.8835300000000004, -78.39005829999982 -2.8924611, -78.39090049999983 -2.8937576, -78.39314549999983 -2.8985311999999994, -78.39580889999982 -2.9038029999999995, -78.39771330000018 -2.9089194999999997, -78.39856360000019 -2.9100097000000003, -78.39990740000017 -2.9114241, -78.40098560000018 -2.9145635999999997, -78.40189760000018 -2.9171297999999997, -78.40250370000017 -2.9187879999999997, -78.40474070000019 -2.9225060000000003, -78.40641710000018 -2.9264061999999997, -78.40708490000017 -2.9301215999999997, -78.40820340000019 -2.93347, -78.40930579999991 -2.9370352999999993, -78.41107609999993 -2.937646, -78.41313599999998 -2.9400085999999996, -78.41656919999994 -2.9426605, -78.41815169999994 -2.9438712999999996, -78.42118260000018 -2.9471286, -78.42867940000019 -2.9553333, -78.43378370000019 -2.9608861, -78.43744220000019 -2.9648825999999997, -78.43984279999984 -2.9674700999999994, -78.44289239999983 -2.9783586, -78.4419 -2.978), (-78.2922 -2.7378, -78.29302269999987 -2.7381403))","MULTIPOINT ((-78.4419 -2.978), (-78.29302269999987 -2.7381403), (-78.29302269999987 -2.738140299999999), (-78.2922 -2.7378))",AC,243-AL1/39-ST1A 20.0,0.7,154.16984238170576,0.0,138.0,10.597701783611786,3.934396787165875,0.0,0.00011444696335988517,0.0,False,0.0,inf,0.0,0,inf,1.0,-inf,inf,0,0.0005564850758040215,0.00020659508439224296,0.0,2.1795279702256534,0.0005564850758040215,0.00020659508439224296,154.16984238170576
69,1.0,138.0,97,50,48.34390286962548,False,"MULTILINESTRING ((-79.19764690000032 -3.9508746, -79.202 -3.9606), (-78.86317309999988 -3.9791696999999995, -78.86439889999974 -3.9820916000000004, -78.86737079999975 -3.989077899999999, -78.8689265000001 -3.9911194000000005, -78.87173209999973 -3.994654, -78.87294169999974 -3.9962353999999998, -78.87645809999974 -4.000776, -78.88034459999975 -4.0058999, -78.88205719999975 -4.008103299999999, -78.8852236000001 -4.011385, -78.88994159999973 -4.015896099999999, -78.89271499999975 -4.018641299999999, -78.89682409999972 -4.0227858, -78.90146439999972 -4.0272166, -78.90446849999972 -4.0298948999999995, -78.90758509999972 -4.0328647, -78.91619499999972 -4.039644600000001, -78.91918299999973 -4.042025799999999, -78.92206909999973 -4.0442197, -78.92733329999973 -4.0475747, -78.93124759999974 -4.049907899999999, -78.93389759999972 -4.0517808, -78.94373279999972 -4.0538358, -78.94680439999972 -4.054477699999999, -78.95626719999971 -4.0622259, -78.95817969999973 -4.0623088, -78.96630409999973 -4.062643199999999, -78.97249459999972 -4.0615356, -78.97594929999973 -4.0544348999999995, -78.97756929999974 -4.0522838, -78.98254540000038 -4.04960670000001, -78.99005239999991 -4.041656599999999, -78.9960363999999 -4.036862, -78.999373 -4.035336899999999, -79.0036940999999 -4.0333115, -79.00783540000059 -4.027893500000011, -79.00953590000059 -4.025469400000011, -79.00985780000057 -4.02249950000001, -79.01161190000059 -4.018288100000011, -79.01266340000059 -4.01455830000001, -79.01432040000037 -4.0081645, -79.02161389999989 -3.9993792999999993, -79.02178289999989 -3.9970862, -79.0218337999999 -3.992743599999999, -79.02219589999989 -3.9874751, -79.0224185999999 -3.9840422, -79.02292549999989 -3.9812460000000005, -79.0238803999999 -3.9757474, -79.0244408999999 -3.972375900000001, -79.0251329999999 -3.9655607000000015, -79.02841599999988 -3.9626868999999982, -79.03009239999989 -3.9601528999999998, -79.03489349999991 -3.9588551999999995, -79.03778229999989 -3.9575012000000007, -79.040722 -3.9559573, -79.04294059999991 -3.9568179999999993, -79.04465900000034 -3.9573847000000093, -79.04773999999999 -3.9580965999999993, -79.05455949999987 -3.959829200000001, -79.05932749999985 -3.9648459, -79.06333299999987 -3.9682445, -79.06761919999987 -3.9696212, -79.07258929999985 -3.972260900000001, -79.07596349999986 -3.9727184, -79.08340930000058 -3.974845600000012, -79.08808440000057 -3.9763307000000103, -79.09166780000058 -3.9776900000000004, -79.09917320000058 -3.9805289999999993, -79.10961710000036 -3.976983499999999, -79.11663650000037 -3.9804915, -79.12315970000037 -3.9836755999999993, -79.12683960000035 -3.9854095, -79.13675310000036 -3.9871165999999993, -79.14148820000031 -3.9878771, -79.14445640000038 -3.988267099999999, -79.15568410000036 -3.9905228, -79.16176200000037 -3.9898029999999993, -79.16576650000034 -3.9883608000000006, -79.17279930000035 -3.984050199999999, -79.17785310000035 -3.9801692000000006, -79.18166270000036 -3.9773475000000005), (-78.8585 -3.9721, -78.86317309999988 -3.9791697))","MULTIPOINT ((-79.202 -3.9606), (-79.19764690000032 -3.9508746), (-79.18166270000036 -3.9773475000000005), (-78.86317309999988 -3.9791697), (-78.86317309999988 -3.9791696999999995), (-78.8585 -3.9721))",AC,243-AL1/39-ST1A 20.0,0.7,154.16984238170576,0.0,138.0,15.470048918280154,5.743255660911507,0.0,0.00016706453511118133,0.0,False,0.0,inf,0.0,0,inf,1.0,-inf,inf,0,0.0008123319112728499,0.00030157822206004553,0.0,3.1815770066573372,0.0008123319112728499,0.00030157822206004553,154.16984238170576
80,1.0,138.0,3,146,84.83316082032385,False,"MULTILINESTRING ((-80.8885 -2.2294, -80.84559919999943 -2.2430544), (-80.84559919999943 -2.2430543999999992, -80.84497149999943 -2.2430865999999994, -80.84122179999943 -2.2428453999999998, -80.83760079999944 -2.2426095, -80.83351319999943 -2.2423093, -80.82859929999941 -2.2418805, -80.82441509999941 -2.2416018, -80.82072439999942 -2.2412908999999996, -80.81472699999942 -2.2408299000000005, -80.80981319999941 -2.2424486999999997, -80.80503879999941 -2.242438, -80.80088679999943 -2.2424754999999994, -80.79655229999942 -2.2425264, -80.79208369999942 -2.2425665999999995, -80.78776539999943 -2.2426095, -80.67049919999944 -2.2409048999999994, -80.66648659999944 -2.2407762999999994, -80.66301049999944 -2.2407333999999994, -80.65911589999945 -2.2405832999999995, -80.65542519999944 -2.2405404, -80.65060799999944 -2.2403688999999996, -80.64650949999942 -2.2402617000000005, -80.64378439999942 -2.2402080999999994, -80.63943919999942 -2.2401115999999996, -80.63579139999942 -2.2399721999999995, -80.63146769999943 -2.2399294000000003, -80.62856019999941 -2.2398007, -80.62628569999941 -2.2397257000000006, -80.62232669999943 -2.2396184999999997, -80.61976259999943 -2.2395540999999994, -80.61531009999943 -2.2394201, -80.60912489999941 -2.2392379, -80.60709179999941 -2.2391039, -80.54646309999943 -2.2508911999999994, -80.48541609999943 -2.2443409000000005, -80.48066859999943 -2.243837, -80.47653789999943 -2.2433867999999997, -80.47349629999943 -2.2430543999999992, -80.46903309999942 -2.242572, -80.46543899999942 -2.2422075, -80.45978489999942 -2.2415803, -80.45548259999941 -2.2410926, -80.4506223999994 -2.240588699999999, -80.44534389999941 -2.239999, -80.44179259999942 -2.2396238000000004, -80.4388528999994 -2.2393022, -80.4348831999994 -2.2388841, -80.43049509999942 -2.2383802, -80.42715849999942 -2.2380211, -80.42285089999942 -2.237603, -80.41878459999941 -2.2371259, -80.41516899999941 -2.2367452999999995, -80.40999229999939 -2.2361717999999997, -80.40686489999939 -2.2358341, -80.40360869999941 -2.2354964, -80.4009747999994 -2.235217599999999, -80.39706949999939 -2.2347888000000005, -80.3952455999994 -2.234585099999999, -80.3918873999994 -2.233513, -80.3883415999994 -2.2323713, -80.38578269999941 -2.2315190000000005, -80.38307369999941 -2.2306667, -80.3790610999994 -2.2293694999999993, -80.37539179999942 -2.2281849, -80.37423309999942 -2.2278204000000006, -80.36965729999942 -2.2263409, -80.3659879999994 -2.225150899999999, -80.36341309999942 -2.2243415, -80.3608542999994 -2.2234570000000002, -80.3558760999994 -2.2218596, -80.35312949999943 -2.2209323, -80.34797429999942 -2.2193242, -80.34519549999942 -2.2184129, -80.34194469999942 -2.2173461999999997, -80.33792139999942 -2.2160275, -80.3351532999994 -2.2151430000000003, -80.3327232999994 -2.214435499999999, -80.3291183999994 -2.2132026, -80.32685999999941 -2.2124843, -80.32342669999942 -2.2113479000000003, -80.31904939999941 -2.2099487999999994, -80.31436619999941 -2.2084961, -80.3103374999994 -2.2082870999999993, -80.30696329999941 -2.2082119999999996, -80.30686669999989 -2.2087373, -80.30649660000003 -2.2102060999999993, -80.30168470000005 -2.211321, -80.298171 -2.2120071999999995, -80.29626660000004 -2.212462799999999, -80.29310160000003 -2.2132024999999995, -80.29029070000003 -2.2138028999999895, -80.28530710000003 -2.214915199999999, -80.27988370000006 -2.2160970999999994, -80.27731950000006 -2.2166546, -80.27431540000006 -2.2174157999999995, -80.27118260000006 -2.2180483, -80.26636540000005 -2.2191311, -80.25987440000006 -2.2189703, -80.25405940000005 -2.2188416999999996, -80.25033650000006 -2.218627299999988, -80.24684960000006 -2.218177, -80.24351290000006 -2.218241299999989, -80.24107750000005 -2.219594799999989, -80.23991340000003 -2.220246099999989, -80.23616899999999 -2.221870299999989, -80.23252130000004 -2.223371199999989, -80.22895930000003 -2.2225617999999896, -80.22665260000002 -2.221982899999988, -80.22277410000002 -2.221275299999989, -80.21921750000004 -2.2206266999999893, -80.21727020000004 -2.2204229999999994, -80.21075780000004 -2.2207820999999885, -80.205667 -2.221050199999989, -80.201869 -2.2212859999999996, -80.19614790000001 -2.221527199999989, -80.19184290000001 -2.217925, -80.18859199999999 -2.215271599999989, -80.184161 -2.211615799999989, -80.18096380000003 -2.209080399999989, -80.17631820000003 -2.2054191999999886, -80.17435250000008 -2.2038184000000003, -80.17252020000002 -2.2023261999999892, -80.17024570000002 -2.2004124999999886, -80.16805170000002 -2.1986275, -80.16417860000001 -2.1954648, -80.1614964 -2.1944516999999886, -80.15817580000001 -2.193261599999989, -80.15299380000005 -2.1914391, -80.14929230000003 -2.1901846999999885, -80.14765080000004 -2.1866574999999884, -80.14814430000004 -2.183934399999989, -80.14919580000004 -2.1810717999999993, -80.15040810000005 -2.177491, -80.14901340000004 -2.1735884999999886, -80.14746840000005 -2.1691714, -80.14614880000003 -2.1653976, -80.14500610000005 -2.1621598000000004, -80.14318220000004 -2.1569599999999998, -80.14144420000002 -2.1519638999999886, -80.13989450000005 -2.1484770999999894, -80.13980010000004 -2.147928), (-80.13980010000006 -2.147928, -80.1395 -2.1476))","MULTIPOINT ((-80.8885 -2.2294), (-80.84559919999943 -2.2430544), (-80.84559919999943 -2.2430543999999992), (-80.13980010000006 -2.147928), (-80.13980010000004 -2.147928), (-80.1395 -2.1476))",AC,243-AL1/39-ST1A 20.0,0.7,154.16984238170576,0.0,138.0,27.146611462503635,10.078179505454473,0.0,0.000293162358295324,0.0,False,0.0,inf,0.0,0,inf,1.0,-inf,inf,0,0.001425467940690172,0.0005292049729812263,0.0,5.58298395137615,0.001425467940690172,0.0005292049729812263,154.16984238170576
81,2.0,138.0,146,24,24.288374543326125,False,"MULTILINESTRING ((-80.1395 -2.1476, -80.139149 -2.1479496), (-80.13914899999999 -2.1479495999999996, -80.139178 -2.147377, -80.13860350000006 -2.1469734000000003, -80.1370601000003 -2.1462822999999993, -80.1324682000003 -2.1437440000000003, -80.12962500000032 -2.1421787, -80.12548500000031 -2.1398341, -80.1212847000003 -2.1375263, -80.11700660000031 -2.1351381, -80.11096090000031 -2.1318130999999996, -80.10766710000031 -2.1299985, -80.10043860000023 -2.1260584, -80.09839210000025 -2.1249112, -80.09482210000024 -2.1229116999999995, -80.09092750000023 -2.1207567, -80.08792610000023 -2.1203867999999995, -80.08333680000023 -2.1197971000000004, -80.07864560000024 -2.1189661999999996, -80.07623170000024 -2.1185158999999993, -80.07285740000025 -2.1180146, -80.07043540000024 -2.1176071999999997, -80.06646040000024 -2.1171301, -80.05886440000025 -2.1159266, -80.05512079999986 -2.1153262, -80.05229759999987 -2.1148942999999996, -80.04795349999986 -2.1142297999999995, -80.04403059999986 -2.1136428999999994, -80.03991089999987 -2.1130421, -80.03696579999985 -2.1091218, -80.03366619999984 -2.104764, -80.03200119999985 -2.1025380999999994, -80.02879849999987 -2.0983187, -80.02535759999986 -2.0937587999999994, -80.02331569999986 -2.0910787, -80.01989699999983 -2.0865188000000003, -80.01801299999983 -2.0840269999999994, -80.01469679999984 -2.0826261, -80.01112839999982 -2.0811034000000004, -80.00728579999982 -2.0794643, -80.00472589999983 -2.0783734999999997, -80.00124339999984 -2.0769060999999995, -79.99670259999982 -2.0749846000000005, -79.99406789999982 -2.0738135000000004, -79.99140269999982 -2.0727309, -79.98688399999985 -2.070778999999999, -79.98315609999983 -2.0691787999999995, -79.97899119999983 -2.0674069999999998, -79.97646019999982 -2.0663224, -79.97386449999982 -2.0652358999999993, -79.97150189999981 -2.0642119999999995, -79.96806289999982 -2.0627844, -79.9640028999998 -2.0583975, -79.96183079999982 -2.0560653, -79.9533140999994 -2.0553810000000006, -79.95080349999942 -2.0552094999999997), (-79.95080349999942 -2.0552094999999997, -79.9559 -2.0342), (-79.95080349999942 -2.0552095, -79.95080349999942 -2.0552094999999997))","MULTIPOINT ((-80.1395 -2.1476), (-80.139149 -2.1479496), (-80.13914899999999 -2.1479495999999996), (-79.9559 -2.0342), (-79.95080349999942 -2.0552095), (-79.95080349999942 -2.0552094999999997))",AC,243-AL1/39-ST1A 20.0,0.7,308.3396847634115,0.0,138.0,3.88613992693218,1.442729447873572,0.0,0.00016786919387249154,0.0,False,0.0,inf,0.0,0,inf,1.0,-inf,inf,0,0.00020406111777631695,7.575768997445767e-05,0.0,3.1969009281077287,0.00020406111777631695,7.575768997445767e-05,308.3396847634115
82,2.0,138.0,146,271,13.892486768606089,False,"MULTILINESTRING ((-80.1395 -2.1476, -80.13980010000006 -2.147928), (-80.13980010000004 -2.147928, -80.13981190000007 -2.1487038999999886, -80.13985020000003 -2.1506697000000004, -80.13837470000003 -2.1505987, -80.13727090000005 -2.150565999999999, -80.13655490000006 -2.1515733, -80.13575850000002 -2.152548399999989, -80.13448740000003 -2.154115599999989, -80.13346860000004 -2.155406399999989, -80.13224610000005 -2.156906399999989, -80.13164790000005 -2.1576665999999887, -80.13014130000003 -2.1584940999999893, -80.12863460000005 -2.159308599999989, -80.12745320000005 -2.1599454999999885, -80.12586430000006 -2.1608570999999888, -80.12462690000007 -2.1601789999999994, -80.12315950000007 -2.159420599999989, -80.11993680000008 -2.157748799999989, -80.11843570000006 -2.157799199999989, -80.11712540000008 -2.157829099999989, -80.11558320000006 -2.157311699999989, -80.11405040000007 -2.1567830999999886, -80.11277550000007 -2.1583745999999886, -80.11150250000006 -2.160020299999989, -80.11041270000007 -2.161344699999989, -80.10982010000006 -2.162104899999989, -80.10922940000005 -2.162868899999989, -80.10778630000004 -2.1646789999999996, -80.10655450000004 -2.1662050999999884, -80.10528899999998 -2.167787299999989, -80.10415430000006 -2.1691882, -80.10309630000006 -2.1705574, -80.10174290000006 -2.1722349, -80.10039890000004 -2.1739553, -80.09905480000006 -2.175636399999989, -80.09744720000006 -2.1764657999999995, -80.09583970000006 -2.1772559, -80.09434050000006 -2.1780517000000006, -80.0928012 -2.1788228999999886, -80.09111630000001 -2.1789050999999895, -80.0890178 -2.179021099999989, -80.08726150000001 -2.179128699999989, -80.08531899999998 -2.179254399999989, -80.08349860000001 -2.178948599999989, -80.0822564 -2.178715299999988, -80.08035260000003 -2.1784167999999884, -80.0794139 -2.178264499999989, -80.0778827 -2.1779912999999893, -80.07621350000001 -2.177706099999988, -80.07544540000002 -2.1775694999999886, -80.07452740000002 -2.177423199999989, -80.07396740000002 -2.1773675999999886, -80.07155050000003 -2.1797053999999885, -80.06998820000003 -2.181211199999989, -80.06673550000001 -2.178931699999989, -80.06547380000003 -2.180494599999989, -80.06445360000004 -2.181735699999989, -80.06350740000002 -2.1829077999999895, -80.06153110000004 -2.185387399999989, -80.06028910000003 -2.1851952999999895, -80.05852970000004 -2.184865399999989, -80.05675550000004 -2.1845600000000003, -80.05500340000003 -2.184267, -80.05320710000002 -2.183991199999989, -80.05141310000002 -2.183644, -80.05030180000003 -2.183451899999989, -80.04809880000003 -2.1824890999999895, -80.04675580000003 -2.184540299999989, -80.04572240000002 -2.186181299999989, -80.04412589999998 -2.1899915999999995, -80.04487940000001 -2.1902309, -80.0449 -2.1902))","MULTIPOINT ((-80.13980010000006 -2.147928), (-80.13980010000004 -2.147928), (-80.1395 -2.1476), (-80.0449 -2.1902))",AC,243-AL1/39-ST1A 20.0,0.7,308.3396847634115,0.0,138.0,2.222797882976974,0.8252137140552017,0.0,9.601797561916185e-05,0.0,False,0.0,inf,0.0,0,inf,1.0,-inf,inf,0,0.0001167190654787321,4.333195305897929e-05,0.0,1.8285663276913182,0.0001167190654787321,4.333195305897929e-05,308.3396847634115
84,1.0,138.0,38,273,9.036810588720083,False,"MULTILINESTRING ((-80.6914 -0.9928, -80.67090690000003 -1.0290064), (-80.67090690000002 -1.0290064, -80.665623 -1.0327716, -80.653781 -1.0411037999999997, -80.64922390000004 -1.0444640999999997, -80.64840990000003 -1.0450392999999998, -80.64651220000002 -1.0463789, -80.64512010000003 -1.0474113, -80.64382730000003 -1.0483391999999998, -80.64227160000002 -1.0493985000000001, -80.63980130000003 -1.0511926, -80.63684550000004 -1.0532924, -80.63610520000003 -1.0538207, -80.63355980000003 -1.0556469999999998, -80.63279540000002 -1.0562129000000002, -80.63063350000002 -1.0566607000000001, -80.62364370000003 -1.0581437, -80.62175010000003 -1.0585326, -80.619033 -1.059085, -80.61708840000003 -1.0594953, -80.61492120000001 -1.0599593000000003, -80.61245080000002 -1.0605037, -80.6109193 -1.0608174, -80.6087145 -1.0612518999999998, -80.60688260000002 -1.0617292, -80.60294780000004 -1.0626946, -80.6004721 -1.0632872999999998, -80.5992517000001 -1.0635796000000002), (-80.5992517000001 -1.0635796000000002, -80.5993 -1.0636), (-80.5992517000001 -1.0635796, -80.5992517000001 -1.0635796000000002))","MULTIPOINT ((-80.6914 -0.9928), (-80.67090690000003 -1.0290064), (-80.67090690000002 -1.0290064), (-80.5993 -1.0636), (-80.5992517000001 -1.0635796000000002), (-80.5992517000001 -1.0635796))",AC,243-AL1/39-ST1A 20.0,0.7,154.16984238170576,0.0,138.0,2.8917793883904266,1.0735730979399458,0.0,3.122897553314602e-05,0.0,False,0.0,inf,0.0,0,inf,1.0,-inf,inf,0,0.000151847268871583,5.637329856857519e-05,0.0,0.5947246100532327,0.000151847268871583,5.637329856857519e-05,154.16984238170576
88,2.0,138.0,62,42,74.96892815655865,False,"MULTILINESTRING ((-79.68563060000032 0.9252894, -79.6844 0.9052), (-79.47607849999991 0.3084746000000112, -79.47756000000035 0.310721700000019, -79.48097440000036 0.3161289000000189, -79.48378270000008 0.3197016, -79.49054990000008 0.3297381999999999, -79.491384 0.3315861999999999, -79.49224769999991 0.3336676, -79.49435059999989 0.3392063, -79.495241 0.3412501, -79.496839 0.3452907, -79.4979701999999 0.3481647, -79.49929649999991 0.3517372999999999, -79.49984639999991 0.3530811, -79.5009433999999 0.3558464, -79.5026438999999 0.359824, -79.50381609999991 0.3613688999999999, -79.50417009999991 0.3630936000000001, -79.50486479999991 0.3658535, -79.50595919999991 0.3688762999999999, -79.50711789999991 0.3718669, -79.50816390000008 0.3744096, -79.51029899999999 0.3799214, -79.51213630000008 0.3843416, -79.51376170000009 0.3885739999999999, -79.51751140000009 0.3978516, -79.52048870000009 0.4056028999999999, -79.52183780000007 0.4091352999999999, -79.52490360000009 0.419306, -79.525719 0.423356, -79.52632250000008 0.4265638999999999, -79.52754290000007 0.4337465999999999, -79.52791840000008 0.4359780999999999, -79.52885720000006 0.4411116999999999, -79.52949290000008 0.4443786, -79.52976110000007 0.4463473, -79.53081790000006 0.4521298999999998, -79.53119870000006 0.4541898000000001, -79.53220730000007 0.4594736000000002, -79.53269010000007 0.4623971, -79.53356980000007 0.4674207000000001, -79.53393730000008 0.4694295999999998, -79.53462260000009 0.4729432000000001, -79.53632180000008 0.4825343999999999, -79.53714790000008 0.4862678999999999, -79.5385158000001 0.4899317, -79.53944920000008 0.493456, -79.53989980000006 0.4954568, -79.54102099999999 0.4995122, -79.54139650000008 0.5013682, -79.54224940000007 0.5046081999999998, -79.54324720000005 0.5081325, -79.54501750000007 0.5144569000000001, -79.54564510000006 0.5171658, -79.54665360000007 0.5210763, -79.54743150000007 0.5241232, -79.54827370000007 0.5274382, -79.54894960000006 0.5300237999999999, -79.55024240000006 0.5348945, -79.55115440000006 0.5383703999999998, -79.55193220000007 0.5413476000000002, -79.552533 0.5445392, -79.55273690000007 0.5480312999999999, -79.553268 0.5523817, -79.55434620000007 0.5553641, -79.55670660000007 0.5615222, -79.55708210000006 0.562713, -79.55982330000008 0.5713976, -79.56141120000008 0.5780169999999999, -79.56216220000006 0.5806615, -79.56336920000007 0.5852316999999999, -79.56380370000005 0.5869589999999999, -79.564839 0.5908212, -79.56553640000007 0.5936748999999999, -79.56491410000007 0.5960566, -79.56404510000006 0.5993071999999998, -79.5633799000004 0.6018497999999999, -79.5624894000004 0.6054599, -79.5617598000004 0.6081902, -79.5610464000004 0.6109526999999998, -79.56036510000041 0.6135919, -79.55961940000041 0.6165046, -79.55874500000041 0.6198196, -79.55788670000041 0.6229522000000001, -79.55706060000041 0.6263584, -79.55613260000042 0.6297216999999999, -79.5546359000004 0.6354774, -79.5526564000004 0.6431050999999999, -79.55279050000041 0.6455458, -79.55303460000042 0.6515695999999999, -79.5531848000004 0.6547264, -79.5532680000004 0.6567164999999999, -79.55353890000042 0.6630863, -79.55367030000042 0.6659586999999999, -79.5537776000004 0.6684636999999999, -79.5540270000004 0.6741309, -79.55413430000041 0.6773975999999998, -79.55433550000042 0.680675, -79.55445350000019 0.6845612, -79.55473510000017 0.6906655000000002, -79.55485310000019 0.6936479, -79.55500070000018 0.6973196000000002, -79.55514550000018 0.7009616999999998, -79.55524740000021 0.7034936, -79.5568755000002 0.7057223, -79.55900250000019 0.7086323, -79.56073520000021 0.7110460999999999, -79.56231240000021 0.7132586999999999, -79.5638922000002 0.7154312, -79.56596020000019 0.7182607, -79.5693344000004 0.7229004999999997, -79.57093840000039 0.7251159000000001, -79.57251550000039 0.7273392, -79.57407120000039 0.7294204999999999, -79.5771557000004 0.7338296, -79.57978430000038 0.7373216000000001, -79.58312090000038 0.7421276999999998, -79.58566640000039 0.7455097000000002, -79.58804820000039 0.7487334, -79.59130170000037 0.7530863, -79.59336700000038 0.7559988999999999, -79.59524720000039 0.7603919999999998, -79.59692900000037 0.7645651000000001, -79.59935370000038 0.7703448, -79.60137070000039 0.7750006999999998, -79.60282180000038 0.7785489, -79.60422990000039 0.7818878999999999, -79.6049917000004 0.7835615, -79.60600290000038 0.7858251, -79.6071669000004 0.7886438, -79.60902570000037 0.7932432999999999, -79.61052510000039 0.796805, -79.61186890000039 0.8001412999999998, -79.6132341000004 0.8035044999999998, -79.61472270000039 0.8070849, -79.62090790000039 0.8223048999999999, -79.62195930000037 0.8247775999999999, -79.62320390000038 0.827666, -79.62483459999996 0.8314020999999999, -79.62777019999997 0.8380479000000001, -79.63051149999997 0.8433380000000001, -79.63132279999996 0.8463899999999999, -79.63177479999996 0.8472643, -79.63837499999998 0.8599222999999998, -79.64208989999996 0.8671124999999998, -79.64374689999995 0.8706827, -79.64737179999985 0.8778055999999999, -79.64999130000007 0.8831225999999999, -79.65209150000007 0.8873975999999998, -79.65565279999974 0.8932615999999999, -79.6572793000003 0.8959122000000002, -79.65872760000032 0.8998542999999998, -79.6601311000003 0.9038437, -79.6630506000003 0.9063504, -79.66461820000015 0.9076559, -79.6661420000003 0.9089249, -79.66863280000032 0.9110115, -79.67483740000031 0.9159939, -79.67840690000031 0.9189192999999999, -79.6815895999994 0.9218214999999998, -79.68204139999972 0.9222265999999999, -79.68236550000024 0.9225049, -79.68323049999957 0.9232476, -79.68408410000032 0.9239805999999998, -79.68563060000032 0.9252894000000002), (-79.47607849999991 0.3084746000000112, -79.47607849999991 0.3084746), (-79.4722 0.3149, -79.47607849999991 0.3084746000000112), (-79.4760784999999 0.3084745999999999, -79.47607849999991 0.3084746000000112))","MULTIPOINT ((-79.68563060000032 0.9252894), (-79.68563060000032 0.9252894000000002), (-79.6844 0.9052), (-79.47607849999991 0.3084746), (-79.4760784999999 0.3084745999999999), (-79.4722 0.3149))",AC,243-AL1/39-ST1A 20.0,0.7,308.3396847634115,0.0,138.0,11.995028505049383,4.453154332499584,0.0,0.0005181480346771204,0.0,False,0.0,inf,0.0,0,inf,1.0,-inf,inf,0,0.0006298586696623285,0.00023383503111213948,0.0,9.867611172391081,0.0006298586696623285,0.00023383503111213948,308.3396847634115
90,1.0,138.0,64,277,22.914154120427202,False,"MULTILINESTRING ((-79.56234189999991 -1.8325053000000002, -79.56036239999989 -1.8326393000000005, -79.5583265999999 -1.8327975000000005, -79.55814959999991 -1.8348081, -79.55794569999992 -1.8364782999999996, -79.55776329999992 -1.8380948000000004, -79.55758629999993 -1.8399954999999997, -79.55742 -1.841663, -79.55723759999991 -1.8431482, -79.55707669999993 -1.8449872, -79.55693189999992 -1.8463302999999998, -79.55676289999991 -1.8479816999999998, -79.55660459999991 -1.849480299999999, -79.55644909999991 -1.8509574, -79.55632569999992 -1.8523112, -79.55614059999999 -1.8539653000000005, -79.5559797 -1.8556165999999998, -79.5558053 -1.8572384999999996, -79.555631 -1.8589836999999998, -79.55547009999998 -1.8605708000000003, -79.55530639999999 -1.8621578000000005, -79.55517499999999 -1.8633454, -79.5550919 -1.8642166000000002, -79.5549819 -1.8654176000000005, -79.5548236 -1.8667795000000005, -79.5546681 -1.8683397000000002, -79.554491 -1.8699830000000002, -79.55431939999998 -1.8716879999999998, -79.5539707 -1.8750603999999995, -79.55382319999998 -1.8764812000000004, -79.55368639999998 -1.877851099999999, -79.55353349999999 -1.8794058999999999, -79.55331619999998 -1.8811966999999998, -79.5531392 -1.8832072, -79.55295149999999 -1.8850865, -79.55273689999997 -1.8867886999999999, -79.55260009999996 -1.8882712, -79.55247939999998 -1.8896624999999998, -79.55230769999999 -1.8912361000000006, -79.55216559999998 -1.8927935999999999, -79.55199659999997 -1.8944235, -79.55179269999998 -1.896166, -79.55162379999997 -1.8978333999999997, -79.55145209999998 -1.8995947000000004, -79.55127779999997 -1.9012728000000005, -79.55109539999998 -1.9031171, -79.55082709999998 -1.9055620000000002, -79.54986689999998 -1.9069372000000002, -79.54797059999997 -1.9095990999999999, -79.54603669999999 -1.9122691, -79.54413239999998 -1.9149552000000003, -79.54312919999998 -1.9163921, -79.54213679999997 -1.9177752999999995, -79.54113359999998 -1.9191639000000003, -79.54020829999996 -1.9204720999999998, -79.53939289999997 -1.9216757000000002, -79.53843529999997 -1.9230294999999997, -79.53746169999997 -1.9243429999999995, -79.53646929999996 -1.925769099999999, -79.53545539999996 -1.9271497000000002, -79.53352149999998 -1.9298545, -79.53252379999996 -1.9312967000000005, -79.53062739999999 -1.9339667, -79.52964839999996 -1.9353124, -79.52870969999996 -1.9366581, -79.52777889999996 -1.9379903999999994, -79.52683749999994 -1.9392959, -79.52586109999994 -1.940663, -79.52489289999995 -1.9419899999999999, -79.52298579999996 -1.9446465, -79.522031 -1.9459948999999999, -79.52103319999995 -1.947429, -79.51745509999981 -1.9524445, -79.5164787999998 -1.9538224, -79.5155748999998 -1.9550768999999992, -79.5136329999998 -1.9578273, -79.51267809999982 -1.9591569, -79.5116802999998 -1.9605481000000005, -79.51070129999981 -1.9619648, -79.5097329999998 -1.9633119000000003, -79.50875669999982 -1.9646951, -79.50771329999976 -1.9661024, -79.5076006999998 -1.9677644000000005, -79.50763019999981 -1.9711446, -79.50765699999981 -1.9727583999999996, -79.50767039999981 -1.9744042999999998, -79.50766769999983 -1.9761333, -79.50765159999978 -1.9794894000000005, -79.50761139999982 -1.9828655999999998, -79.50756849999982 -1.989665, -79.50752819999981 -1.9961412999999995, -79.5075550999998 -2.0002131, -79.5074986999998 -2.0052256999999996, -79.50746919999979 -2.010367, -79.50743709999979 -2.0135381, -79.50742359999978 -2.0187276999999995, -79.50738879999979 -2.0203333), (-79.5422 -1.7985, -79.56234189999991 -1.8325053), (-79.5073887999998 -2.0203333, -79.5074 -2.0203))","MULTIPOINT ((-79.56234189999991 -1.8325053000000002), (-79.56234189999991 -1.8325053), (-79.5422 -1.7985), (-79.5074 -2.0203), (-79.5073887999998 -2.0203333), (-79.50738879999979 -2.0203333))",AC,243-AL1/39-ST1A 20.0,0.7,154.16984238170576,0.0,138.0,7.332529318536705,2.7222015095067515,0.0,7.918563207275423e-05,0.0,False,0.0,inf,0.0,0,inf,1.0,-inf,inf,0,0.0003850309451027465,0.00014294273836939464,0.0,1.5080111771935314,0.0003850309451027465,0.00014294273836939464,154.16984238170576
91,1.0,138.0,77,38,21.353492948494388,False,"MULTILINESTRING ((-80.67041340000016 -1.0280785, -80.6914 -0.9928), (-80.49719900000017 -1.0194699, -80.50104260000016 -1.0190087, -80.50634270000016 -1.0168296999999997, -80.51147100000016 -1.0147339, -80.51590200000018 -1.012921, -80.52026870000019 -1.0118376, -80.52473190000019 -1.0107273, -80.52951690000019 -1.0095204999999998, -80.5330360000002 -1.0086301, -80.53601330000019 -1.0074071999999998, -80.5405945000002 -1.0079864999999997, -80.54533120000018 -1.0087051999999999, -80.54962810000018 -1.0093596, -80.55241230000019 -1.0097887, -80.55505690000018 -1.0101695000000002, -80.55771230000018 -1.010561, -80.56151570000016 -1.0111296, -80.56646710000015 -1.0119127, -80.57052260000019 -1.0125402, -80.57393700000016 -1.0130523999999999, -80.57905730000016 -1.0139025, -80.58152500000017 -1.0142779999999998, -80.58598820000016 -1.0150128, -80.58948040000017 -1.0130819000000002, -80.59352520000017 -1.0114997, -80.59788640000016 -1.0097993999999997, -80.60335280000018 -1.0076646999999999, -80.60834170000018 -1.0054549, -80.61195190000016 -1.0037734, -80.61557290000016 -1.0021884999999997, -80.61965530000018 -1.0003755999999997, -80.62301870000017 -0.9988523, -80.63080250000017 -0.9953873999999998, -80.63273910000017 -0.9969804000000001, -80.63422500000016 -0.9981818999999998, -80.63662830000017 -1.0001019999999998, -80.63914960000015 -1.0022099000000002, -80.64081790000019 -1.0035078999999998, -80.64332310000016 -1.0055514, -80.64576390000018 -1.007536, -80.64868210000016 -1.0099603, -80.65073670000015 -1.0115907999999998, -80.65272690000016 -1.0131570000000003, -80.65416990000014 -1.0143959999999999, -80.65550030000014 -1.0154204000000002, -80.65790360000015 -1.0174211000000002, -80.66080030000016 -1.0195531000000002, -80.66383660000014 -1.0215134999999997, -80.66603070000015 -1.0230206, -80.66788140000014 -1.0251392, -80.66994670000017 -1.0276118, -80.67041340000014 -1.0280785), (-80.4609 -1.0148, -80.45756939999946 -1.0173111))","MULTIPOINT ((-80.6914 -0.9928), (-80.67041340000016 -1.0280785), (-80.67041340000014 -1.0280785), (-80.49719900000017 -1.0194699), (-80.4609 -1.0148), (-80.45756939999946 -1.0173111))",AC,243-AL1/39-ST1A 20.0,0.7,154.16984238170576,0.0,138.0,6.833117743518204,2.5367949622811334,0.0,7.379237423301856e-05,0.0,False,0.0,inf,0.0,0,inf,1.0,-inf,inf,0,0.0003588068548371248,0.00013320704485828258,0.0,1.4053019748936053,0.0003588068548371248,0.00013320704485828258,154.16984238170576
93,1.0,138.0,91,278,23.62222331117186,False,"MULTILINESTRING ((-78.3299 -0.3, -78.29170970000003 -0.27074380000001), (-78.29170970000001 -0.27074380000001, -78.29125640000002 -0.2605489000000101, -78.29280140000002 -0.2566543000000099, -78.2948721 -0.2518157000000101, -78.29810140000002 -0.24741690000001, -78.30053690000001 -0.24232080000001, -78.30244660000001 -0.23804, -78.3038575 -0.23500380000001, -78.30549360000002 -0.2316509999999999, -78.30714050000002 -0.22829290000001, -78.31043960000001 -0.22166790000001, -78.31030649999988 -0.2193418, -78.31019119999988 -0.2165811, -78.31022859999986 -0.2111984, -78.30813169999986 -0.2050181, -78.30335319999982 -0.1962622, -78.30249489999981 -0.1947709, -78.29971609999981 -0.1895835, -78.29730209999981 -0.1863756, -78.29412639999981 -0.1823041, -78.2935925999998 -0.1816603, -78.29252239999981 -0.180397, -78.28894029999981 -0.1769692, -78.2883649999998 -0.1763764, -78.2847225999998 -0.1732463, -78.2835906999998 -0.1723048, -78.28255269999981 -0.1713205, -78.27718819999981 -0.1664979, -78.27367719999981 -0.1588241, -78.27295569999977 -0.1577968, -78.26990599999976 -0.1504262, -78.26808749999975 -0.1463599, -78.26633329999976 -0.1415695, -78.26545359999977 -0.1390965, -78.26327559999977 -0.1331876, -78.26211149999982 -0.1301997, -78.2618325999998 -0.1294755, -78.26336679999982 -0.1230489, -78.26437529999981 -0.1189237, -78.26502439999982 -0.1161557, -78.26666059999981 -0.1092785, -78.2694339999998 -0.1061832, -78.2721536999998 -0.1034796, -78.2732855999998 -0.1034957, -78.27448729999979 -0.1035278, -78.27545819999979 -0.1024711, -78.2768260999998 -0.1010978, -78.2778882999998 -0.0999444, -78.28042029999983 -0.0972998, -78.2840170999998 -0.0955832, -78.2868200999998 -0.0943923, -78.28871909999981 -0.0933837, -78.28989919999981 -0.0926756, -78.29068239999981 -0.0923994, -78.29092649999981 -0.0926663), (-78.29092649999981 -0.0926663, -78.2909 -0.0927))","MULTIPOINT ((-78.3299 -0.3), (-78.29170970000003 -0.27074380000001), (-78.29170970000001 -0.27074380000001), (-78.29092649999981 -0.0926663), (-78.29092649999981 -0.0926663), (-78.2909 -0.0927))",AC,243-AL1/39-ST1A 20.0,0.7,154.16984238170576,0.0,138.0,7.5591114595749955,2.8063201293672173,0.0,8.163254353741859e-05,0.0,False,0.0,inf,0.0,0,inf,1.0,-inf,inf,0,0.00039692876809362506,0.0001473598051547583,0.0,1.5546101591265995,0.00039692876809362506,0.0001473598051547583,154.16984238170576
95,1.0,138.0,142,3,15.209917079986292,False,"MULTILINESTRING ((-80.84439750000033 -2.2395943, -80.8885 -2.2294), (-80.71913300000014 -2.2834746, -80.71933820000005 -2.283447799999987, -80.72094620000033 -2.2827254999999997, -80.72248580000034 -2.2820153, -80.72427750000035 -2.2811684, -80.72615240000036 -2.2802705999999997, -80.72738620000035 -2.2796917, -80.72877560000033 -2.2790403999999995, -80.73013810000033 -2.2783945, -80.73151410000034 -2.2777431999999997, -80.73314220000033 -2.2769793999999997, -80.73468720000032 -2.2762746000000003, -80.73624020000032 -2.2755483, -80.73782800000032 -2.2747816999999997, -80.73935690000033 -2.2740527999999993, -80.74052360000032 -2.2735087000000003, -80.74215170000033 -2.2727315000000003, -80.74387910000033 -2.271914, -80.74560910000031 -2.2711233999999996, -80.74735520000033 -2.2702818999999996, -80.74897260000033 -2.2695127, -80.75043440000033 -2.2688212, -80.75216170000034 -2.2679956999999997, -80.75356990000033 -2.2673418, -80.75488420000033 -2.2667146, -80.75575590000034 -2.2662376000000006, -80.75782660000037 -2.265321, -80.75904700000036 -2.2647474, -80.76156020000036 -2.2635548, -80.76312930000036 -2.2628231, -80.76467690000035 -2.2620968, -80.76641230000035 -2.2612712999999998, -80.76736990000036 -2.2608264, -80.76958270000034 -2.2597864999999997, -80.77098550000035 -2.2591058000000004, -80.77238830000033 -2.2584492000000003, -80.77386350000033 -2.257747, -80.77495780000035 -2.2572297, -80.77637940000034 -2.2565489, -80.77800480000035 -2.2557796999999997, -80.77945320000035 -2.2551096999999998, -80.78105450000034 -2.2543432, -80.78247070000035 -2.2536812, -80.78375010000033 -2.2530674, -80.78497860000033 -2.2524966, -80.78618290000034 -2.2519203000000005, -80.78763400000034 -2.2512395999999995, -80.78898310000034 -2.2506043999999994, -80.79200860000033 -2.2491571, -80.79355630000033 -2.2484469, -80.79502610000033 -2.2477312999999994, -80.79648260000033 -2.2470505, -80.79813880000034 -2.2462598999999996, -80.80109060000034 -2.2448393999999996, -80.80264090000034 -2.2440862999999998, -80.80414030000033 -2.2434055, -80.80678090000035 -2.2421283999999995, -80.80884220000033 -2.2411488, -80.81092760000031 -2.2402188, -80.81254360000031 -2.2394603000000006, -80.81414490000027 -2.2387099, -80.8155718000003 -2.238013, -80.81689420000029 -2.2374127, -80.8184981000003 -2.2366487999999998, -80.8220279000003 -2.2349684, -80.82348170000027 -2.2352793, -80.8246887000003 -2.2355071000000004, -80.8255711000003 -2.2357188, -80.82848670000033 -2.2363353, -80.83144520000029 -2.2369276, -80.83329860000029 -2.2372921, -80.83373110000004 -2.2373702999999994, -80.83487030000032 -2.2375762000000003, -80.8364743000003 -2.2379487, -80.8379763000003 -2.2382729999999995, -80.83912430000031 -2.2384928, -80.84038760000031 -2.2387957, -80.84152490000031 -2.2390153999999995, -80.84294650000031 -2.2393101999999994, -80.84439750000033 -2.2395943000000003), (-80.7269 -2.2852, -80.71913300000016 -2.2834746))","MULTIPOINT ((-80.8885 -2.2294), (-80.84439750000033 -2.2395943000000003), (-80.84439750000033 -2.2395943), (-80.7269 -2.2852), (-80.71913300000016 -2.2834746), (-80.71913300000014 -2.2834746))",AC,243-AL1/39-ST1A 20.0,0.7,154.16984238170576,0.0,138.0,4.867173465595614,1.8069381491023715,0.0,5.256170013621434e-05,0.0,False,0.0,inf,0.0,0,inf,1.0,-inf,inf,0,0.00025557516622535257,9.488228046116212e-05,0.0,1.0009850173940658,0.00025557516622535257,9.488228046116212e-05,154.16984238170576
99,2.0,230.0,110,12,44.669154505996524,False,"MULTILINESTRING ((-78.26320589999986 -1.4092541, -78.26561449999991 -1.4094659, -78.27050149999991 -1.4084899, -78.27690129999974 -1.4019151, -78.28815579999974 -1.4005101000000002, -78.29786539999988 -1.4001078000000002, -78.30012209999936 -1.4012501, -78.30238859999986 -1.4023973999999997, -78.31327739999975 -1.4048647, -78.31554119999974 -1.4030199, -78.32517029999975 -1.3988153999999997, -78.32689229999974 -1.3982845, -78.3364275000001 -1.3979788000000002, -78.33883879999975 -1.3975899999999999, -78.34157699999975 -1.3967788, -78.34261810000011 -1.3965361999999997, -78.35563210000011 -1.3938413999999995, -78.3574399000001 -1.3938708999999998, -78.3640409000001 -1.3955762999999999, -78.3668920000001 -1.3954662999999998, -78.37176830000011 -1.3952598, -78.3770764000001 -1.3949702999999998, -78.38379800000011 -1.3932594999999999, -78.39342180000011 -1.3919938999999997, -78.3963883000001 -1.390428, -78.3996713000001 -1.3864379999999998, -78.40077379999975 -1.3856392, -78.40091529999975 -1.3855366999999998, -78.40104109999976 -1.3854455000000003, -78.40627209999977 -1.3816557, -78.40635540000011 -1.3815952999999999, -78.40698369999977 -1.380886, -78.40887449999978 -1.3787514999999997, -78.40916099999981 -1.3784281, -78.40922769999982 -1.3783526999999998, -78.40930239999982 -1.3782684000000003, -78.40961679999982 -1.3779135, -78.4106308000001 -1.3767688, -78.4124440000001 -1.3730361999999998, -78.4140104000001 -1.3698935, -78.42368609999973 -1.3698521999999997, -78.42721489999991 -1.3698372, -78.4359132999999 -1.3763451, -78.43783919999991 -1.3777609, -78.445521 -1.3835796, -78.44752729999992 -1.3851133999999998, -78.45911439999992 -1.3862126999999997, -78.46345959999992 -1.3866363999999998, -78.4649937999999 -1.3863146, -78.46727369999991 -1.3857890999999998, -78.47440299999998 -1.3802813999999999, -78.47884479999992 -1.3778520999999997, -78.48593649999991 -1.3739907999999998, -78.48905859999992 -1.3696468999999998, -78.49072159999992 -1.3672764999999998, -78.4945463999999 -1.3625464, -78.49716959999992 -1.3591891999999997, -78.50163279999991 -1.3537136999999997, -78.50682019999991 -1.3455297999999998, -78.50831149999992 -1.3440497, -78.51188419999993 -1.3408264999999997, -78.51407289999995 -1.3352866000000003, -78.51562859999993 -1.3319936999999997, -78.51752219999993 -1.3272529000000002, -78.51845559999992 -1.3251667, -78.524732 -1.3152450999999996, -78.52763409999993 -1.3112872, -78.53355109999993 -1.3025401, -78.53830050000023 -1.3010353, -78.54105030000024 -1.2999637, -78.54517680000023 -1.2985694, -78.55178780000023 -1.2965263999999999, -78.55403570000023 -1.2957737, -78.55832350000023 -1.2943758999999997, -78.56183330000023 -1.2932252999999996, -78.56338190000014 -1.2927347000000167, -78.5682191000002 -1.2912021999999999, -78.57038700000022 -1.2917035999999995, -78.57399800000049 -1.2925459, -78.57681880000015 -1.2932038, -78.57703750000023 -1.2932548, -78.58145680000021 -1.2943917999999999, -78.58579240000022 -1.2956406999999999, -78.58924600000022 -1.2966636999999999, -78.59302620000004 -1.2975197999999994, -78.59381590000022 -1.2976985999999997, -78.59740560000026 -1.2986336, -78.5979 -1.2974), (-78.2633 -1.4092, -78.26320589999987 -1.4092541))","MULTIPOINT ((-78.5979 -1.2974), (-78.2633 -1.4092), (-78.26320589999987 -1.4092541), (-78.26320589999986 -1.4092541))",AC,Al/St 240/40 2-bundle 220.0,0.7,1027.7989492113718,0.0,230.0,6.722707753152476,1.3400746351798956,0.0,0.00035083071909526527,0.0,False,0.0,inf,0.0,0,inf,1.0,-inf,inf,0,0.0001270833223658313,2.5332223727408233e-05,0.0,18.558945040139534,0.0001270833223658313,2.5332223727408233e-05,1027.7989492113718
100,2.0,138.0,16,24,17.90252087284384,False,"MULTILINESTRING ((-79.95649520000023 -2.1968854000000007, -79.95649520000025 -2.196885400000001), (-79.95649520000025 -2.196885400000001, -79.95649520000025 -2.1968854), (-79.95649520000025 -2.196885400000001, -79.95707720000024 -2.1968988, -79.95817559999992 -2.1957188, -79.95958239999992 -2.1942058000000007, -79.95887159999992 -2.1909654, -79.95781749999993 -2.1858890000000004, -79.95574819999993 -2.1813755, -79.95502269999992 -2.1798101999999995, -79.95949659999994 -2.1753743, -79.96245779999992 -2.1724528, -79.96559059999993 -2.1693610999999997, -79.96892189999993 -2.1659946999999997, -79.96991969999992 -2.1650083, -79.97211909999992 -2.1628372999999996, -79.97121419999993 -2.1581217999999995, -79.970785 -2.1561169, -79.96987309999994 -2.151362, -79.96936879999994 -2.1490221, -79.96847299999999 -2.1443557, -79.96712919999993 -2.1374967, -79.96648139999994 -2.1344343999999995, -79.96562039999995 -2.1299836999999995, -79.96503520000067 -2.1270503999999995, -79.96455550000015 -2.1246459000000164, -79.96373749999995 -2.1205460999999994, -79.96328750000012 -2.118476600000017, -79.96285509999996 -2.1164879999999995, -79.96192169999996 -2.1122878999999997, -79.96135920000013 -2.109706400000018, -79.96107679999994 -2.1084119999999995, -79.96001459999994 -2.1034667000000002, -79.95904359999994 -2.0990278999999994, -79.95798149999995 -2.0941871, -79.95710169999992 -2.090201299999999, -79.95616829999993 -2.0858724, -79.95561979999998 -2.0830915, -79.954736 -2.0793737, -79.95430819999997 -2.0769868, -79.95489959999992 -2.0753275999999996, -79.95640539999997 -2.0714370000000004, -79.95450929999993 -2.0702171, -79.95246359999997 -2.0689023, -79.95262090000006 -2.0684658999999996, -79.95342099999999 -2.0650411000000006, -79.95369459999992 -2.0638723999999997, -79.9545903999999 -2.0603021, -79.95487209999993 -2.0591709, -79.95516979999992 -2.0579807999999997, -79.9554352999999 -2.0569326999999995, -79.95570249999982 -2.0558299999999994, -79.95031529999982 -2.0553256, -79.9559 -2.0342), (-79.9009 -2.2404, -79.95649520000025 -2.196885400000001))","MULTIPOINT ((-79.95649520000025 -2.1968854), (-79.95649520000023 -2.1968854000000007), (-79.9559 -2.0342), (-79.9009 -2.2404))",AC,243-AL1/39-ST1A 20.0,0.7,308.3396847634115,0.0,138.0,2.8644033396550146,1.0634097398469242,0.0,0.0001237333417207011,0.0,False,0.0,inf,0.0,0,inf,1.0,-inf,inf,0,0.0001504097531849934,5.5839620869928805e-05,0.0,2.356377759729032,0.0001504097531849934,5.5839620869928805e-05,308.3396847634115
101,2.0,230.0,158,197,63.08752940879147,False,"MULTILINESTRING ((-79.297 -2.4605, -79.28971819999964 -2.4642454), (-79.28971819999964 -2.4642454000000003, -79.28288369999964 -2.4622309, -79.27944179999963 -2.4612206, -79.27629319999964 -2.4602185, -79.27359179999962 -2.4592656, -79.26602479999991 -2.461381699999999, -79.26321389999991 -2.4632253, -79.25662639999992 -2.4640613999999994, -79.25310729999991 -2.4640720999999997, -79.24636419999992 -2.4645679, -79.2419492999999 -2.4649082, -79.23603769999991 -2.4661195, -79.21985869999997 -2.4675128999999996, -79.21679019999998 -2.4664249, -79.20886959999997 -2.4639087000000006, -79.20357769999995 -2.4633699999999994, -79.20019539999993 -2.4632682000000004, -79.18759439999992 -2.46035, -79.18550489999991 -2.4604277000000003, -79.18188929999992 -2.4605027000000006, -79.17305409999993 -2.4597739, -79.16862849999993 -2.4592860999999995, -79.16447639999991 -2.4591361, -79.16127919999992 -2.4589056, -79.15901540000024 -2.4586323, -79.15080250000022 -2.4579088, -79.14474070000024 -2.4575925, -79.14206120000023 -2.4573407, -79.13742900000024 -2.4571906000000006, -79.13521350000023 -2.4571209, -79.13276200000021 -2.4570243999999994, -79.12633000000021 -2.4568476, -79.12340910000022 -2.4568770999999994, -79.11768260000021 -2.4570298999999993, -79.11437810000022 -2.4571129, -79.1110924000002 -2.4570914999999993, -79.10863280000021 -2.4568208, -79.10426080000022 -2.4565207, -79.10116820000022 -2.456242, -79.0953746000002 -2.4570888, -79.08668970000022 -2.4600927, -79.0823847000002 -2.4615318, -79.07740920000023 -2.463171799999999, -79.07262150000022 -2.4647554999999994, -79.0685284000002 -2.4660927, -79.06559140000022 -2.4669716, -79.05991320000022 -2.4686706, -79.05685609999998 -2.4695605999999994, -79.04299709999998 -2.473529, -79.040097 -2.4745091, -79.03542589999996 -2.4758386, -79.03047889999998 -2.4772565, -79.02858459999997 -2.4779341, -79.02213329999998 -2.4797168, -79.01870169999997 -2.4806572, -79.01262949999995 -2.4824399, -79.00673369999998 -2.4842160999999994, -79.00411919999998 -2.4850259, -79.00191 -2.4858355999999993, -78.99904049999998 -2.4868543, -78.99604040000001 -2.4879383, -78.99134080000002 -2.4890091999999995, -78.98732750000002 -2.4899039, -78.98333379999998 -2.4907463, -78.9784708 -2.4917779999999996, -78.97342479999999 -2.4929012, -78.97126649999998 -2.4934436, -78.968327 -2.4940762000000003, -78.9616854 -2.4955906999999993, -78.95887060000001 -2.4961217, -78.9538929 -2.4972299, -78.9508194 -2.4978947999999996, -78.9468855 -2.4986949, -78.94354389999998 -2.499357, -78.93824400000013 -2.4997496, -78.93721200000013 -2.5021728, -78.93595340000013 -2.5050213999999995, -78.9328163000001 -2.5124398, -78.9303573000001 -2.5155069000000005, -78.9277083000001 -2.5187378, -78.92485060000008 -2.5222478, -78.9220600000001 -2.5255903000000006, -78.9183677000001 -2.5323199, -78.9172910000001 -2.5342629, -78.9138707000001 -2.5380669, -78.91220530000011 -2.539901899999999, -78.9095712000001 -2.5428387, -78.90802120000012 -2.5445954999999993, -78.90553610000012 -2.5473833999999997, -78.90310690000011 -2.5499888000000004, -78.8999959000001 -2.5535323, -78.891449 -2.5630898, -78.88756509999997 -2.5672484, -78.8833273 -2.5717071, -78.88065579999999 -2.5745901999999994, -78.87789849999999 -2.5775162, -78.8746691 -2.5809460000000004, -78.8698733 -2.5819106, -78.8671697 -2.5825269, -78.8639617 -2.5832075, -78.8594663 -2.5840649000000004, -78.85689139999995 -2.5845632999999997, -78.85464909999999 -2.584022, -78.8493839 -2.5825349000000006, -78.8469672 -2.5819428, -78.8433409 -2.5809673999999996, -78.83977889999998 -2.5800349999999996, -78.8311744 -2.5823929, -78.8221622 -2.5848152, -78.81988759999999 -2.5853724999999996, -78.81487729999999 -2.5879447999999994, -78.81202339999997 -2.5894881999999995, -78.8080323 -2.5914923999999995, -78.8044918 -2.593282299999999, -78.80145549999999 -2.5949327999999996, -78.7967241 -2.5972264, -78.7918103 -2.5972908, -78.78467559999999 -2.5969477, -78.7819183 -2.5965619000000006, -78.776983 -2.5966905999999996), (-78.776983 -2.5966905999999996, -78.7794 -2.5958), (-78.776983 -2.5966906, -78.776983 -2.5966905999999996), (-78.776983 -2.5966905999999996, -78.77698299999999 -2.5966906))","MULTIPOINT ((-79.297 -2.4605), (-79.28971819999964 -2.4642454000000003), (-79.28971819999964 -2.4642454), (-78.7794 -2.5958), (-78.776983 -2.5966906), (-78.77698299999999 -2.5966906))",AC,Al/St 240/40 2-bundle 220.0,0.7,1027.7989492113718,0.0,230.0,9.494673176023115,1.892625882263744,0.0,0.0004954882973094734,0.0,False,0.0,inf,0.0,0,inf,1.0,-inf,inf,0,0.0001794834248775636,3.577742688589308e-05,0.0,26.211330927671142,0.0001794834248775636,3.577742688589308e-05,1027.7989492113718
103,2.0,230.0,40,17,18.64708631149593,False,"MULTILINESTRING ((-79.9808 -2.1267, -79.97252969999995 -2.1269303), (-79.97252969999995 -2.1269302999999997, -79.97248439999987 -2.1307658, -79.97253749999994 -2.1387880999999997, -79.97260189999994 -2.1433660999999993, -79.97267159999993 -2.1485659999999998, -79.97270919999994 -2.1513534999999995, -79.97274129999994 -2.1547066, -79.97266619999992 -2.1562235999999997, -79.9725311 -2.1631578, -79.97014769999993 -2.1651771999999996, -79.96891119999992 -2.1664316, -79.96586419999993 -2.1694523, -79.96276349999992 -2.1725358999999997, -79.95953679999994 -2.1756933, -79.95539819999993 -2.1797995, -79.95649519999994 -2.1820777, -79.95817699999999 -2.1855754, -79.95870939999993 -2.1884231999999995, -79.9598666999999 -2.1942916, -79.95844919999992 -2.1968606, -79.9579744999999 -2.1984204999999997, -79.9575452999999 -2.2000019, -79.95708129999987 -2.2015403, -79.95662529999989 -2.2030947999999997, -79.95619079999989 -2.2046680999999997, -79.95587699999989 -2.2062468, -79.95574819999986 -2.2078737000000004, -79.95582329999986 -2.2095166000000006, -79.95606469999987 -2.2111141, -79.95628999999987 -2.2126417999999997, -79.95655289999986 -2.2143437, -79.95677819999986 -2.215930399999999, -79.95702759999986 -2.2175464999999996, -79.95726639999987 -2.2191680999999996, -79.95747019999985 -2.2207895999999994, -79.95739779999985 -2.2224271999999994, -79.95708659999985 -2.2240165, -79.95648049999986 -2.2256782999999993, -79.95570259999985 -2.2271122000000005, -79.95464849999985 -2.2284361999999995, -79.95350589999984 -2.2295163, -79.95213259999984 -2.2304383000000003, -79.95064129999983 -2.2311377999999995, -79.94854379999985 -2.2318534, -79.94563499999985 -2.2325717, -79.94400689999986 -2.2329951, -79.94264969999985 -2.2333435999999995, -79.94102959999987 -2.2337991999999995, -79.93964419999986 -2.234178399999999, -79.93789279999986 -2.2346743, -79.93649529999986 -2.234995899999999, -79.93487259999985 -2.2354569, -79.93340809999985 -2.235912499999999, -79.93180949999986 -2.2364699999999997, -79.93032089999986 -2.2369765, -79.92862569999984 -2.2375233, -79.92547949999984 -2.2386194999999995, -79.92392379999986 -2.2391314, -79.92234939999985 -2.2396566999999994, -79.92110749999985 -2.2399703, -79.91964299999984 -2.2401579000000003, -79.91820269999985 -2.2402034, -79.91641359999984 -2.2399998, -79.91368449999985 -2.2396044, -79.91092179999987 -2.241234, -79.91101299999985 -2.2442062999999997, -79.91109879999985 -2.2466425, -79.91119939999986 -2.2491123000000006, -79.91117790000042 -2.2511485, -79.8999 -2.2394))","MULTIPOINT ((-79.9808 -2.1267), (-79.97252969999995 -2.1269303), (-79.97252969999995 -2.1269302999999997), (-79.8999 -2.2394))",AC,Al/St 240/40 2-bundle 220.0,0.7,1027.7989492113718,0.0,230.0,2.806386489880137,0.5594125893448778,0.0,0.00014645387341762604,0.0,False,0.0,inf,0.0,0,inf,1.0,-inf,inf,0,5.3050784307753063e-05,1.0574907170980677e-05,0.0,7.747409903792417,5.3050784307753063e-05,1.0574907170980677e-05,1027.7989492113718
104,2.0,230.0,25,22,143.99265664037424,False,"MULTILINESTRING ((-79.9549 -2.0332, -79.97969849999991 -2.0277362, -79.9736880999999 -2.0270534, -79.97151019999991 -2.0268015, -79.96855439999992 -2.0265173, -79.96770700000025 -2.0247059, -79.96717900000024 -2.0236156, -79.96943069999982 -2.0192082999999994, -79.97108749999984 -2.0161681999999996, -79.97363079999984 -2.0115665, -79.97547039999982 -2.0082385, -79.97762579999984 -2.0041738999999996, -79.97881709999984 -2.0020087, -79.98107779999984 -2.0007627999999995, -79.98562689999984 -1.9984924, -79.98996549999984 -1.9961942999999998, -79.99346179999984 -1.9944055999999992, -79.99712439999983 -1.9925117999999997, -80.00086449999984 -1.9905958, -80.00459359999984 -1.9886298999999998, -80.00812869999983 -1.9867305, -80.01164159999983 -1.9850082999999998, -80.01503269999984 -1.9832141, -80.01537619999984 -1.9794707, -80.01573639999984 -1.9762311999999995, -80.01602449999984 -1.9728754000000002, -80.01627939999983 -1.9707766, -80.01714929999984 -1.9613404000000003, -80.01790189999984 -1.9538127999999995, -80.01806539999984 -1.9512902999999997, -80.01803929999984 -1.9460857000000003, -80.01783979999985 -1.9418769999999996, -80.01764039999985 -1.9376959999999992, -80.01741319999984 -1.9334319000000004, -80.01724699999986 -1.9291900000000002, -80.01703639999985 -1.9251030999999998, -80.01682589999982 -1.9210973999999996, -80.01658679999981 -1.9171107000000003, -80.01648429999982 -1.9132776000000005, -80.01609519999982 -1.9061598999999996, -80.01596449999981 -1.9032048999999998, -80.01108489999984 -1.9001202999999995, -80.00626309999983 -1.8970810999999999, -80.00327359999983 -1.8951730999999998, -80.00037369999983 -1.8933503999999992, -79.99693999999982 -1.8911479000000004, -79.99345069999981 -1.8889453999999997, -79.99056789999982 -1.8870970999999996, -79.98769359999982 -1.8852787, -79.98448629999983 -1.8832425999999998, -79.98126179999981 -1.8811979999999997, -79.97787079999983 -1.8790339, -79.97461639999983 -1.8769893, -79.97157559999984 -1.8750642000000002, -79.96865429999984 -1.8732244, -79.96525899999986 -1.8710730999999998, -79.96618279999983 -1.8674297, -79.96720359999985 -1.8632945999999995, -79.96827259999985 -1.8591233000000007, -79.96920269999985 -1.8552417000000008, -79.97021139999984 -1.8511790000000001, -79.97123209999984 -1.8471403999999996, -79.97228309999984 -1.8430898000000002, -79.97324939999986 -1.8391055999999995, -79.97431239999986 -1.8349281000000002, -79.97531509999986 -1.8307929999999994, -79.97635999999984 -1.8268449, -79.97733239999985 -1.8228605999999998, -79.97835909999985 -1.8187617, -79.97936779999984 -1.8146565999999997, -79.9803748999999 -1.8105994000000003, -79.98139569999991 -1.8064160999999996, -79.982489 -1.8022242000000002, -79.98346269999989 -1.7982244000000007, -79.98444929999991 -1.7943142999999993, -79.98531199999998 -1.7910146, -79.986243 -1.7871982999999996, -79.9870800999999 -1.7838344999999998, -79.9879683999999 -1.7803256000000003, -79.98739619999992 -1.7766373999999998, -79.98679399999999 -1.7725053, -79.9861661999999 -1.7683303999999997, -79.9855041999999 -1.7639037, -79.9848592999999 -1.7596178, -79.9843063999999 -1.7557578000000003, -79.98371449999988 -1.7516707999999999, -79.98310439999989 -1.7477708999999997, -79.98258499999987 -1.7441667999999997, -79.98205349999988 -1.7405868, -79.98159449999989 -1.7374113000000002, -79.98109919999989 -1.7340666999999998, -79.9805133999999 -1.7300642, -79.98004829999988 -1.726617, -79.97951069999988 -1.7231274999999997, -79.97898529999989 -1.7197347000000003, -79.9784959999999 -1.7163599, -79.9790818999999 -1.7127194999999997, -79.9797039999999 -1.7087471, -79.9810051999999 -1.70087, -79.9815366999999 -1.6976521, -79.9821647999999 -1.6939996, -79.98279299999987 -1.6901419000000002, -79.98339699999988 -1.6867187, -79.98394059999988 -1.6830661999999998, -79.98461699999987 -1.6789488, -79.98514249999988 -1.6753747999999997, -79.98416749999998 -1.6717433999999998, -79.98292939999999 -1.6677527000000003, -79.98178789999997 -1.6637268999999997, -79.980575 -1.6597396, -79.97943039999997 -1.6556839999999997, -79.97831149999998 -1.6519144999999997, -79.97719249999997 -1.6481961, -79.97597959999996 -1.6441106999999997, -79.97487779999997 -1.6403368000000003, -79.97373319999996 -1.6362555999999997, -79.97259709999997 -1.6324560999999997, -79.97167059999997 -1.6292581999999998, -79.97090359999997 -1.6267103999999997, -79.970064 -1.6236132, -79.96906139999996 -1.6195561, -79.96805879999995 -1.6157886999999997, -79.96696559999995 -1.6114417999999997, -79.96597509999995 -1.6074268, -79.96494829999996 -1.6034239999999997, -79.96392149999994 -1.5993366000000002, -79.962937 -1.5955753, -79.96197059999993 -1.5917052000000003, -79.960956 -1.5876842, -79.96003789999993 -1.5840556999999995, -79.95911979999991 -1.5806504999999997, -79.9581171999999 -1.576551, -79.95716899999998 -1.5728862, -79.95612409999993 -1.5687384, -79.95517579999992 -1.5648985, -79.9540770999999 -1.5607004999999998, -79.95310469999993 -1.5568002, -79.952055 -1.5528552999999996, -79.95120409999993 -1.5493844, -79.94964409999993 -1.5462878999999998, -79.94780869999992 -1.5426428, -79.94590039999991 -1.5388823, -79.94407719999991 -1.5352432, -79.94221149999991 -1.5315616999999997, -79.94040649999992 -1.5279956, -79.93877779999993 -1.5247089, -79.93721589999991 -1.521647, -79.93521639999993 -1.5177042, -79.933685 -1.5146543999999997, -79.93197719999992 -1.5113433999999994, -79.93024519999993 -1.5078988, -79.92859209999992 -1.5046606999999999, -79.9268660999999 -1.5012103, -79.92515239999992 -1.4977835, -79.92333519999991 -1.4941383, -79.92165789999991 -1.4908393999999998, -79.91979209999991 -1.4872184999999998, -79.91821199999998 -1.4839803999999999, -79.9165893999999 -1.4808151999999999, -79.91469929999991 -1.4770302, -79.9134245999999 -1.4741730999999998, -79.91155559999991 -1.4701553999999997, -79.91113059999991 -1.4665497, -79.91073880000013 -1.4587218, -79.91052640000012 -1.454427, -79.91030830000011 -1.4499574, -79.9101304000001 -1.4462471, -79.90996220000012 -1.442718, -79.90978770000011 -1.4393885999999998, -79.90961800000014 -1.4362143, -79.90944350000014 -1.4325942000000003, -79.90907510000012 -1.4251502999999999, -79.90880850000012 -1.4215059, -79.90872120000012 -1.4182396, -79.90848640000013 -1.4142503, -79.90825920000013 -1.4097856, -79.90807330000013 -1.4061624999999998, -79.90793120000015 -1.4033311, -79.90775290000015 -1.3997054999999998, -79.90751720000014 -1.3951655, -79.90730560000014 -1.3917513999999997, -79.90712420000014 -1.3868177999999998, -79.90665480000013 -1.3775499999999998, -79.90452740000018 -1.3748435, -79.90179690000019 -1.3714514999999998, -79.89942050000018 -1.3684964999999998, -79.89685090000017 -1.3653324, -79.89437790000018 -1.3622755999999998, -79.89177880000018 -1.3590282999999999, -79.88905370000018 -1.3556658, -79.88679800000018 -1.3528556000000003, -79.88459050000019 -1.3501419999999997, -79.88239380000002 -1.3474203, -79.88003880000002 -1.3444868, -79.877995 -1.3419715999999997, -79.8759135 -1.3393759, -79.8734245 -1.3362332000000001, -79.8688352 -1.3306423, -79.86615839999999 -1.3273010999999997, -79.863782 -1.3243246999999998, -79.86137869999999 -1.3213642999999997, -79.85641659999999 -1.3152344000000002, -79.85387389999998 -1.3121346, -79.85151889999999 -1.3091796, -79.84929269999999 -1.3063532999999998, -79.84665339999998 -1.3031622999999999, -79.8440945 -1.2999443999999998, -79.8421633 -1.2976329999999996, -79.84063449999998 -1.2956808, -79.8387355 -1.2933211, -79.83653610000002 -1.2905966999999998, -79.83415429999998 -1.2881618, -79.8313272 -1.2853248, -79.82849479999999 -1.2825038, -79.82528149999999 -1.2792484, -79.82232569999998 -1.2762342999999998, -79.81953089999999 -1.2734509, -79.8169506 -1.2708176, -79.81448829999998 -1.2683291, -79.8114091 -1.2651971, -79.80841579999999 -1.2622098, -79.80528829999999 -1.2590509999999997, -79.79940359999999 -1.2531408, -79.7970754 -1.2507971, -79.79433419999998 -1.2479975, -79.7912604 -1.2448869, -79.7882509 -1.2418834999999997, -79.78553649999999 -1.2391376, -79.78241979999999 -1.2359680000000002, -79.78026329999997 -1.2337529999999999, -79.77806929999998 -1.2316022999999998, -79.77568749999999 -1.2291782, -79.7729302 -1.2264107999999998, -79.77071999999998 -1.2229998, -79.76860109999998 -1.2197710999999998, -79.76683620000007 -1.2171324999999997, -79.76249640000006 -1.2103909000000002, -79.76037740000008 -1.2071460999999999, -79.75854820000006 -1.204368, -79.75702470000007 -1.2020402999999997, -79.75346270000006 -1.1965322999999999, -79.75116140000007 -1.1930891, -79.74906920000005 -1.1898603999999997, -79.74772810000005 -1.1878008999999998, -79.74631730000004 -1.1856824, -79.744032 -1.1821748, -79.74159660000007 -1.1784366, -79.73821170000005 -1.1732611, -79.73578160000007 -1.1694959999999999, -79.73352320000005 -1.1660635, -79.73161880000006 -1.1631405, -79.72918330000005 -1.1594613, -79.72674790000005 -1.1556908999999995, -79.72456990000006 -1.1523655999999998, -79.7224429 -1.1490751999999997, -79.72018719999997 -1.1456238999999997, -79.71820769999998 -1.1424862999999998, -79.71605119999998 -1.1392360999999998, -79.7135675 -1.1354174, -79.7113413 -1.1319902, -79.70929739999998 -1.1289224, -79.7076157 -1.1262996999999997, -79.70594469999999 -1.1233927, -79.7040188 -1.1200191000000002, -79.70188379999999 -1.1162701, -79.69970050000053 -1.112671300000011, -79.69752790000052 -1.108916900000011, -79.69490470000052 -1.104288300000011, -79.69333290000054 -1.1015851000000112, -79.69138560000053 -1.1004427000000108, -79.68911650000055 -1.099107200000011, -79.68659520000053 -1.097675200000011, -79.68323170000053 -1.095706800000011, -79.67940690000053 -1.0934863000000106, -79.67526560000053 -1.091040600000011, -79.67161780000053 -1.0889167000000113, -79.66932180000053 -1.087602600000011, -79.66549160000054 -1.085387500000011, -79.66265380000053 -1.0837409000000113, -79.65563720000053 -1.0796379000000107, -79.64853470000054 -1.0755187000000113, -79.64501020000054 -1.075373900000011, -79.64137850000054 -1.0753471000000112, -79.63696900000055 -1.075320300000011, -79.63165820000054 -1.0753310000000003, -79.62554810000054 -1.075309600000011, -79.62029100000053 -1.075320300000011, -79.61649840000054 -1.0753417000000107, -79.61184740000056 -1.0753417000000107, -79.60774360000055 -1.075352500000011, -79.60422990000056 -1.075336400000011, -79.59810910000057 -1.075314900000011, -79.59482610000057 -1.074215400000011, -79.59059360000057 -1.072820900000011, -79.58659710000056 -1.071490800000011, -79.58273470000057 -1.070192800000011, -79.57363130000059 -1.0672107000000108, -79.56759100000058 -1.065183300000011, -79.56395920000057 -1.064405600000011, -79.55979650000059 -1.0635206000000108, -79.55704990000058 -1.062973500000011, -79.5548290000006 -1.062506900000011, -79.55150840000016 -1.0617801999999998, -79.54695940000057 -1.060833500000011, -79.54270540000016 -1.0599028999999998, -79.53822610000014 -1.0589159999999997, -79.53432080000016 -1.0581008, -79.53014730000015 -1.0572534, -79.52596840000015 -1.0563416000000003, -79.52182700000017 -1.0554404999999998, -79.51785740000017 -1.0546198999999998, -79.51405940000015 -1.0538100000000001, -79.51036870000016 -1.0530162, -79.50587330000016 -1.0520829, -79.50229520000015 -1.0512999, -79.49892630000015 -1.0505999, -79.49580970000004 -1.0499563, -79.49298260000012 -1.0493206999999998, -79.49248900000013 -1.0487602000000087), (-79.49248900000013 -1.0487602000000087, -79.49248900000012 -1.0487602), (-79.49248900000013 -1.0487602, -79.49248900000013 -1.0487602000000087), (-79.49248900000013 -1.0487602000000087, -79.4906 -1.0513))","MULTIPOINT ((-79.9549 -2.0332), (-79.49248900000013 -1.0487602), (-79.49248900000012 -1.0487602), (-79.4906 -1.0513))",AC,Al/St 240/40 2-bundle 220.0,0.7,1027.7989492113718,0.0,230.0,21.670894824376322,4.319779699211227,0.0,0.0011309156806806931,0.0,False,0.0,inf,0.0,0,inf,1.0,-inf,inf,0,0.0004096577471526715,8.165935159189465e-05,0.0,59.82543950800867,0.0004096577471526715,8.165935159189465e-05,1027.7989492113718
105,1.0,230.0,159,279,28.828354219258582,False,"MULTILINESTRING ((-79.75948899999987 -3.2082508, -79.7595 -3.2083), (-79.60024149999997 -3.3086625999999995, -79.60079129999998 -3.3086037, -79.60102469999995 -3.3090937000000005, -79.60134919999996 -3.3114555, -79.60480929999997 -3.3162164999999995, -79.60571049999996 -3.3171376, -79.60707309999997 -3.3188031999999996, -79.61200829999997 -3.3245709, -79.61824180000022 -3.3315274999999995, -79.62541939999997 -3.3315596999999997, -79.62779049999996 -3.3314311999999995, -79.62989329999996 -3.3313239999999995, -79.63666319999996 -3.330735, -79.64297179999996 -3.3302851, -79.648701 -3.3297602999999993, -79.65088959999997 -3.3296852999999995, -79.65659739999995 -3.3291926, -79.65892549999995 -3.3289997999999996, -79.66100689999995 -3.3288606, -79.66272359999995 -3.3285499999999995, -79.67095259999995 -3.3271039999999994, -79.67590929999996 -3.3262578999999994, -79.67767949999995 -3.3259579999999995, -79.68353749999996 -3.3249404, -79.68564029999996 -3.3246833999999996, -79.69193819999997 -3.3235587999999994, -79.69863299999999 -3.3224448, -79.70002769999998 -3.3221771000000007, -79.70519899999998 -3.3212451999999995, -79.70588569999998 -3.320699, -79.70673319999999 -3.3189851999999997, -79.71143249999999 -3.3149257999999997, -79.71481209999999 -3.3118838999999998, -79.7177196 -3.3094953999999994, -79.72031589999999 -3.3073317999999996, -79.7244385 -3.3037382, -79.7416449 -3.2887856, -79.74388720000002 -3.2867878999999998, -79.75026549999912 -3.2811993999999998, -79.7587733999991 -3.2757231999999994, -79.75903029999948 -3.2580308999999996, -79.75976219999947 -3.2546948, -79.76116219999949 -3.2481591999999995, -79.76222739999949 -3.2431909, -79.76297679999949 -3.2397096000000003, -79.76339849999947 -3.2377305, -79.76454019999912 -3.2321914999999994, -79.76508199999911 -3.2296635, -79.7659670999991 -3.2252770999999996, -79.76675569999912 -3.2216296999999994, -79.7671794999991 -3.2190856, -79.7657203999991 -3.2170770999999996, -79.76405379999987 -3.2147317999999996, -79.76234629999986 -3.2122921, -79.76159219999985 -3.2112327000000005, -79.75948899999987 -3.2082507999999996), (-79.6002 -3.3087, -79.60024149999997 -3.3086626))","MULTIPOINT ((-79.7595 -3.2083), (-79.75948899999987 -3.2082508), (-79.75948899999987 -3.2082507999999996), (-79.60024149999997 -3.3086626), (-79.60024149999997 -3.3086625999999995), (-79.6002 -3.3087))",AC,Al/St 240/40 2-bundle 220.0,0.7,513.8994746056859,0.0,230.0,8.677334619996833,1.729701253155515,0.0,0.00011320868228788386,0.0,False,0.0,inf,0.0,0,inf,1.0,-inf,inf,2,0.00016403279054814427,3.2697566222221456e-05,0.0,5.988739293029056,0.00016403279054814427,3.2697566222221456e-05,513.8994746056859
106,2.0,138.0,21,56,43.27148373890896,False,"MULTILINESTRING ((-79.75232009999988 -0.9264724, -79.7526 -0.927), (-79.49244080000013 -1.0473468999999997, -79.49509080000013 -1.0480736999999998, -79.49837110000013 -1.0487951, -79.50159250000014 -1.0494520999999999, -79.50499620000014 -1.0501707999999998, -79.50969010000014 -1.0511147999999997, -79.51317420000015 -1.0518416, -79.51660750000015 -1.0525816999999997, -79.51897590000016 -1.0530858999999997, -79.52194240000017 -1.0536999999999999, -79.52667110000017 -1.0546923, -79.53178340000015 -1.0557997999999997, -79.53508250000017 -1.0560411999999997, -79.54248550000054 -1.0565266000000118, -79.54554720000056 -1.056753200000011, -79.54748289999948 -1.0568953, -79.55130190000055 -1.057175600000011, -79.5537775000002 -1.0573526, -79.55641150000018 -1.0576127, -79.55976960000056 -1.0578085000000108, -79.56334230000058 -1.058103500000011, -79.56638400000057 -1.0583019000000111, -79.56933979999936 -1.0585272000000001, -79.58176629999933 -1.0594494000000003, -79.58950460000057 -1.0600236000000107, -79.59343140000058 -1.060297200000011, -79.59618870000057 -1.0605009999999997, -79.59930540000056 -1.060710200000011, -79.60276010000057 -1.0609998000000107, -79.60865560000056 -1.061439600000011, -79.61154160000056 -1.0616809000000111, -79.62073090000057 -1.0627966000000109, -79.63277940000056 -1.065188700000011, -79.63656660000058 -1.065955600000011, -79.64010719999943 -1.0667119, -79.64546890000054 -1.065767900000012, -79.64878680000054 -1.065145800000012, -79.65186060000055 -1.0645879999999999, -79.65799750000055 -1.063450900000012, -79.66089960000056 -1.062930600000012, -79.66398950000055 -1.0623459999999998, -79.66798070000054 -1.0616273000000123, -79.67162850000054 -1.060946100000012, -79.67626330000056 -1.060069200000012, -79.67997020000055 -1.0593639000000112, -79.68373600000055 -1.058639800000011, -79.68946520000056 -1.0576154000000118, -79.69240490000057 -1.057057600000011, -79.69471160000056 -1.056628500000011, -79.69816630000055 -1.0560009999999997, -79.70102010000055 -1.0554807000000108, -79.70441040000057 -1.054837100000011, -79.70796170000017 -1.0540809, -79.70927060000015 -1.0538449, -79.71513310000032 -1.0527882999999998, -79.71785480000031 -1.0522760999999996, -79.7206913000003 -1.0517478000000002, -79.7265430000003 -1.0506166000000001, -79.73165100000016 -1.0495809, -79.7357065000001 -1.0488192999999997, -79.7418755000001 -1.0476284999999999, -79.74465430000012 -1.0471083, -79.74913360000012 -1.0462609, -79.75148320000011 -1.045864, -79.75395619999993 -1.0453464, -79.75406619999995 -1.0433752999999997, -79.75414929999994 -1.0397066, -79.75422439999996 -1.0365636, -79.75439069999993 -1.0318918999999998, -79.75444969999992 -1.0297787, -79.75475549999992 -1.0180647, -79.75489499999999 -1.0145300999999998, -79.7550424999999 -1.0112503, -79.75518999999974 -1.0076486, -79.75521149999973 -1.0031216999999997, -79.75535629999975 -0.9987182000000001, -79.75550649999973 -0.9947009, -79.75565399999974 -0.9909222, -79.75574259999973 -0.9879212999999998, -79.75582299999974 -0.9854272, -79.75591149999974 -0.9816029000000001, -79.75599739999974 -0.9787522, -79.75609689999976 -0.9749329, -79.75620389999975 -0.9708274, -79.75633529999975 -0.9678854, -79.75647979999975 -0.9633133000000004, -79.75660089999975 -0.9594831999999999, -79.75664379999974 -0.9561202000000003, -79.75492179999975 -0.9514485000000004, -79.75334469999974 -0.9471896999999998, -79.75142419999975 -0.9419225, -79.75053369999974 -0.9394499, -79.74908529999973 -0.9354109999999998, -79.74823239999975 -0.9330670999999999, -79.74784609999975 -0.9320104000000001, -79.74794539999985 -0.9284193999999999, -79.75038079999986 -0.9264375000000004, -79.75232009999988 -0.9264723999999998), (-79.4916 -1.0523, -79.49244080000013 -1.0473469))","MULTIPOINT ((-79.7526 -0.927), (-79.75232009999988 -0.9264724), (-79.75232009999988 -0.9264723999999998), (-79.49244080000013 -1.0473469), (-79.49244080000013 -1.0473468999999997), (-79.4916 -1.0523))",AC,243-AL1/39-ST1A 20.0,0.7,308.3396847634115,0.0,138.0,6.923437398225434,2.5703261340911925,0.0,0.0002990710259329905,0.0,False,0.0,inf,0.0,0,inf,1.0,-inf,inf,0,0.0003635495378190209,0.0001349677659153115,0.0,5.695508617867871,0.0003635495378190209,0.0001349677659153115,308.3396847634115
108,2.0,230.0,161,75,70.32473218790679,False,"MULTILINESTRING ((-77.4499 -0.0227, -77.44985820000085 -0.0227237), (-77.44985820000083 -0.0227237, -77.4308182000002 -0.0277364, -77.42804830000021 -0.0273807, -77.42575340000022 -0.0270859, -77.4222593000002 -0.0266371, -77.42030400000021 -0.0263859, -77.41239250000021 -0.0253593, -77.41042850000021 -0.0251044, -77.4075443000002 -0.0247301, -77.4039417000002 -0.0242626, -77.39878920000022 -0.023594, -77.39451180000022 -0.0230389, -77.39175980000022 -0.0226818, -77.38893180000024 -0.0223148, -77.38614820000022 -0.0219536, -77.38245010000021 -0.0214737, -77.37819330000023 -0.0209213, -77.37389750000024 -0.0203639, -77.37151960000024 -0.0200553, -77.36760140000024 -0.0195468, -77.36465640000024 -0.0191647, -77.35928700000025 -0.0184679, -77.35723920000021 -0.0182021, -77.35309430000021 -0.0193037, -77.3513333000002 -0.0197718, -77.34708450000021 -0.020901, -77.34301410000025 -0.0221497, -77.33934540000024 -0.0231458, -77.33732720000025 -0.0236538, -77.32689580000024 -0.0253453, -77.32277530000023 -0.0252623, -77.31976960000023 -0.0252866, -77.31431009999986 -0.0253308, -77.31212609999984 -0.0252832, -77.31016879999986 -0.0252664, -77.30325939999985 -0.0251913, -77.29980469999985 -0.0252342, -77.29647879999985 -0.0252128, -77.29389309999985 -0.0230133, -77.28988049999985 -0.0197303, -77.28789569999985 -0.0179922, -77.28379729999985 -0.0145268, -77.28160859999984 -0.0126171, -77.27905509999985 -0.0104713, -77.27638359999985 -0.008229, -77.27300409999985 -0.0080788, -77.26928119999984 -0.0079393, -77.26547239999984 -0.0078213, -77.26199629999984 -0.0076926, -77.25889559999983 -0.0087118, -77.25596669999985 -0.0096559, -77.25074169999985 -0.0112867, -77.24873539999984 -0.0119841, -77.24619269999982 -0.0154602, -77.24363919999983 -0.0189364, -77.24115019999982 -0.0224984, -77.23860739999984 -0.0259638, -77.23648309999983 -0.0290215, -77.23402619999983 -0.0323689, -77.22993849999983 -0.033474, -77.22577569999983 -0.0345898, -77.22165589999985 -0.0357163, -77.21748229999983 -0.0368643, -77.21337319999982 -0.0379479, -77.20929619999984 -0.0390744, -77.20520859999982 -0.0402009, -77.20097069999981 -0.0412953, -77.19652889999982 -0.0401795, -77.19277379999983 -0.0392568, -77.18907239999982 -0.0383663, -77.18512419999982 -0.0373793, -77.18118669999981 -0.0362635, -77.17764619999981 -0.0353193, -77.17331169999983 -0.0349331, -77.16929909999983 -0.0345683, -77.16535089999984 -0.0338065, -77.16161189999984 -0.0321811, -77.15737939999983 -0.0309098, -77.15343119999983 -0.0297511, -77.14954729999984 -0.0284743, -77.14658619999986 -0.0276053, -77.14385029999983 -0.0266719, -77.13992359999985 -0.0270045, -77.13630799999983 -0.0274229, -77.13233829999984 -0.027734, -77.12697389999983 -0.0282383, -77.12453839999985 -0.0284314, -77.12085309999983 -0.0287694, -77.11854099999982 -0.0289893, -77.11495759999983 -0.0293541, -77.11096649999985 -0.0296867, -77.10776929999984 -0.0299764, -77.10471149999984 -0.0302768, -77.10175039999986 -0.0305557, -77.09931489999984 -0.0325405, -77.09654689999984 -0.0346649, -77.09313509999987 -0.0373685, -77.08988429999985 -0.0398362, -77.08667639999985 -0.0424862, -77.08357569999984 -0.0448143, -77.08024979999985 -0.0474214, -77.07695599999985 -0.0499534, -77.07355499999986 -0.0526464, -77.07069039999985 -0.0549102, -77.06808329999984 -0.0569808, -77.06476809999985 -0.0595665, -77.06137779999983 -0.0622165, -77.05811619999986 -0.0647485, -77.05438259999983 -0.0676989, -77.05162529999984 -0.069834, -77.04888939999982 -0.0720334, -77.04554199999983 -0.0746834, -77.04225899999986 -0.0772369, -77.03878279999985 -0.0799566, -77.03552129999986 -0.0825047, -77.03210949999986 -0.0851547, -77.02928779999986 -0.0873863, -77.02491049999986 -0.0891888, -77.02067259999984 -0.0909483, -77.01659559999986 -0.0926005, -77.01288339999986 -0.0941133, -77.00887089999986 -0.0957548, -77.00507279999987 -0.0973319, -77.00144649999986 -0.0988662, -76.99735339999987 -0.100513, -76.99387189999985 -0.1019346, -76.99023489999986 -0.103501, -76.98234919999985 -0.1067089, -76.97457609999985 -0.1099651, -76.96743609999986 -0.1128565, -76.95090289999986 -0.1195835, -76.93809269999986 -0.1249694, -76.93538909999984 -0.1249586, -76.93169829999985 -0.124905, -76.92035799999984 -0.124905, -76.91682279999985 -0.1248889, -76.89863209999984 -0.1247977, -76.89413669999983 -0.1248299, -76.89002749999985 -0.1248192, -76.88559649999985 -0.1248514, -76.88150879999985 -0.1248889, -76.87295799999985 -0.1248621, -76.86877369999985 -0.1247763, -76.86807359999983 -0.1247655), (-76.86807359999985 -0.1247655, -76.8665 -0.1234))","MULTIPOINT ((-77.4499 -0.0227), (-77.44985820000085 -0.0227237), (-77.44985820000083 -0.0227237), (-76.86807359999985 -0.1247655), (-76.86807359999983 -0.1247655), (-76.8665 -0.1234))",AC,Al/St 240/40 2-bundle 220.0,0.7,1027.7989492113718,0.0,230.0,10.583872194279971,2.1097419656372036,0.0,0.0005523291550179942,0.0,False,0.0,inf,0.0,0,inf,1.0,-inf,inf,1,0.0002000731983795836,3.988170067367115e-05,0.0,29.218212300451892,0.0002000731983795836,3.988170067367115e-05,1027.7989492113718
114,1.0,138.0,165,280,15.255458863969348,False,"MULTILINESTRING ((-78.3659773999999 -0.4539698, -78.3656501999999 -0.451513, -78.36524789999997 -0.448509, -78.3650118 -0.4459771, -78.36476509999999 -0.4438851, -78.36449679999998 -0.4407362, -78.36434129999998 -0.4387889999999999, -78.364116 -0.4364234, -78.36352589999998 -0.4314024, -78.36333279999997 -0.4279799999999999, -78.36305919999998 -0.4245736999999999, -78.3626193 -0.4178523, -78.36376189999999 -0.4161089, -78.36548389999999 -0.4137003, -78.3664066 -0.4123056, -78.36782279999997 -0.4100311999999999, -78.36951259999998 -0.407172, -78.37097169999997 -0.4048867999999999, -78.37250049999999 -0.4026177, -78.37428149999998 -0.3997745999999999, -78.37556359999998 -0.397645, -78.37803129999996 -0.3947589999999999, -78.37958159999995 -0.3928225000000001, -78.38127669999996 -0.3908324, -78.38261779999995 -0.3898239, -78.38339569999998 -0.3866536, -78.38447389999997 -0.3826465, -78.38503179999996 -0.3809781999999999, -78.38609929999997 -0.3770299999999999, -78.38855619999998 -0.3729693, -78.38995639999999 -0.3706519, -78.3924991 -0.3665911, -78.39349689999999 -0.3643327, -78.39525639999998 -0.3604275000000001, -78.3964473 -0.3577346000000001, -78.39779379999999 -0.3547199, -78.39885589999999 -0.3520592, -78.40054039999997 -0.3489479, -78.40159179999998 -0.3472259, -78.40393069999996 -0.3434924, -78.40545419999998 -0.3410301000000001, -78.40677379999997 -0.3390185000000001, -78.40968129999999 -0.3341638, -78.4113175 -0.3306394), (-78.41131749999998 -0.3306394, -78.4113 -0.3306), (-78.366 -0.454, -78.3659773999999 -0.4539698))","MULTIPOINT ((-78.4113175 -0.3306394), (-78.41131749999998 -0.3306394), (-78.4113 -0.3306), (-78.366 -0.454), (-78.3659773999999 -0.4539698), (-78.3659773999999 -0.4539698))",AC,243-AL1/39-ST1A 20.0,0.7,154.16984238170576,0.0,138.0,4.8817468364701915,1.8123485130395587,0.0,5.2719081243606136e-05,0.0,False,0.0,inf,0.0,0,inf,1.0,-inf,inf,0,0.0002563404135932678,9.516637854650067e-05,0.0,1.0039821832032352,0.0002563404135932678,9.516637854650067e-05,154.16984238170576
115,2.0,230.0,8,92,30.61578780215203,False,"MULTILINESTRING ((-78.5352 -0.3632, -78.5328894999997 -0.3789028), (-78.53288949999968 -0.3789028, -78.53109959999992 -0.3809460000000001, -78.53135709999995 -0.3824748, -78.53030559999992 -0.3839607, -78.53024129999991 -0.3857631, -78.53040219999993 -0.388633, -78.530649 -0.3907734, -78.53090639999994 -0.3926937999999999, -78.52822959999993 -0.3952713, -78.52474809999994 -0.3963522, -78.52137839999924 -0.3977950000000001, -78.51713059999994 -0.3996137, -78.51470589999994 -0.4007831, -78.51221679999993 -0.4018452, -78.51018909999993 -0.4027143000000001, -78.50735669999993 -0.4039694999999999, -78.50180979999993 -0.4032078, -78.49677269999994 -0.4025426, -78.49535639999993 -0.4023549, -78.493613 -0.4020974, -78.486312 -0.4012659, -78.47994449999995 -0.4003915, -78.47790059999994 -0.4001876999999999, -78.47417239999993 -0.399603, -78.46875969999994 -0.3988627, -78.46521909999996 -0.3984120999999999, -78.46156599999999 -0.3982941, -78.45780019999997 -0.3982512, -78.45618009999997 -0.3984282, -78.449775 -0.3979990999999999, -78.444491 -0.3974465, -78.44229159999996 -0.3972051, -78.43791429999997 -0.3967599, -78.43335449999998 -0.3962127999999999, -78.42837099999998 -0.3957568, -78.42446029999996 -0.395038, -78.42265249999998 -0.3947536999999999, -78.41977179999996 -0.3945873999999999, -78.41698769999998 -0.3946785999999999, -78.40930049999997 -0.3939598, -78.40748729999996 -0.3937613, -78.40333519999996 -0.3934394, -78.39679599999998 -0.3930264, -78.39315889999996 -0.3928117999999999, -78.38718299999998 -0.3923718999999999, -78.38518739999995 -0.3920286, -78.38058469999996 -0.3914062999999999, -78.37761819999996 -0.3896469, -78.37525789999994 -0.3891104, -78.37283309999995 -0.3885418, -78.37029579999995 -0.3881930999999999, -78.36621879999996 -0.3876352, -78.36446459999996 -0.386675, -78.364749 -0.3844328, -78.36488309999996 -0.3823139, -78.365323 -0.3782316, -78.36566089999995 -0.3747447999999999, -78.36620269999995 -0.3700564, -78.36542489999995 -0.3655880000000001, -78.36506009999994 -0.3619884999999999, -78.36501719999995 -0.3560127, -78.36502249999995 -0.3548592999999999, -78.36463089999995 -0.3497364, -78.364293 -0.3456541999999999, -78.363719 -0.3422317, -78.36303229999994 -0.3386913, -78.36227059999995 -0.3352581, -78.36118159999995 -0.3315299, -78.36150349999996 -0.3269649000000001, -78.36063449999996 -0.3235316999999999, -78.35978149999995 -0.319841, -78.35935769999995 -0.3181942, -78.35496959999982 -0.3158124, -78.35083369999984 -0.3135165, -78.34776519999984 -0.3118589, -78.34494350000037 -0.3109832, -78.34258450000037 -0.3080542, -78.3289 -0.299))","MULTIPOINT ((-78.5352 -0.3632), (-78.5328894999997 -0.3789028), (-78.53288949999968 -0.3789028), (-78.3289 -0.299))",AC,Al/St 240/40 2-bundle 220.0,0.7,1027.7989492113718,0.0,230.0,4.60767606422388,0.918473634064561,0.0,0.00024045583510776206,0.0,False,0.0,inf,0.0,0,inf,1.0,-inf,inf,0,8.71016269229467e-05,1.7362450549424592e-05,0.0,12.720113677200613,8.71016269229467e-05,1.7362450549424592e-05,1027.7989492113718
116,1.0,500.0,93,257,104.140592016086,False,"MULTILINESTRING ((-78.34046500000015 -0.3050749999998916, -78.34046500000035 -0.305075), (-78.34046500000034 -0.305075, -78.34046500000015 -0.3050749999998916), (-78.33953810376816 -0.3045530906611624, -78.34046500000015 -0.3050749999998916), (-78.34046500000015 -0.3050749999998916, -78.33960590000035 -0.3045527, -78.33953810376816 -0.3045530906611624), (-78.3279 -0.298, -78.33953810376816 -0.3045530906611624), (-78.33953810376816 -0.3045530906611624, -78.33611770000033 -0.3045728, -78.33398800000033 -0.3049845, -78.32870950000033 -0.3086966, -78.32407190000035 -0.3119635, -78.31833060000034 -0.3109013999999999, -78.31200870000033 -0.3097211999999999, -78.30801489999983 -0.3081843, -78.30599789999982 -0.3071543999999999, -78.30256459999981 -0.3054806999999999, -78.29971079999983 -0.3039786999999999, -78.29459309999983 -0.3012750000000001, -78.29085949999984 -0.2994404, -78.28648209999983 -0.3000733999999999, -78.28320979999985 -0.3005777, -78.27916499999986 -0.3011891999999999, -78.27474479999985 -0.3018866, -78.27035669999985 -0.3025303, -78.26603289999984 -0.3031204, -78.26219199999983 -0.3037212, -78.25763229999984 -0.3043864, -78.25431709999984 -0.3050086, -78.25319049999983 -0.306811, -78.25010059999981 -0.3122075999999999, -78.24936029999981 -0.3135808, -78.24606659999974 -0.3193742999999999, -78.23370699999975 -0.3373985, -78.23196889999976 -0.3395442, -78.22691559999974 -0.3432884999999999, -78.22409389999976 -0.3438142, -78.21692539999994 -0.3450053, -78.21499309999994 -0.3453297, -78.21229919999995 -0.3457880999999999, -78.13907169999999 -0.368276, -78.1350845 -0.3680247999999999, -78.13164759999998 -0.3675225, -78.12460539999985 -0.3665589, -78.12241669999986 -0.3658401, -78.11840419999987 -0.3645956, -78.11051849999988 -0.3622566999999999, -78.10586219999988 -0.3607869, -78.10272929999985 -0.3598964, -78.10028319999986 -0.3597462, -78.09851289999986 -0.3596925999999999, -78.09563759999985 -0.3595959999999999, -78.09400679999986 -0.3595637999999999, -78.09173229999986 -0.3577078, -78.08066009999985 -0.359006, -78.07423349999986 -0.3635978, -78.07239889999987 -0.3637051, -78.07078959999987 -0.3638875, -78.06323649999987 -0.3681575, -78.06072589999988 -0.3717301, -78.05701379999987 -0.3770193, -78.05441739999986 -0.3805061, -78.05228229999987 -0.3836388, -78.0472611999999 -0.3903764, -78.04478289999989 -0.3941098999999999, -78.0438065999999 -0.3956334, -78.0402874999999 -0.4008475, -78.03812029999989 -0.4021993, -78.0343007999999 -0.4045381000000001, -78.0295800999999 -0.4074992, -78.0294298999999 -0.4122411999999999, -78.0287754999999 -0.4150414, -78.0243229999999 -0.4215428999999999, -78.0225848999999 -0.424107, -78.0206000999999 -0.4268642, -78.01895859999988 -0.4294927, -78.01604029999986 -0.4324859999999999, -78.01286459999984 -0.4358333, -78.01143769999986 -0.437346, -78.00748949999983 -0.4368203, -78.00263999999984 -0.4361551, -77.99853089999982 -0.4355650999999999, -77.99135329999982 -0.4327327, -77.98538809999981 -0.4324537999999999, -77.95845869999955 -0.4514217999999999, -77.95392569999981 -0.453192, -77.94794439999981 -0.4556381, -77.94455409999979 -0.4569148, -77.9400479999998 -0.4607771, -77.93616419999981 -0.4610667, -77.9319905999998 -0.4613885999999999, -77.92496319999981 -0.4567968000000001, -77.92075749999981 -0.456078, -77.91806459999981 -0.4556809999999999, -77.91526439999981 -0.4551552999999999, -77.91121959999981 -0.4546188999999999, -77.90751819999981 -0.4538143, -77.9035377999998 -0.4525054, -77.89958949999982 -0.4512286999999999, -77.8970145999998 -0.4490723, -77.88851739999983 -0.4437939, -77.88582449999983 -0.4420987000000001, -77.88269160000029 -0.4400603, -77.8769517000003 -0.4363697, -77.87499910000028 -0.4352003, -77.87031060000028 -0.4322713999999999, -77.86611559999956 -0.4296214999999999, -77.86118569999957 -0.4264673, -77.85992499999956 -0.4240855, -77.85723209999955 -0.4193221, -77.85478059999956 -0.4152828, -77.85205009999956 -0.4110396, -77.84995799999956 -0.4078103, -77.84870269999955 -0.4057504, -77.84494759999954 -0.4000642999999999, -77.84379419999955 -0.3983048, -77.84236189999953 -0.3960786, -77.84119249999954 -0.3942441, -77.83851029999956 -0.3903764, -77.83590319999955 -0.3865998999999999, -77.83191199999956 -0.3789022, -77.83042069999955 -0.3759733, -77.82917619999957 -0.3735325, -77.82840369999955 -0.3719447, -77.8250289999997 -0.3656749999999999, -77.8237069999997 -0.358547, -77.82179479999957 -0.3495728, -77.81941300000028 -0.3449943999999999, -77.8216231000003 -0.338643, -77.8228998000003 -0.3350382000000001, -77.82492760000028 -0.3289443, -77.82623650000025 -0.3251571, -77.82526020000024 -0.3218956, -77.82455210000026 -0.3193742999999999, -77.81829720000025 -0.3178078999999999, -77.81561490000024 -0.3171534999999999, -77.80951020000025 -0.3179795999999999, -77.80415660000025 -0.3155871000000001, -77.80306220000026 -0.3137418, -77.80186060000025 -0.3115531, -77.79823420000027 -0.3108021, -77.79467230000026 -0.3100510999999999, -77.79055240000027 -0.3090426, -77.78162600000027 -0.3038391999999999, -77.77880430000027 -0.3024981, -77.77740960000027 -0.3017041999999999, -77.77071479999955 -0.2833688999999999, -77.76925559999954 -0.2794636, -77.76794669999954 -0.2758802, -77.76675579999954 -0.272608, -77.76576879999956 -0.2706661, -77.76389119999956 -0.2668574, -77.76228459999955 -0.2636011999999999, -77.76027559999956 -0.2593902, -77.75874139999955 -0.2563539, -77.75684239999956 -0.252674, -77.75534569999954 -0.2500723, -77.75360229999953 -0.2460436, -77.75176759999952 -0.2423369, -77.75011539999954 -0.239129, -77.74679479999953 -0.2323752, -77.74487969999953 -0.2282660999999999, -77.74405899999954 -0.2267104, -77.74170399999954 -0.2219361, -77.74060429999953 -0.2154774, -77.73875359999954 -0.2128435, -77.73670439999952 -0.2098877, -77.73365739999954 -0.2055372, -77.72783699999955 -0.201353, -77.72665679999955 -0.2004679, -77.71872279999955 -0.2001085, -77.71696869999955 -0.2000173, -77.71496239999954 -0.1999475, -77.71350319999955 -0.2005484, -77.71105709999955 -0.2015461, -77.70422819999956 -0.2043356, -77.70073059999956 -0.2040513, -77.69147159999955 -0.2026351, -77.6809459999997 -0.201435, -77.67847799999971 -0.199847, -77.6759879999997 -0.199012, -77.6703699999997 -0.196157, -77.66292399999972 -0.196127, -77.65760199999973 -0.194795, -77.65494299999972 -0.194749, -77.64851329999955 -0.1948245, -77.6485 -0.1948))","MULTIPOINT ((-78.34046500000035 -0.305075), (-78.34046500000034 -0.305075), (-78.3279 -0.298), (-77.6485 -0.1948))",AC,Al/St 240/40 4-bundle 380.0,0.7,2234.345541763852,0.0,500.0,25.618585635957157,3.12421776048258,0.0,0.0004514908999691542,0.0,False,0.0,inf,0.0,0,inf,1.0,-inf,inf,0,0.00010247434254382862,1.249687104193032e-05,0.0,112.87272499228855,0.00010247434254382862,1.249687104193032e-05,2234.345541763852
117,1.0,138.0,166,55,29.071188687301582,False,"MULTILINESTRING ((-78.193 -1.4056, -78.19270130000024 -1.407648), (-78.19270130000022 -1.4076479999999998, -78.18804230000022 -1.4088598999999997, -78.18656710000022 -1.4098869, -78.18565790000024 -1.4105358, -78.18229970000023 -1.4133245, -78.17904890000024 -1.4157914, -78.17440330000024 -1.418521, -78.17400900000024 -1.4200439999999999, -78.17368450000023 -1.4254819000000003, -78.17366219999998 -1.4259036000000003, -78.17322850000022 -1.4341052, -78.17175869999991 -1.4405055999999998, -78.1699668999999 -1.4408863, -78.16211339999991 -1.4425862999999999, -78.15899129999991 -1.4433049000000002, -78.15159919999991 -1.4445597999999995, -78.14639569999991 -1.4458039, -78.13915639999989 -1.4475576, -78.1354173999999 -1.4483082999999999, -78.1288808999999 -1.4496705, -78.1255656999999 -1.4502443, -78.12229869999989 -1.4510915999999998, -78.11977739999992 -1.4516600000000002, -78.1172453999999 -1.4537246999999998, -78.1151264999999 -1.4554674999999997, -78.1121331999999 -1.4578271, -78.11093429999995 -1.4587996, -78.109231 -1.4601813, -78.1058635000002 -1.4628438999999998, -78.10215130000022 -1.4658147999999998, -78.09969440000022 -1.4678056999999995, -78.09437290000022 -1.4719846, -78.09162660000023 -1.4742191999999998, -78.08874290000021 -1.4765656, -78.08585150000023 -1.4788501, -78.08298560000023 -1.4811586999999997, -78.08003520000022 -1.4834967999999997, -78.07655230000022 -1.4862813, -78.07181820000024 -1.4900687, -78.06916150000023 -1.4922955, -78.06668850000023 -1.4943868999999999, -78.06372460000023 -1.4950023, -78.05483310000022 -1.4967892999999999, -78.04994880000022 -1.4977867999999999, -78.04627960000023 -1.4986019, -78.04083740000021 -1.4996530000000001, -78.03715200000023 -1.5004546999999997, -78.03322790000023 -1.5013422, -78.02921530000022 -1.5021198, -78.02764360000022 -1.5007951999999998, -78.02551280000021 -1.4989529999999995, -78.02227790000023 -1.4962657, -78.01951229999972 -1.4940855, -78.01729960000021 -1.4923386, -78.01668669999971 -1.49228870000001, -78.01651850000023 -1.4917672, -78.01610579999974 -1.4900983, -78.01572049999969 -1.48678780000001, -78.01506429999966 -1.4850912000000103, -78.01240319999987 -1.4785913, -78.01019849999986 -1.4768323999999997, -78.00942919999991 -1.4761961, -78.00760939999985 -1.4746765000000097, -78.00704759999994 -1.4736499999999997, -78.0054594999999 -1.4729665999999997, -78.00400979999992 -1.4717327999999996, -78.00332609999992 -1.4711689, -78.00213809999991 -1.4701973999999998, -78.00074179999996 -1.469055400000012, -77.99867999999967 -1.467364300000011, -77.99704519999965 -1.4661075000000099, -77.99560899999963 -1.46489190000001, -77.99540779999967 -1.4599399000000097, -77.99558339999965 -1.4594949000000101), (-77.99558339999966 -1.45949490000001, -77.9947 -1.4582))","MULTIPOINT ((-78.193 -1.4056), (-78.19270130000024 -1.407648), (-78.19270130000022 -1.4076479999999998), (-77.99558339999966 -1.45949490000001), (-77.99558339999965 -1.4594949000000101), (-77.9947 -1.4582))",AC,243-AL1/39-ST1A 20.0,0.7,154.16984238170576,0.0,138.0,9.302780379936506,3.453657216051428,0.0,0.00010046281609226428,0.0,False,0.0,inf,0.0,0,inf,1.0,-inf,inf,0,0.0004884887828154015,0.0001813514606202178,0.0,1.913213869661081,0.0004884887828154015,0.0001813514606202178,154.16984238170576
118,1.0,138.0,153,7,9.50257625615757,False,"MULTILINESTRING ((-78.5539 -0.4588, -78.55268199999982 -0.4603533), (-78.5526819999998 -0.4603533, -78.55215489999989 -0.4571348, -78.5517203999999 -0.4542756000000001, -78.5512697999999 -0.4513359999999999, -78.5497355999999 -0.4418627, -78.54920869999998 -0.4367937, -78.54888229999997 -0.4344139, -78.54775019999998 -0.4317349999999999, -78.54685949999998 -0.4297970999999999, -78.54490459999998 -0.4272915999999999, -78.54317749999998 -0.4246602, -78.54226259999989 -0.42202, -78.54192639999998 -0.4210498, -78.541481 -0.4192445000000001, -78.54080789999996 -0.4168884999999999, -78.53987289999998 -0.4143897999999999, -78.53878159999996 -0.4119624, -78.53765629999998 -0.4095146, -78.53633029999997 -0.4065433, -78.5358028 -0.4031038, -78.53538749999989 -0.4003961999999999, -78.53486499999998 -0.3969901, -78.53456159999996 -0.3950433, -78.533285 -0.3906247999999999, -78.53260469999995 -0.3883074, -78.53159509999995 -0.3847981999999999, -78.53228449999968 -0.3829137, -78.53288949999968 -0.3789028), (-78.5328894999997 -0.3789028, -78.5362 -0.3642))","MULTIPOINT ((-78.5539 -0.4588), (-78.55268199999982 -0.4603533), (-78.5526819999998 -0.4603533), (-78.5362 -0.3642), (-78.5328894999997 -0.3789028), (-78.53288949999968 -0.3789028))",AC,243-AL1/39-ST1A 20.0,0.7,154.16984238170576,0.0,138.0,3.040824401970422,1.1289060592315192,0.0,3.283854613217356e-05,0.0,False,0.0,inf,0.0,0,inf,1.0,-inf,inf,0,0.00015967361909107445,5.92788310875614e-05,0.0,0.6253772725411133,0.00015967361909107445,5.92788310875614e-05,154.16984238170576
119,1.0,230.0,81,281,9.745240587890182,False,"MULTILINESTRING ((-78.9866 -0.3184, -78.98617450000002 -0.3185137), (-78.9861745 -0.3185137, -78.98564680000001 -0.3183684999999999, -78.98341920000001 -0.3201923999999999, -78.98125070000002 -0.3217735, -78.97951660000003 -0.3228986999999999, -78.97829620000003 -0.3238401, -78.97510710000003 -0.3263506999999999, -78.97172750000003 -0.3287606, -78.96864160000003 -0.330913, -78.96418650000003 -0.3340431, -78.96016450000002 -0.3369854, -78.9576902 -0.3387113999999999, -78.9537285 -0.3416725, -78.94822330000001 -0.345913, -78.94301980000002 -0.3497364, -78.93776270000002 -0.3535592, -78.9312677 -0.3580457, -78.9292279 -0.3597342, -78.9273946 -0.3612642999999999, -78.9230642 -0.3644856, -78.9213918 -0.3655611, -78.91470909999947 -0.3683451999999945), (-78.91470909999947 -0.3683452, -78.91470909999947 -0.3683451999999945), (-78.91470909999947 -0.3683451999999945, -78.9147 -0.3683), (-78.91470909999947 -0.3683451999999945, -78.91470909999946 -0.3683451999999999))","MULTIPOINT ((-78.9866 -0.3184), (-78.98617450000002 -0.3185137), (-78.9861745 -0.3185137), (-78.91470909999947 -0.3683452), (-78.91470909999946 -0.3683451999999999), (-78.9147 -0.3683))",AC,Al/St 240/40 2-bundle 220.0,0.7,513.8994746056859,0.0,230.0,2.9333174169549445,0.5847144352734109,0.0,3.8269470297976096e-05,0.0,False,0.0,inf,0.0,0,inf,1.0,-inf,inf,0,5.545023472504621e-05,1.1053202935225159e-05,0.0,2.0244549787629356,5.545023472504621e-05,1.1053202935225159e-05,513.8994746056859
120,2.0,230.0,87,125,20.398788357659914,False,"LINESTRING (-79.1216 -0.2607, -79.11695420000002 -0.248424, -79.11832090000019 -0.2456547, -79.1200885000002 -0.2421947, -79.12245150000018 -0.2374365, -79.12394550000019 -0.2345585, -79.12463220000019 -0.2332362, -79.13647950000019 -0.2242482, -79.1384214000002 -0.222832, -79.1401649000002 -0.2217859, -79.1450411000002 -0.2181435, -79.1486675000002 -0.2154506, -79.1541767000002 -0.2115722, -79.15690720000019 -0.2096195, -79.16000780000019 -0.2072485, -79.1629583000002 -0.2052046, -79.1648680000002 -0.2049364, -79.17019490000018 -0.2040459, -79.17588120000018 -0.2032198, -79.1826189000002 -0.2021255, -79.1852474000002 -0.2004464, -79.18724840000019 -0.1995989, -79.18926540000018 -0.1976677, -79.19145940000018 -0.1956292, -79.1933101000002 -0.193918, -79.1966415000002 -0.1907423, -79.1980898000002 -0.1893958, -79.1987658000002 -0.1857963, -79.19939340000019 -0.1824704, -79.1999084000002 -0.1795682, -79.2004716000002 -0.1766339, -79.20086320000019 -0.1743058, -79.2020059000002 -0.173088, -79.20500990000018 -0.1699418, -79.20727100000018 -0.1675305, -79.21009000000018 -0.1645023, -79.21229750000018 -0.1621259, -79.21510310000015 -0.1591406, -79.21782820000016 -0.1562787, -79.22018050000017 -0.1537387, -79.22185960000017 -0.1519711, -79.22408850000016 -0.1497744, -79.22670100000018 -0.1468025, -79.22866970000017 -0.1446916, -79.23105249999954 -0.1421713, -79.23337979999953 -0.1396449, -79.23625469999953 -0.136526, -79.23916939999953 -0.1334744, -79.24417739999954 -0.1281478, -79.2568 -0.1174)","MULTIPOINT ((-79.1216 -0.2607), (-79.2568 -0.1174))",AC,Al/St 240/40 2-bundle 220.0,0.7,1027.7989492113718,0.0,230.0,3.0700176478278167,0.6119636507297974,0.0,0.00016021170911639348,0.0,False,0.0,inf,0.0,0,inf,1.0,-inf,inf,0,5.803436007235948e-05,1.1568310977878968e-05,0.0,8.475199412257215,5.803436007235948e-05,1.1568310977878968e-05,1027.7989492113718
127,1.0,500.0,93,82,150.0057196497956,False,"MULTILINESTRING ((-78.69249180000021 -1.3433368, -78.6919 -1.3433), (-78.3279 -0.298, -78.34118510000037 -0.3068936, -78.34063050000036 -0.3079857999999999, -78.33902120000037 -0.3141441, -78.33799530000037 -0.318166, -78.33724020000037 -0.3240359, -78.33675740000035 -0.3279144, -78.33603050000035 -0.3336461, -78.33534520000036 -0.339162, -78.33503010000037 -0.3417275, -78.33454730000035 -0.3455844, -78.33573150000035 -0.3490189, -78.33623310000036 -0.3505478, -78.33678420000035 -0.352153, -78.33757280000036 -0.3544838, -78.33987950000004 -0.356828, -78.34061980000003 -0.3608083999999999, -78.3413708 -0.3650086, -78.34244370000003 -0.3707752, -78.34322690000003 -0.3755817000000001, -78.34396720000004 -0.3796371, -78.34538340000003 -0.387587, -78.34583399999998 -0.3899151, -78.34649920000003 -0.3935735, -78.34705710000003 -0.3969852, -78.34687470000003 -0.4032507, -78.34666010000002 -0.4085935, -78.34669230000002 -0.4133034, -78.346467 -0.4169725, -78.34630860000036 -0.4214619, -78.34966960000004 -0.4319898, -78.35065130000002 -0.4342239999999999, -78.35395580000002 -0.4411546, -78.35561870000004 -0.4446414, -78.35587620000003 -0.4463365, -78.35673450000004 -0.4509712, -78.35792540000004 -0.4577087, -78.36251740000003 -0.4607340999999999, -78.36655140000005 -0.4632875000000001, -78.37011339999991 -0.4655405, -78.37312700000035 -0.4674312999999999, -78.37695299999999 -0.4705239, -78.3802306999999 -0.4731631, -78.38319719999988 -0.4755341000000001, -78.3878212999999 -0.4794339000000001, -78.3914690999999 -0.4823358999999999, -78.3952188999999 -0.4853721000000001, -78.3990811999999 -0.4885477, -78.40340499999989 -0.4920291, -78.40664509999989 -0.4947005, -78.41171439999988 -0.4988523999999999, -78.41514229999989 -0.5016203, -78.41997029999989 -0.5055684, -78.4239613999999 -0.5086473999999999, -78.42743759999989 -0.5115977, -78.43234059999989 -0.5156422999999999, -78.43580599999989 -0.5184209999999999, -78.44215749999988 -0.5248902, -78.44568729999988 -0.5295195000000001, -78.44973449999976 -0.5308433, -78.45313309999986 -0.5319548999999999, -78.45799859999987 -0.5329526, -78.46224729999986 -0.5339074, -78.46653339999988 -0.5348461999999999, -78.47138819999988 -0.5366539, -78.47498239999986 -0.5379681, -78.47941879999986 -0.5396041, -78.48338849999986 -0.5412027, -78.49053919999987 -0.5436111999999999, -78.49597329999987 -0.5455853, -78.50149869999986 -0.5474305, -78.50372489999987 -0.5482459, -78.50931469999986 -0.550177, -78.51408899999984 -0.5518613000000001, -78.51835909999984 -0.5531380000000001, -78.52577799999985 -0.5557663999999999, -78.52855139999986 -0.5567535, -78.53123359999985 -0.5576599999999999, -78.53658739999985 -0.5596179, -78.54057309999985 -0.5610018999999999, -78.54350209999983 -0.5619942, -78.54854999999982 -0.5637589999999999, -78.55479959999984 -0.5659208, -78.55873169999983 -0.5672726, -78.56266379999983 -0.5733126, -78.56703039999984 -0.5798944, -78.56833939999996 -0.5816430999999999, -78.57108589999996 -0.5862240999999999, -78.57336049999996 -0.5901184999999999, -78.57593539999998 -0.5942488, -78.57724429999998 -0.5964158999999999, -78.57898239999997 -0.5992588999999999, -78.58105839999996 -0.6026276, -78.58255509999998 -0.6053096999999998, -78.58500659999996 -0.6093703, -78.58730259999996 -0.6142087, -78.58931959999997 -0.6185697, -78.59112739999995 -0.6223889999999999, -78.59255429999996 -0.6254787, -78.59493609999996 -0.6305048999999999, -78.59692629999995 -0.6346352, -78.59895409999994 -0.6390069999999999, -78.59780069999994 -0.6428423, -78.59676 -0.6461947999999998, -78.59572469999993 -0.6497887, -78.59529559999993 -0.6538386, -78.59507559999993 -0.6559573999999999, -78.59480739999994 -0.6586073, -78.59434609999994 -0.6627054, -78.59473229999992 -0.6653445000000001, -78.59529019999994 -0.6693461, -78.59518289999993 -0.6726718, -78.59508629999992 -0.6763086999999998, -78.59498979999994 -0.6803209999999998, -78.59818159999992 -0.6838289999999999, -78.60077259999991 -0.6866398, -78.60355679999992 -0.6869241, -78.60713479999991 -0.6873692999999998, -78.61180189999992 -0.6879272, -78.61835669999994 -0.6886407, -78.62224959999995 -0.6891451999999999, -78.62566269999995 -0.689582, -78.63110719999995 -0.6902263999999999, -78.64121989999994 -0.6913866999999999, -78.64579199999999 -0.6920282, -78.64883489999994 -0.6923655999999999, -78.65142789999993 -0.6937275, -78.65753469999994 -0.6965701999999999, -78.66095869999992 -0.69823, -78.66486439999994 -0.7001158000000001, -78.66697149999993 -0.7011953999999999, -78.67267519999994 -0.7039678, -78.67675259999994 -0.7059231, -78.68247959999992 -0.7086724999999999, -78.68527819999993 -0.7100155, -78.68843759999993 -0.7115482999999999, -78.69106 -0.7128316999999998, -78.69463879999994 -0.7145177, -78.69726839999996 -0.715852, -78.70203669999994 -0.7180783, -78.70561479999995 -0.7197786999999999, -78.71082369999993 -0.722348, -78.71420319999994 -0.7239572000000001, -78.71844109999995 -0.7260116, -78.72340859999996 -0.7284200999999999, -78.72840289999996 -0.7308339, -78.73109579999995 -0.7321694999999999, -78.73553249999996 -0.7343921, -78.73980939999996 -0.7363588999999999, -78.74398019999995 -0.7383566, -78.74461639999996 -0.7429721999999999, -78.74544439999995 -0.7482132999999999, -78.74611569999995 -0.7533288, -78.74670509999993 -0.7576096999999999, -78.74738989999994 -0.7625396, -78.74800739999993 -0.7667544000000001, -78.74859979999994 -0.7711071999999999, -78.74917469999994 -0.7758772000000002, -78.74986989999994 -0.7803978, -78.75037229999994 -0.7844193999999999, -78.75080800000002 -0.7876594, -78.75205329999994 -0.7966567, -78.75268239999994 -0.8010363, -78.75294429999994 -0.8031313999999999, -78.75242429999994 -0.8101609999999999, -78.75224449999993 -0.8128228000000001, -78.75114029999995 -0.8136305, -78.74994159999994 -0.818516, -78.74773879999994 -0.8305132999999999, -78.74680159999994 -0.8354391, -78.74634339999994 -0.8377388, -78.74528949999994 -0.8433408, -78.744668 -0.8463411, -78.74361769999993 -0.8519680999999999, -78.74232579999995 -0.8590967, -78.74199360000014 -0.8605516999999999, -78.74190240000014 -0.8653200999999999, -78.74184340000015 -0.8689058999999999, -78.74174550000015 -0.8740268999999999, -78.74165299999999 -0.8785874999999999, -78.74154570000007 -0.8850240000000001, -78.74141690000006 -0.8886498999999999, -78.74137940000006 -0.8934934, -78.74125599999999 -0.8983798, -78.741197 -0.9028854000000001, -78.74112730000007 -0.9068759999999998, -78.74100920000005 -0.9113654999999998, -78.74094490000004 -0.9147124, -78.74093410000006 -0.9167908999999999, -78.74091270000007 -0.9192340999999999, -78.74150280000006 -0.9253648000000001, -78.74173880000006 -0.9285078999999999, -78.74211430000005 -0.9337160999999999, -78.742404 -0.9376744999999997, -78.74171730000005 -0.9423034000000002, -78.74105750000007 -0.9476456, -78.74033870000005 -0.9529985999999999, -78.73985050000006 -0.9573109, -78.73887420000004 -0.9602287999999999, -78.73825190000004 -0.9704250999999998, -78.73826799999999 -0.9754508000000003, -78.73830020000005 -0.9770492000000002, -78.73831630000005 -0.9800904, -78.73838070000005 -0.9865213999999999, -78.73856310000005 -0.9919385999999996, -78.73864890000003 -0.9944702, -78.738842 -1.0007885999999997, -78.73787640000005 -1.0035026, -78.73787640000005 -1.004881, -78.73758670000007 -1.0134466, -78.73752770000004 -1.0161874, -78.73830560000006 -1.0208162, -78.73918530000006 -1.0258097, -78.73988810000006 -1.0297787, -78.74084829999956 -1.0343860000000002, -78.74246839999955 -1.0425278000000002, -78.74277949999954 -1.0443729, -78.74431369999955 -1.0522250999999998, -78.74499319999993 -1.0582754, -78.74576689999991 -1.0635897, -78.74441659999992 -1.0665706999999998, -78.74366569999991 -1.068165, -78.74047159999992 -1.0755376, -78.73947499999998 -1.0777762, -78.73698569999992 -1.0833193, -78.73469439999994 -1.0885098999999998, -78.73335939999994 -1.0916058, -78.73157929999994 -1.0955685, -78.72967409999994 -1.0998786999999999, -78.72558559999993 -1.1090553, -78.72244839999952 -1.1155513999999997, -78.71669769999953 -1.1289544999999999, -78.71195559999953 -1.1396275999999999, -78.71318939999954 -1.1486916999999999, -78.71373659999955 -1.1526284, -78.71476649999956 -1.1607591999999998, -78.71508839999956 -1.163355, -78.71603249999954 -1.1707778, -78.71644829999956 -1.1742801, -78.72095709999981 -1.1850870999999998, -78.72395039999981 -1.1922739, -78.7243795999998 -1.1953308999999999, -78.72479799999981 -1.1984309, -78.7270938999998 -1.2064971999999998, -78.72831699999979 -1.2106589999999997, -78.72934699999979 -1.2144239999999995, -78.73556969999979 -1.2242815999999999, -78.7378763999998 -1.2279070999999995, -78.73950719999979 -1.2305672, -78.74300479999981 -1.2361986, -78.74575139999979 -1.2405535, -78.7501930999998 -1.2477078999999998, -78.75150199999979 -1.2498102999999998, -78.7547421999998 -1.2549696000000001, -78.7593233999998 -1.2634969999999999, -78.7606107999998 -1.2659211, -78.75969889999978 -1.2683238, -78.7572955999998 -1.2751241999999998, -78.75620129999979 -1.2813024, -78.7547206999998 -1.2858073999999997, -78.75381949999979 -1.2884889000000002, -78.75201699999978 -1.2938949, -78.75152349999979 -1.2953107, -78.75062950000007 -1.3007477999999997, -78.74997859999978 -1.3047068, -78.7507617999998 -1.3108528, -78.7514322999998 -1.3166501999999995, -78.74846039999979 -1.3190903999999999, -78.74604719999995 -1.3211544999999996, -78.74422899999999 -1.3225664, -78.74045669999994 -1.3255310999999999, -78.73289769999994 -1.3317311000000003, -78.72983459999995 -1.3337902999999998, -78.72629730000016 -1.3360267, -78.72475240000016 -1.3370777999999999, -78.71482010000014 -1.3383890999999999, -78.71214870000016 -1.3412930999999997, -78.70772030000016 -1.3461411999999997, -78.70301310000015 -1.3455111000000002, -78.6983088000002 -1.3448795999999996, -78.69329540000021 -1.3442453999999997, -78.69249180000021 -1.3433367999999999))","MULTIPOINT ((-78.69249180000021 -1.3433368), (-78.69249180000021 -1.3433367999999999), (-78.6919 -1.3433), (-78.3279 -0.298))",AC,Al/St 240/40 4-bundle 380.0,0.7,2234.345541763852,0.0,500.0,36.901407033849715,4.500171589493868,0.0,0.0006503344762505822,0.0,False,0.0,inf,0.0,0,inf,1.0,-inf,inf,0,0.00014760562813539887,1.800068635797547e-05,0.0,162.58361906264554,0.00014760562813539887,1.800068635797547e-05,2234.345541763852
128,1.0,500.0,82,217,83.63605307931586,False,"MULTILINESTRING ((-79.18774729999983 -1.6286647, -79.2015 -1.6442), (-78.69205950000021 -1.3437325999999998, -78.6928019000002 -1.3445806, -78.6967751000002 -1.3471125, -78.69681340000014 -1.3500881999999998, -78.69670070000016 -1.3547781999999997, -78.69668380000016 -1.3565185, -78.69664070000015 -1.3609588999999995, -78.69654330000014 -1.3657562, -78.69336100000024 -1.4092203, -78.69291379999999 -1.4147226999999998, -78.69246629999998 -1.4217655, -78.69221449999998 -1.4247243, -78.69198219999997 -1.4275720999999997, -78.69156649999998 -1.4332555, -78.69093079999998 -1.4420311999999997, -78.69053949999996 -1.4482034999999998, -78.69346159999996 -1.4510269, -78.69689719999998 -1.4545102, -78.70040609999997 -1.4580058, -78.70424519999996 -1.4619168999999999, -78.70714140000022 -1.4647527999999999, -78.71040410000023 -1.4680143999999997, -78.71314990000023 -1.4708239, -78.71692940000021 -1.4736173, -78.72056360000022 -1.4764429, -78.72277640000021 -1.4781544000000002, -78.7263944000002 -1.4808993, -78.72972170000021 -1.4833374, -78.73277440000021 -1.4856948, -78.73660240000021 -1.4885365999999995, -78.74589619999955 -1.4957784999999997, -78.75027899999955 -1.4991945000000002, -78.75306849999956 -1.5013179999999997, -78.75784279999954 -1.504911, -78.75925899999955 -1.5060478, -78.76128669999954 -1.5094476999999997, -78.76494529999954 -1.5157004, -78.76627569999953 -1.517824, -78.76758459999954 -1.5201083999999998, -78.76970750000012 -1.5234265, -78.77150860000012 -1.5264965, -78.77352430000012 -1.5298239999999999, -78.77559630000012 -1.5333391, -78.77765360000012 -1.5368153, -78.78057180000013 -1.5416978999999997, -78.78280610000013 -1.5454704, -78.78497330000013 -1.5491061, -78.78939089999955 -1.552766, -78.79115579999954 -1.5542245999999997, -78.79527569999955 -1.5575064, -78.80004999999953 -1.5614423999999998, -78.80635620000012 -1.5665174000000002, -78.80879399999952 -1.5669014000000003, -78.81377219999952 -1.5675234000000002, -78.81602529999952 -1.5678290999999998, -78.82349249999953 -1.5687996, -78.82851359999951 -1.5694753, -78.83524059999952 -1.5704190999999998, -78.83735419999951 -1.5706336, -78.84470339999952 -1.5716523999999996, -78.84696719999951 -1.5758137, -78.84787919999951 -1.5795458999999996, -78.84986399999951 -1.5879005, -78.85102269999952 -1.5925121, -78.85192399999951 -1.5968663, -78.8538765999995 -1.6051028, -78.85455249999951 -1.6079448, -78.8550889999995 -1.6098108999999998, -78.85603309999951 -1.6139398999999999, -78.8587903999995 -1.6206748999999998, -78.85911229999951 -1.6228090999999998, -78.85958429999951 -1.6265733999999998, -78.86029239999951 -1.6313028999999997, -78.8608610999995 -1.6362683000000002, -78.8634681999995 -1.6398503, -78.86564609999952 -1.6429281999999998, -78.87362570000015 -1.6446843999999998, -78.88023200000013 -1.6443841, -78.88602690000013 -1.6441254, -78.89295910000014 -1.6437633999999999, -78.89647540000013 -1.6436011999999998, -78.90316490000014 -1.6433089999999997, -78.91086680000014 -1.6429752, -78.91312520000014 -1.6429067999999998, -78.91604480000014 -1.6429819, -78.92365979999987 -1.6434388999999998, -78.93070599999989 -1.6437284, -78.93215349999988 -1.6424339, -78.93724969999988 -1.6380423, -78.94410469999988 -1.6386268, -78.94643159999987 -1.6388016, -78.94947399999987 -1.6390363999999997, -78.95133119999987 -1.6392166999999997, -78.95353239999987 -1.6393587, -78.95579379999987 -1.6387086999999996, -78.96084629999989 -1.6371137, -78.96546179999989 -1.6357044999999997, -78.97094589999988 -1.6341041, -78.97353489999988 -1.6333558, -78.97636979999989 -1.6325199999999997, -78.98046639999987 -1.6313402000000001, -78.98357439999988 -1.6310233999999997, -78.98769739999979 -1.6307023, -78.9951967999998 -1.6301554000000003, -79.0007844999995 -1.629709, -79.0118264999998 -1.6289864, -79.0162682999998 -1.6287504999999998, -79.01981949999978 -1.6285145000000003, -79.0255915999998 -1.6282786000000002, -79.0303659999998 -1.6265090999999998, -79.0334987999998 -1.6253936999999998, -79.0387129999998 -1.6236348999999999, -79.04174919999981 -1.6224874, -79.0452575999998 -1.6213077000000002, -79.04982809999981 -1.6198061999999995, -79.0528964999998 -1.6183477000000002, -79.0565013999998 -1.6166317999999997, -79.06013849999981 -1.6149265999999995, -79.06268119999982 -1.6136073999999998, -79.06652209999982 -1.6118808000000002, -79.07224059999982 -1.6091460000000002, -79.07960059999981 -1.6056498, -79.08490059999983 -1.6030650999999998, -79.08825879999982 -1.601435, -79.09037229999981 -1.6001051, -79.09684179999982 -1.5955792999999996, -79.10081149999982 -1.5925657, -79.10269979999983 -1.5911715, -79.10565019999981 -1.5892088999999998, -79.10980229999981 -1.5860772, -79.11195879999981 -1.5846293999999996, -79.11669019999981 -1.5810901999999998, -79.1197907999998 -1.5790096, -79.12324549999981 -1.5763928, -79.12692549999981 -1.5775081999999996, -79.13564799999982 -1.5795029999999997, -79.1421925999998 -1.5830421, -79.1483294999998 -1.5853050999999996, -79.15137649999981 -1.5863561000000002, -79.1591441999998 -1.5886296999999998, -79.16036189999981 -1.5906889, -79.16160109999981 -1.5925978999999995, -79.1628884999998 -1.5947641999999997, -79.1653775999998 -1.5989254, -79.16763069999982 -1.6026468999999999, -79.16877869999982 -1.604513, -79.1698622999998 -1.6061967, -79.17223339999983 -1.6102506000000003, -79.17565589999982 -1.6147334999999998, -79.17672869999983 -1.6162134999999997, -79.17803769999983 -1.6178435999999998, -79.18009759999985 -1.6207714, -79.18498989999983 -1.625812, -79.18774729999981 -1.6286646999999999), (-78.6919 -1.3433, -78.69205950000021 -1.3437326))","MULTIPOINT ((-79.2015 -1.6442), (-79.18774729999983 -1.6286647), (-79.18774729999981 -1.6286646999999999), (-78.69205950000021 -1.3437326), (-78.69205950000021 -1.3437325999999998), (-78.6919 -1.3433))",AC,Al/St 240/40 4-bundle 380.0,0.7,2234.345541763852,0.0,500.0,20.5744690575117,2.509081592379476,0.0,0.0003625955657023301,0.0,False,0.0,inf,0.0,0,inf,1.0,-inf,inf,0,8.22978762300468e-05,1.0036326369517903e-05,0.0,90.64889142558252,8.22978762300468e-05,1.0036326369517903e-05,2234.345541763852
131,2.0,230.0,5,92,32.79532658344069,False,"MULTILINESTRING ((-78.4379 -0.0529, -78.42167020000014 -0.0436249, -78.42080719999981 -0.0433996, -78.4195744999998 -0.042869, -78.41823759999981 -0.0423521, -78.41639219999982 -0.0439185, -78.41290529999982 -0.0464398, -78.4093540999998 -0.0489074, -78.40725659999983 -0.0506133, -78.4035336999998 -0.05557, -78.4006475999998 -0.0595236, -78.39882909999982 -0.0626939, -78.39890959999981 -0.0650811, -78.39893099999979 -0.0667065, -78.3991026999998 -0.0709015, -78.39920999999978 -0.0748443, -78.39894709999979 -0.0773281, -78.39872719999981 -0.079785, -78.39853409999981 -0.0813943, -78.39844919999987 -0.0822088, -78.39809949999982 -0.0855624, -78.39774009999981 -0.0889796, -78.39443559999981 -0.0963878, -78.39038549999982 -0.1055341, -78.38744049999981 -0.1087152, -78.3880519999998 -0.1101207, -78.38932869999981 -0.1131999, -78.3902942999998 -0.1192777, -78.3921503999998 -0.1275121, -78.39463949999981 -0.1342176, -78.39358809999982 -0.1414059, -78.39276199999982 -0.1466416, -78.39194659999983 -0.1517807, -78.39169979999981 -0.1545701, -78.39163539999983 -0.1574454999999999, -78.38996169999983 -0.1624236, -78.38807349999983 -0.1676593, -78.38534829999983 -0.1712749, -78.38349219999982 -0.1734635, -78.37870179999982 -0.1799384, -78.37581579999984 -0.1847824, -78.37448539999984 -0.1916515, -78.37277409999983 -0.196391, -78.37206069999985 -0.2002319, -78.37034399999985 -0.2033271, -78.36922019999984 -0.2068998, -78.36847189999985 -0.2093996, -78.36815539999985 -0.2130045, -78.36765649999985 -0.2175964, -78.36723809999984 -0.2196295, -78.36598809999985 -0.2253424999999999, -78.36567699999985 -0.2292638999999999, -78.36496889999984 -0.2327454, -78.36365459999985 -0.2386515, -78.36287679999984 -0.2424388, -78.36255489999985 -0.2475564, -78.36160539999985 -0.2532533, -78.36125669999984 -0.2569815999999999, -78.36081679999982 -0.2613321, -78.36048959999984 -0.2644487999999999, -78.35987809999983 -0.2674206000000001, -78.35849939999981 -0.2720769000000001, -78.35761959999982 -0.2742334, -78.35514129999981 -0.2807993, -78.35288289999981 -0.2832347, -78.34841429999982 -0.2874135999999999, -78.34608079999981 -0.2940331999999999, -78.34717509999982 -0.2973107999999999, -78.34814609999997 -0.3001913999999999, -78.34857529999998 -0.301495, -78.34703569999982 -0.3035013, -78.34556039999983 -0.3046492, -78.34313040000038 -0.3052071, -78.34346560000037 -0.3068131), (-78.34346560000037 -0.3068131, -78.34346560000037 -0.3068131000000001), (-78.34346560000037 -0.3068131, -78.3289 -0.299))","MULTIPOINT ((-78.4379 -0.0529), (-78.34346560000037 -0.3068131000000001), (-78.34346560000037 -0.3068131), (-78.3289 -0.299))",AC,Al/St 240/40 2-bundle 220.0,0.7,1027.7989492113718,0.0,230.0,4.935696650807824,0.9838597975032207,0.0,0.0002575738926665383,0.0,False,0.0,inf,0.0,0,inf,1.0,-inf,inf,0,9.330239415515735e-05,1.8598483884748975e-05,0.0,13.625658922059877,9.330239415515735e-05,1.8598483884748975e-05,1027.7989492113718
137,1.0,138.0,181,102,24.501072519112224,False,"MULTILINESTRING ((-79.53008829999939 -2.1798899, -79.5516 -2.1628), (-79.50755239999981 -1.9660969999999995, -79.5075416999998 -1.9694827000000001, -79.50749869999981 -1.9732677000000003, -79.50751219999984 -1.9770313, -79.50749339999982 -1.9807867999999997, -79.50747999999982 -1.9845477, -79.5074316999998 -1.9879655000000003, -79.50739949999982 -1.9904718, -79.5074021999998 -1.9931282999999995, -79.50738609999979 -1.9965702, -79.50733509999979 -2.0005347, -79.5073645999998 -2.0042661, -79.50730559999978 -2.0081072999999994, -79.50728679999978 -2.011962, -79.50727079999977 -2.0156826, -79.50726809999978 -2.0196470999999994, -79.50729219999978 -2.023483, -79.50730559999978 -2.0272357, -79.50726809999978 -2.0311519999999996, -79.50723049999979 -2.0348457000000004, -79.50718489999977 -2.038651999999999, -79.50718219999978 -2.0461173, -79.50715809999977 -2.0500495, -79.50711249999978 -2.053837099999999, -79.50711249999978 -2.0573994, -79.50710449999978 -2.0614094, -79.50709639999978 -2.0651353000000006, -79.50699179999978 -2.0690513999999998, -79.50692739999978 -2.0728201999999993, -79.50698909999977 -2.0766452000000006, -79.50693279999979 -2.0804058, -79.50690869999978 -2.0842415000000005, -79.50688989999978 -2.0877583, -79.50690869999978 -2.0915028, -79.50605569999978 -2.0942208, -79.50686569999976 -2.0966144000000004, -79.50680139999976 -2.1000050999999997, -79.50691939999976 -2.1046181, -79.50677989999977 -2.1074673, -79.50676379999977 -2.1108339, -79.50617909999976 -2.1138520000000005, -79.50539049999975 -2.1175268000000003, -79.50451879999974 -2.1218503, -79.50664039999975 -2.1252275, -79.50660829999977 -2.1277363, -79.50660289999975 -2.1301540000000005, -79.50792249999976 -2.1328344, -79.50920459999976 -2.1353593, -79.51099099999976 -2.1388812, -79.51273439999974 -2.1424139, -79.51452609999976 -2.1460270000000006, -79.51621589999976 -2.1495061, -79.51806129999974 -2.1532692, -79.52127459999974 -2.1596859, -79.52302339999974 -2.1632720999999995, -79.52473459999975 -2.1667565, -79.52615619999975 -2.1696243999999996, -79.52730949999975 -2.1719563, -79.52854869999976 -2.1744329, -79.52998099999976 -2.1773168, -79.52991129999975 -2.1794664), (-79.5076 -1.9661, -79.50755239999981 -1.966097))","MULTIPOINT ((-79.5516 -2.1628), (-79.53008829999939 -2.1798899), (-79.52991129999975 -2.1794664), (-79.5076 -1.9661), (-79.50755239999981 -1.966097), (-79.50755239999981 -1.9660969999999995))",AC,243-AL1/39-ST1A 20.0,0.7,154.16984238170576,0.0,138.0,7.840343206115912,2.9107274152705322,0.0,8.46696283742251e-05,0.0,False,0.0,inf,0.0,0,inf,1.0,-inf,inf,0,0.0004116962406068007,0.00015284222932527474,0.0,1.612448402758743,0.0004116962406068007,0.00015284222932527474,154.16984238170576
138,2.0,138.0,33,99,21.05327213947598,False,"MULTILINESTRING ((-79.866263 -3.291021499999988, -79.8963 -3.2783), (-79.78011040000003 -3.1319324999999885, -79.78065490000002 -3.1335340999999883, -79.78129859999967 -3.1355561, -79.78186860000001 -3.1374027, -79.78259680000001 -3.139722, -79.78316810000001 -3.1415632999999996, -79.78368449999967 -3.1432438000000005, -79.78405330000001 -3.1444959000000003, -79.78461390000002 -3.1462152999999997, -79.78523880000002 -3.1483069000000006, -79.78580880000003 -3.1500302999999996, -79.78613469999968 -3.151065399999999, -79.78647659999965 -3.1521554, -79.7870639999997 -3.154089, -79.78763799999972 -3.1558954, -79.78830989999972 -3.1580271999999994, -79.78895629999971 -3.1601000999999997, -79.78958399999972 -3.162098, -79.79020359999969 -3.1640784999999996, -79.79083519999969 -3.1660737, -79.7913796999997 -3.1678921, -79.79199259999969 -3.1698644999999996, -79.79260279999968 -3.1718020999999994, -79.7931928999997 -3.1736928999999994, -79.79371059999971 -3.175447, -79.79433019999969 -3.1773269999999996, -79.7949255999997 -3.1792284999999993, -79.79553309999969 -3.1811714, -79.7961674999997 -3.1832402, -79.79676959999968 -3.1851550999999994, -79.7973837999997 -3.1871422, -79.79801419999968 -3.1891801999999996, -79.79862569999972 -3.1911405, -79.7992828999997 -3.1932133, -79.79990379999973 -3.1951147, -79.80045359999971 -3.1969719999999997, -79.80103839999971 -3.1988854000000004, -79.80167669999972 -3.2009046, -79.8022828999997 -3.2027913000000003, -79.8028581999997 -3.204682, -79.80343089999971 -3.2064816, -79.80395119999972 -3.2081701000000002, -79.80454129999973 -3.2100540999999994, -79.80507639999972 -3.211784099999999, -79.8057724999997 -3.2139613, -79.80655569999972 -3.2154435, -79.8073522999997 -3.216972699999999, -79.80814619999971 -3.2184643, -79.80888109999971 -3.2198956999999995, -79.8095730999997 -3.2211918000000006, -79.81055619999971 -3.2230690999999996, -79.8114493999997 -3.2248151, -79.8122995999997 -3.2263831, -79.81310159999968 -3.2278988000000006, -79.81396789999968 -3.2295377, -79.81481689999968 -3.2311711999999995, -79.8155986999997 -3.2326414, -79.8159272999997 -3.233280099999999, -79.8165629999997 -3.2344891999999996, -79.8175245999997 -3.236280699999999, -79.81845929999967 -3.2380562000000004, -79.81943699999968 -3.2399159999999996, -79.82033279999969 -3.2416271999999995, -79.82163100000014 -3.244094899999989, -79.82282329999968 -3.2463536999999993, -79.82368469999969 -3.247974199999999, -79.82461839999971 -3.2497379999999993, -79.82555510000012 -3.2515072999999886, -79.8264334999997 -3.2531931, -79.82732270000011 -3.2548787999999895, -79.8282037999997 -3.2565684999999998, -79.8292132999997 -3.258461, -79.83023020000009 -3.260339, -79.83116900000009 -3.2621331999999894, -79.8321117000001 -3.2639661999999894, -79.83297140000009 -3.2656410999999883, -79.83383499999971 -3.2674226, -79.83577700000009 -3.270908499999989, -79.8365012000001 -3.2722821999999887, -79.83780470000012 -3.274692299999989, -79.83992640000012 -3.278502799999989, -79.84120310000013 -3.281244899999989, -79.84370290000012 -3.282190099999989, -79.8455912000001 -3.282966699999989, -79.84928460000009 -3.2843751999999884, -79.85116480000009 -3.285111599999989, -79.8530155000001 -3.285848, -79.85479120000008 -3.286520199999989, -79.85668750000008 -3.2872511999999885, -79.85838260000008 -3.2879500999999896, -79.86017970000006 -3.288649, -79.86210290000007 -3.289398799999988, -79.86400990000007 -3.290151199999988, -79.86626299999999 -3.2910214999999874), (-79.7786 -3.1322, -79.78011040000003 -3.131932499999988))","MULTIPOINT ((-79.8963 -3.2783), (-79.866263 -3.291021499999988), (-79.86626299999999 -3.2910214999999874), (-79.78011040000003 -3.1319324999999885), (-79.78011040000003 -3.131932499999988), (-79.7786 -3.1322))",AC,243-AL1/39-ST1A 20.0,0.7,308.3396847634115,0.0,138.0,3.3685235423161566,1.2505643650848732,0.0,0.00014550977119228968,0.0,False,0.0,inf,0.0,0,inf,1.0,-inf,inf,0,0.0001768810933793403,6.566710591708009e-05,0.0,2.7710880825859645,0.0001768810933793403,6.566710591708009e-05,308.3396847634115
139,2.0,230.0,115,85,119.68391783860757,False,"MULTILINESTRING ((-79.6968 -2.3047, -79.697143 -2.3047476), (-79.69714299999998 -2.3047476, -79.69709869999998 -2.304962, -79.69657040000033 -2.3074785, -79.69326850000034 -2.308982, -79.68901990000033 -2.3108795, -79.68491080000035 -2.3127984, -79.68069440000035 -2.3146744, -79.67644570000033 -2.3166791, -79.67222930000032 -2.3185657999999996, -79.67020160000034 -2.3224678999999995, -79.66817380000033 -2.3264879000000005, -79.66586710000034 -2.3308188, -79.66379640000034 -2.3349674, -79.66181160000032 -2.338848, -79.65984820000033 -2.3425249, -79.6578634 -2.3464484, -79.65330359999994 -2.3468343, -79.64828249999994 -2.3472523999999995, -79.64360479999995 -2.3476919, -79.63907719999993 -2.348088499999999, -79.63492509999995 -2.3484422999999994, -79.6334830999994 -2.3504292, -79.63328359999994 -2.3507041, -79.62960359999992 -2.3518833000000003, -79.62568759999994 -2.3532339999999996, -79.62151409999994 -2.3546383, -79.61749079999993 -2.3559354000000003, -79.61415949999939 -2.3576826999999994, -79.61256620000032 -2.358491999999999, -79.60951929999995 -2.3601054, -79.60622549999995 -2.3617884000000005, -79.60316779999995 -2.3633749, -79.60007789999995 -2.3649827999999995, -79.59637639999994 -2.3668480999999995, -79.59264279999994 -2.3687455, -79.58896279999992 -2.3706535999999994, -79.58549739999995 -2.3724759, -79.58182809999992 -2.3743733, -79.57828759999992 -2.3762278, -79.57488659999994 -2.3779857999999994, -79.57097049999994 -2.3799902999999993, -79.56730129999994 -2.3818127, -79.56369639999993 -2.3837528999999997, -79.56060649999993 -2.3855002000000005, -79.55705519999992 -2.3874619, -79.55349859999993 -2.389455699999999, -79.54997419999994 -2.3915031, -79.54643369999994 -2.3935077, -79.54295759999992 -2.3954908000000006, -79.53923459999994 -2.3975488999999994, -79.53564049999994 -2.3995749, -79.53215359999993 -2.4016116000000003, -79.52860239999977 -2.4036161000000127, -79.52509399999978 -2.405599200000013, -79.52139259999977 -2.4076573000000128, -79.51776619999978 -2.4097047000000127, -79.51423649999977 -2.411719900000013, -79.51067449999977 -2.413724400000012, -79.50717689999979 -2.415686100000013, -79.50357199999978 -2.417712, -79.50020309999978 -2.419684400000013, -79.49641589999976 -2.4218068000000126, -79.49292899999978 -2.423789900000013, -79.48931339999976 -2.4257729000000126, -79.48568699999976 -2.4278739000000127, -79.48215719999976 -2.429824800000013, -79.47862749999979 -2.4318721000000125, -79.47504399999977 -2.433833700000013, -79.47118159999977 -2.436106200000014, -79.46790929999976 -2.437885600000014, -79.46431519999975 -2.4399651000000144, -79.46090339999975 -2.441883800000014, -79.45713759999975 -2.443245100000014, -79.45338249999976 -2.444670800000014, -79.449842 -2.4460428, -79.4459152 -2.447522, -79.442128 -2.4489583999999995, -79.43433879999996 -2.451884699999999, -79.43050859999997 -2.4531923999999994, -79.42659259999998 -2.4545751, -79.42273019999998 -2.4560437, -79.41884639999998 -2.4574692999999996, -79.41487669999997 -2.4580962999999993, -79.40997359999997 -2.4587020000000006, -79.40666919999997 -2.461178, -79.40370119999973 -2.4635767999999993, -79.39261439999997 -2.4684882999999997, -79.38904169999995 -2.4701175999999996, -79.37792659999997 -2.4717897, -79.36305639999996 -2.4740943, -79.35904379999995 -2.4746623999999997, -79.35079339999996 -2.4759594000000003, -79.34293989999998 -2.4772992, -79.33895949999996 -2.4780603, -79.33493619999997 -2.4788427, -79.33078409999997 -2.4796252, -79.32673929999997 -2.4804291, -79.32363869999996 -2.4809971999999996, -79.31970119999995 -2.4817261000000004, -79.31555989999997 -2.4824978000000004, -79.31172969999993 -2.4833016999999993, -79.30890799999999 -2.4841914000000003, -79.30518509999993 -2.4854241, -79.30342559999994 -2.4859600000000004, -79.29527159999992 -2.488500299999999, -79.286077 -2.4914265, -79.2822038999999 -2.491587299999999, -79.28005819999991 -2.4912228999999995, -79.278127 -2.4909013, -79.27247289999991 -2.489808, -79.27071329999991 -2.4895293, -79.26039219999991 -2.4882001999999996, -79.2595016999999 -2.4880823000000003, -79.25408359999992 -2.4873213, -79.24914839999991 -2.4866567000000006, -79.24662709999991 -2.4862976, -79.24420239999989 -2.4848077, -79.24080139999991 -2.4827551, -79.2373895999999 -2.4805256, -79.23217539999992 -2.4794751, -79.2290854999999 -2.4786604999999997, -79.22106029999992 -2.4768597, -79.21282049999992 -2.4745552, -79.20968769999993 -2.4736977000000007, -79.207145 -2.4730653, -79.20032139999992 -2.4712751999999996, -79.19343349999991 -2.4695708999999995, -79.19164179999991 -2.4690993000000003, -79.18931369999991 -2.4685312, -79.18771509999993 -2.4681667999999997, -79.17612789999994 -2.4651226, -79.17343499999998 -2.4648225, -79.16562439999991 -2.4631074, -79.16331769999991 -2.4619604999999996, -79.15815709999988 -2.4634076, -79.1568588999999 -2.4637746999999997, -79.15267469999989 -2.4647902999999998, -79.1463124999999 -2.4664732, -79.1368281999999 -2.4690885999999996, -79.13292289999991 -2.4701282999999994, -79.12148599999999 -2.4720577, -79.117012 -2.4744587, -79.10661579999989 -2.4770956000000006, -79.10400869999988 -2.4806649000000003, -79.1013800999999 -2.4840092, -79.0966701999999 -2.486571, -79.0919065999999 -2.4891862999999996, -79.08630609999989 -2.4932487, -79.0840637999999 -2.4948887, -79.08108119999989 -2.4970645999999994, -79.07788399999988 -2.499401199999999, -79.0708136999999 -2.505693, -79.06710149999991 -2.508168999999999, -79.06513809999991 -2.5083297999999994, -79.06378629999992 -2.5099054000000005, -79.05953769999992 -2.514921699999999, -79.05684469999993 -2.5180944, -79.05276779999993 -2.5228961999999995, -79.04784319999993 -2.5285555999999993, -79.04516099999998 -2.5318408000000003, -79.04392719999993 -2.5332502, -79.03845549999994 -2.5396812, -79.03655109999993 -2.5419587999999993, -79.03242589999992 -2.5505388, -79.02614419999993 -2.5541455, -79.02400909999992 -2.5554209, -79.01730359999995 -2.5594349, -79.01309789999992 -2.5619964999999993, -79.01097889999994 -2.5632988, -79.00964859999992 -2.5640704999999997, -79.00597929999994 -2.5657799999999997, -79.00257289999992 -2.5673608999999993, -78.99906989999992 -2.5690972000000003, -78.97526269999994 -2.5802921999999997, -78.95624039999994 -2.5892844999999998, -78.95126219999995 -2.5916532, -78.94636989999992 -2.5939361, -78.94297959999993 -2.5955438, -78.93877389999993 -2.5975373, -78.93531919999992 -2.5991771, -78.93334509999993 -2.6014277999999997, -78.93177869999992 -2.603356999999999, -78.93026589999992 -2.6051040000000003, -78.927927 -2.6077619999999997, -78.92468689999991 -2.6115668000000003, -78.92175789999993 -2.6149429, -78.91495589999994 -2.6237848999999995, -78.91268140000003 -2.6236563, -78.90728470000003 -2.6231954999999996, -78.90343310000002 -2.6228202999999994, -78.89983890000003 -2.622531, -78.89475350000002 -2.622113, -78.89167430000002 -2.6218343, -78.88782260000005 -2.6215127999999996, -78.88020520000002 -2.6209018999999993, -78.87863880000002 -2.6205160999999997, -78.87224440000003 -2.6200872999999993, -78.86831760000003 -2.6197764999999995, -78.86201980000003 -2.6192942, -78.85890840000003 -2.6190477000000003, -78.855325 -2.6187262, -78.84908080000002 -2.6186512000000004, -78.84581920000004 -2.6185653999999996, -78.83797650000005 -2.6184154, -78.82950070000003 -2.6183082, -78.82556320000002 -2.6206339, -78.82224799999999 -2.6225523999999996, -78.81368050000005 -2.6276477, -78.81253410000004 -2.6290734, -78.80684140000004 -2.6364262, -78.80279660000004 -2.6405203, -78.79853720000006 -2.6430604, -78.79540440000005 -2.6448931, -78.78866670000005 -2.6489709999999995, -78.78706280000004 -2.6499248999999994, -78.78495460000003 -2.6511894999999996, -78.77849580000002 -2.6550262999999994, -78.77396820000004 -2.6571697999999992, -78.77080860000002 -2.6587881, -78.76712320000004 -2.6605831999999996, -78.76101320000004 -2.6635143999999995, -78.76055720000002 -2.6651487999999994, -78.75974710000004 -2.6687337, -78.75762419999974 -2.6701611999999786), (-78.75762419999974 -2.6701611999999786, -78.758 -2.6697), (-78.75762419999973 -2.6701612, -78.75762419999974 -2.6701611999999786), (-78.75762419999974 -2.6701611999999786, -78.75762419999971 -2.6701612))","MULTIPOINT ((-79.697143 -2.3047476), (-79.69714299999998 -2.3047476), (-79.6968 -2.3047), (-78.758 -2.6697), (-78.75762419999973 -2.6701612), (-78.75762419999971 -2.6701612))",AC,Al/St 240/40 2-bundle 220.0,0.7,1027.7989492113718,0.0,230.0,18.01242963471044,3.590517535158227,0.0,0.000939995292586535,0.0,False,0.0,inf,0.0,0,inf,1.0,-inf,inf,0,0.00034049961502288166,6.7873677413199e-05,0.0,49.7257509778277,0.00034049961502288166,6.7873677413199e-05,1027.7989492113718
140,1.0,138.0,83,288,10.9045412696284,False,"MULTILINESTRING ((-78.04003539999965 0.3968511, -78.04 0.3969), (-77.94849429999954 0.4089636999999983, -77.94937129999953 0.4088402999999999, -77.95400619999953 0.4082502, -77.95707469999955 0.4060615999999999, -77.96244979999955 0.4021135000000001, -77.96607079999954 0.399367, -77.97104359999955 0.3957728999999999, -77.97615049999955 0.3920501, -77.97919749999954 0.3918569999999999, -77.98106429999955 0.3918247999999999, -77.98346759999954 0.3917497, -77.99068809999953 0.3914171, -77.99332739999954 0.391342, -77.99693229999954 0.3923718999999999, -77.99911019999955 0.3929727, -78.00359489999954 0.394346, -78.00708179999955 0.395333, -78.00816539999957 0.3944211000000001, -78.01140549999954 0.3946679, -78.01842209999954 0.3949038999999999, -78.02588939999954 0.3959338, -78.02811029999955 0.3962342, -78.03324939999963 0.3969745, -78.04003539999964 0.3968511), (-77.94849429999952 0.4089636999999999, -77.94849429999954 0.4089636999999983), (-77.94849429999954 0.4089636999999983, -77.94849429999954 0.4089637), (-77.9377 0.4027, -77.94849429999954 0.4089636999999983))","MULTIPOINT ((-78.04003539999965 0.3968511), (-78.04003539999964 0.3968511), (-78.04 0.3969), (-77.94849429999954 0.4089637), (-77.94849429999952 0.4089636999999999), (-77.9377 0.4027))",AC,243-AL1/39-ST1A 20.0,0.7,154.16984238170576,0.0,138.0,3.489453206281088,1.2954595028318538,0.0,3.7683389417774426e-05,0.0,False,0.0,inf,0.0,0,inf,1.0,-inf,inf,0,0.00018323110724013274,6.802454856289927e-05,0.0,0.7176424680720962,0.00018323110724013274,6.802454856289927e-05,154.16984238170576
144,2.0,230.0,84,5,82.52934016621245,False,"MULTILINESTRING ((-78.43878100000013 -0.0519406, -78.4379 -0.0529), (-77.94395869999953 0.4071962000000001, -77.9474308 0.4016776, -77.95292799999999 0.3913098, -77.96451509999997 0.3784139999999999, -77.96442929999999 0.3676908, -77.96653749999997 0.3640752, -77.97392289999996 0.3592647999999999, -77.97757749999997 0.3517050999999999, -77.97954079999998 0.3477194, -77.98161149999996 0.3435889, -77.98360709999996 0.3395496, -77.98545239999999 0.3356162, -77.98683379999997 0.3329138999999999, -77.99058619999995 0.3251865999999999, -77.99578429999995 0.3219679999999999, -78.00544019999997 0.3126636, -78.02347139999998 0.2974758000000001, -78.02645269999996 0.2950791999999999, -78.03176950000044 0.290732, -78.03803979999999 0.2856702, -78.0463922 0.278498, -78.050158 0.2754189, -78.05709960000002 0.2695609999999999, -78.06106930000001 0.2696011999999999, -78.0673885 0.2695663999999999, -78.0750275 0.2698185000000001, -78.08076739999979 0.2668574, -78.0830151 0.2654196999999999, -78.092533 0.259502900000045, -78.09574679999996 0.257350200000045, -78.10018829999996 0.2542899000000449, -78.10284089999995 0.2524353000000449, -78.10663339999996 0.250830600000045, -78.11035579999995 0.249252200000045, -78.11409129999997 0.247660700000045, -78.11774659999998 0.246207200000045, -78.12477579999998 0.244222400000045, -78.12820349999997 0.2433202, -78.13142049999998 0.2424097, -78.13571099999999 0.241070900000045, -78.14732459999999 0.237932400000045, -78.1506568 0.236985400000045, -78.15251919999999 0.233207900000045, -78.15380049999999 0.230597300000045, -78.15504559999998 0.227594, -78.1572785 0.222949600000045, -78.15928449999997 0.217275200000045, -78.16022619999997 0.214636800000045, -78.16199059999998 0.210275600000045, -78.16413459999998 0.205430800000045, -78.16603309999998 0.202453800000045, -78.16774739999998 0.199468, -78.17552979999998 0.189743300000045, -78.17745009999997 0.186976800000045, -78.183299 0.179843300000045, -78.18802099999999 0.173998900000045, -78.18825339999998 0.171280600000045, -78.18883649999997 0.165852600000045, -78.18922679999999 0.163121100000045, -78.18943279999999 0.160354600000045, -78.1895765000003 0.1590872, -78.1900905 0.154554, -78.1908139 0.150327400000045, -78.19146279999998 0.146271800000045, -78.1920416 0.143001, -78.19214770000018 0.1423225, -78.1929027 0.137863, -78.1935279 0.133920900000045, -78.1940628 0.130518500000045, -78.19471609999998 0.126528700000045, -78.19534739999997 0.122705500000045, -78.19578149999998 0.119851200000045, -78.20024920000002 0.115804400000045, -78.2020907 0.113274600000045, -78.2056246 0.108526200000045, -78.20924609999997 0.103545500000045, -78.21172769999998 0.100169500000045, -78.21476609999998 0.096021800000045, -78.21872529999997 0.090975300000045, -78.22209689999997 0.087717700000045, -78.22618319999997 0.082833400000045, -78.22872619999997 0.080435200000045, -78.23665759999997 0.074222400000045, -78.24037749999997 0.073876, -78.2440602999999 0.0736963, -78.24744519999989 0.0733691, -78.24998879999997 0.073086500000045, -78.25160819999995 0.072927200000045, -78.2581954999999 0.0722426, -78.26332929999988 0.0717276, -78.2651745999999 0.0715291, -78.2773839999999 0.0702363, -78.2805167999999 0.0699198, -78.2836442999999 0.0695979, -78.29009229999991 0.0689703, -78.30128249999991 0.0678223, -78.30468889999992 0.0674736, -78.30820799999998 0.0671249, -78.31572889999993 0.0663364, -78.32685469999993 0.0651991, -78.33167729999992 0.0647163, -78.33796979999991 0.0640565, -78.34315719999991 0.063563, -78.34826409999991 0.0630963, -78.35729779999991 0.0562352, -78.36298939999993 0.0519168, -78.36562329999994 0.049932, -78.36866319999997 0.0475965, -78.37203809999997 0.0450404, -78.37509409999996 0.0426746, -78.37784539999997 0.0406182, -78.382001 0.0374623, -78.38336239999997 0.0364055, -78.38629319999995 0.0336198, -78.38775400000002 0.0322398, -78.39286829999998 0.0312027, -78.39849119999998 0.0249627, -78.40726949999997 0.0192138, -78.4109273 0.016757, -78.41297889999997 0.0117827, -78.41552069999997 0.0055489, -78.419386 -0.0037802, -78.42294649999998 -0.0115297, -78.4272973 -0.0178987, -78.42840159999997 -0.0200598, -78.42882390000011 -0.022956, -78.42938740000014 -0.0265296, -78.42977600000012 -0.0296335, -78.43122480000011 -0.0327375, -78.43439950000013 -0.040978, -78.43559170000012 -0.0486986, -78.43878100000013 -0.0519406), (-77.9367 0.4037, -77.94395869999953 0.4071962))","MULTIPOINT ((-78.43878100000013 -0.0519406), (-78.43878100000013 -0.0519406), (-78.4379 -0.0529), (-77.94395869999953 0.4071962), (-77.94395869999953 0.4071962000000001), (-77.9367 0.4037))",AC,Al/St 240/40 2-bundle 220.0,0.7,1027.7989492113718,0.0,230.0,12.420665695014973,2.4758802049863733,0.0,0.0006481839219294653,0.0,False,0.0,inf,0.0,0,inf,1.0,-inf,inf,0,0.00023479519272240026,4.680302844964789e-05,0.0,34.28892947006871,0.00023479519272240026,4.680302844964789e-05,1027.7989492113718
149,2.0,138.0,86,62,80.22102435298483,False,"MULTILINESTRING ((-79.47607849999991 0.3084746, -79.4722 0.3149), (-79.1226 -0.2617, -79.12472450000037 -0.2631263, -79.12524369999977 -0.2628904000000001, -79.12571379999976 -0.2597659, -79.12677789999978 -0.2545515, -79.12747799999978 -0.2500455, -79.13027289999978 -0.2446221, -79.13336549999977 -0.2392013999999999, -79.13490769999943 -0.2365111000000001, -79.13856629999944 -0.2299773, -79.14263249999944 -0.2278905999999999, -79.15318159999944 -0.2220594999999999, -79.15565729999945 -0.2205763, -79.16085809999944 -0.2174167, -79.16313529999944 -0.2160461, -79.16507719999943 -0.2148766, -79.16878399999943 -0.2125968, -79.17122479999942 -0.2111537, -79.17375679999942 -0.2096678, -79.17905689999944 -0.2064545, -79.18700159999943 -0.2017017, -79.19187249999943 -0.1986815, -79.19518769999944 -0.196686, -79.19901249999943 -0.1944008, -79.20186639999945 -0.1926734, -79.20465049999943 -0.1909944, -79.20783699999944 -0.1890793, -79.21071769999945 -0.1873305, -79.22201509999941 -0.172278, -79.22419849999942 -0.1693383, -79.22623159999944 -0.1665918, -79.22954680000008 -0.1619569, -79.23101130000008 -0.1600311, -79.232862 -0.1576654, -79.23496220000008 -0.1545191999999999, -79.2370731000001 -0.1518504, -79.2390552000001 -0.1492031, -79.24153630000013 -0.1459281, -79.24359220000014 -0.1430903, -79.24521090000009 -0.1409177, -79.24663250000009 -0.1390188, -79.24818010000008 -0.1369213, -79.25068530000009 -0.1353012, -79.2538878000001 -0.1332923, -79.256916 -0.1316078, -79.25935419999999 -0.1299556, -79.26248430000001 -0.128011, -79.2667437 -0.1253932, -79.26929439999999 -0.1238026, -79.2714483 -0.1224213, -79.27399640000002 -0.1208388, -79.2803478 -0.1169013, -79.2826518 -0.115469, -79.28528309999999 -0.1139187, -79.2870909 -0.1126956, -79.2901057 -0.110802, -79.2928362 -0.1090478, -79.2944723 -0.1080339, -79.29737179999994 -0.106379, -79.299531 -0.1050487, -79.30664959999994 -0.1006311, -79.30954639999995 -0.0988286, -79.31186379999994 -0.0973829, -79.31419729999996 -0.0959372, -79.31993189999999 -0.0917691, -79.3228662 -0.0890761, -79.3257281 -0.086469, -79.32871340000001 -0.0836151, -79.33135010000018 -0.0813004, -79.33408060000018 -0.0787523, -79.33618880000016 -0.0767943, -79.33895410000017 -0.074214, -79.34204940000015 -0.0713709, -79.34584200000016 -0.0678357, -79.34771960000016 -0.066103, -79.34979030000017 -0.0641128, -79.35231150000017 -0.0617846, -79.35501120000016 -0.0592272, -79.35942210000016 -0.0551864, -79.36171800000014 -0.0530299, -79.36428760000014 -0.0506696, -79.36679810000015 -0.0483253, -79.36953400000016 -0.0457719, -79.37173340000015 -0.0437548, -79.37361630000015 -0.041947, -79.37625020000016 -0.0395491, -79.38310060000018 -0.0331655, -79.38547440000016 -0.0309688, -79.38845160000017 -0.0281739, -79.39112310000017 -0.0256848, -79.39051690000018 -0.019741, -79.3900395000002 -0.0155568, -79.38963710000019 -0.011689, -79.38899340000019 -0.0056755, -79.38958420000016 -0.0022769, -79.39005560000017 0.0004345, -79.39058400000017 0.0035057, -79.3911687000002 0.0067833, -79.39168370000016 0.009723, -79.39194160000005 0.0112566, -79.39219330000017 0.0127539, -79.39281020000017 0.016332, -79.39340030000017 0.0198081, -79.39451070000015 0.0260577, -79.39510080000018 0.0293783, -79.39562120000016 0.0323233, -79.39606100000015 0.035027, -79.39654380000016 0.0378996, -79.39752020000014 0.0443812, -79.39826050000005 0.0506012, -79.39871640000005 0.0540345, -79.39917240000007 0.0575964, -79.39967130000007 0.061668, -79.40006290000005 0.0645755, -79.40048130000007 0.0679176, -79.40086760000005 0.0711255, -79.40125380000006 0.0740706, -79.40164540000006 0.0771765, -79.40201550000005 0.080304, -79.40229990000005 0.0830291, -79.402788 0.0864677, -79.40321180000005 0.0900941, -79.40360880000006 0.0930767, -79.40398960000005 0.0963811, -79.40436520000006 0.0990204, -79.40479430000006 0.102577, -79.40549170000007 0.1086174, -79.40599590000005 0.112131, -79.40641970000006 0.1155804, -79.406645 0.1174579, -79.40714390000005 0.1212344, -79.407616 0.1251907, -79.40822490000004 0.1298497, -79.40839380000006 0.1376227, -79.40867280000005 0.1458222, -79.40901880000006 0.1584071, -79.40916360000006 0.1627254, -79.409228 0.1660621, -79.40935140000006 0.1691788, -79.40942110000005 0.1731109, -79.40952840000006 0.1759942, -79.40959810000005 0.179642, -79.40973760000006 0.183145, -79.40986640000006 0.1883806, -79.409979 0.1921786, -79.41012390000004 0.1984227, -79.41026330000004 0.2019605999999999, -79.410427 0.2075985, -79.41045650000002 0.2094653, -79.412731 0.2130863, -79.41408010000026 0.215262900000019, -79.41552050000028 0.217491800000019, -79.4171647000003 0.220171300000019, -79.4190610000003 0.223140500000019, -79.4206033000003 0.2256135000000191, -79.42222600000031 0.228188400000019, -79.4243718000003 0.231578600000019, -79.42608840000028 0.2343467000000189, -79.42697080000029 0.2357521000000191, -79.42914610000034 0.2392121000000189, -79.4313535000003 0.242720400000019, -79.4331050000003 0.245509900000019, -79.43459100000031 0.2479212000000189, -79.43632640000033 0.250665100000019, -79.43812340000034 0.253564500000019, -79.43956650000034 0.2556217000000189, -79.44139040000033 0.258303900000019, -79.44323040000032 0.260903, -79.45875770000033 0.283540600000019, -79.46603720000033 0.293984900000019, -79.47062370000033 0.300615200000019, -79.4760784999999 0.3084745999999999))","MULTIPOINT ((-79.47607849999991 0.3084746), (-79.4760784999999 0.3084745999999999), (-79.4722 0.3149), (-79.1226 -0.2617))",AC,243-AL1/39-ST1A 20.0,0.7,308.3396847634115,0.0,138.0,12.835363896477572,4.765128846567299,0.0,0.000554447917695727,0.0,False,0.0,inf,0.0,0,inf,1.0,-inf,inf,0,0.0006739846616507862,0.0002502168056378544,0.0,10.558906144597426,0.0006739846616507862,0.0002502168056378544,308.3396847634115
150,2.0,230.0,85,89,129.6786284922739,False,"MULTILINESTRING ((-78.758 -2.6697, -78.7584677000001 -2.6707753), (-78.7584677000001 -2.670775299999999, -78.75915970000008 -2.6714772999999994, -78.7605733000001 -2.6729563, -78.7658787000001 -2.6790436, -78.76770260000009 -2.6810209, -78.76873260000009 -2.6820657999999997, -78.77099100000011 -2.6841342000000004, -78.7779111000001 -2.6905644, -78.7856144000001 -2.6975839999999995, -78.7875187000001 -2.7020209000000004, -78.78901010000013 -2.7053806000000002, -78.79130600000012 -2.710873, -78.79262570000012 -2.7141255, -78.79560830000011 -2.7201697999999994, -78.79701910000011 -2.7253085, -78.79913270000011 -2.7289468, -78.80077420000012 -2.7317117, -78.80221190000012 -2.7365394999999997, -78.8033491000001 -2.7403277999999998, -78.80504430000012 -2.7459487000000005, -78.80649270000012 -2.750621, -78.80681990000012 -2.7559578, -78.8068843000001 -2.7600194, -78.8070613000001 -2.7639093999999993, -78.8072008000001 -2.7675636999999997, -78.8074046000001 -2.7729808, -78.80715790000009 -2.7799785, -78.80706670000009 -2.7839006, -78.8082093000001 -2.7916965999999994, -78.8083220000001 -2.7950507, -78.8084668000001 -2.7991710000000003, -78.8085419000001 -2.8044432999999995, -78.8075012000001 -2.8082743, -78.8060153000001 -2.814987799999999, -78.8042879000001 -2.8208172000000005, -78.80329550000009 -2.823281899999999, -78.8002646000001 -2.8303329, -78.7995619000001 -2.8320527, -78.80532320000012 -2.8392429999999997, -78.80761390000012 -2.8421683, -78.80863610000006 -2.8434262999999995, -78.8091856000001 -2.8441024999999995, -78.8103980000001 -2.8456563, -78.81064480000012 -2.8508694, -78.81134750000011 -2.8631226000000005, -78.8113689000001 -2.8663104, -78.81161570000012 -2.8685767, -78.8117713000001 -2.8753703, -78.81212000000012 -2.8792278, -78.81185170000012 -2.8814244, -78.81116510000011 -2.8877678, -78.81074670000012 -2.8919896, -78.8101620000001 -2.8958631999999995, -78.8098884000001 -2.8984509, -78.80955580000013 -2.9011939, -78.81000100000013 -2.9069372, -78.81054820000013 -2.9132643999999996, -78.81051060000013 -2.9214237999999995, -78.81134750000011 -2.9263954999999995, -78.81202880000012 -2.9307029, -78.81336990000013 -2.9388353999999994, -78.81287630000013 -2.9410319, -78.81261350000011 -2.9428909, -78.81162640000012 -2.9485857, -78.81111680000012 -2.9515537, -78.80916950000011 -2.9628896999999994, -78.80714180000012 -2.9652683, -78.80788740000013 -2.9714129999999996, -78.81029610000013 -2.9730202, -78.81052670000012 -2.9754308999999997, -78.81101490000013 -2.9801826999999994, -78.81140110000011 -2.9835523999999998, -78.81180350000012 -2.9861238, -78.81234600000013 -2.9931216, -78.81304710000013 -3.000006499999999, -78.81340460000015 -3.0033202, -78.81405170000014 -3.0097536, -78.81478630000014 -3.0165573, -78.81560150000004 -3.0238802, -78.81565510000006 -3.0305335999999996, -78.81640610000005 -3.0374706999999996, -78.81768820000003 -3.0436901, -78.81842850000004 -3.0510556999999996, -78.81879330000005 -3.0546286999999994, -78.81951210000005 -3.060124699999999, -78.82026320000004 -3.068867, -78.82061720000006 -3.0719630999999996, -78.82121799999999 -3.0776090999999997, -78.82059580000005 -3.0807802999999994, -78.81909370000005 -3.0886117000000004, -78.81822470000006 -3.0933148, -78.81749510000007 -3.0970858, -78.81688360000007 -3.1000211999999996, -78.81583210000005 -3.1057742, -78.81484510000007 -3.1105842999999997, -78.81352540000007 -3.1176976999999995, -78.81290320000008 -3.120376, -78.81195370000009 -3.1251968, -78.81161570000008 -3.1275857999999994, -78.809309 -3.1393912999999998, -78.80818120000043 -3.1450815999999997, -78.80749580000005 -3.1485399000000003, -78.80712130000042 -3.1505224999999997, -78.80541440000005 -3.1595578000000004, -78.80396610000005 -3.1670512, -78.80321499999998 -3.1708434, -78.80109409999977 -3.1749501999999996, -78.79918189999977 -3.1786871, -78.79681569999977 -3.1832336999999997, -78.79525319999978 -3.1861607999999997, -78.78845969999976 -3.1889108999999998, -78.78734209999978 -3.1900655999999996, -78.78300109999978 -3.1925502999999997, -78.77930169999978 -3.1954058, -78.77519439999976 -3.1988008999999997, -78.77179949999977 -3.2011272, -78.76838149999976 -3.2038103, -78.76344099999977 -3.2076214000000003, -78.75352829999976 -3.2100353999999998, -78.75057459999975 -3.2112686999999998, -78.74649719999977 -3.2135195999999997, -78.74087949999975 -3.2169665999999997, -78.73400099999976 -3.2186034000000006, -78.73058949999975 -3.2202565, -78.72852849999975 -3.2224423999999994, -78.72483589999977 -3.2269088999999997, -78.72300089999976 -3.2316187999999997, -78.72173249999976 -3.2330784999999995, -78.71850219999978 -3.2352182, -78.71697769999976 -3.2364034, -78.71368489999976 -3.2391731, -78.71038589999976 -3.2418805, -78.70717439999976 -3.2444376999999998, -78.70372539999977 -3.2476441000000005, -78.69958289999975 -3.2496027999999995, -78.69163559999976 -3.2536660999999993, -78.68895569999977 -3.2537935, -78.67525479999976 -3.2541578999999996, -78.66823059999975 -3.2581908000000004, -78.66249669999976 -3.2641559000000004, -78.65331559999976 -3.2654497999999994, -78.64665989999975 -3.2684556999999996, -78.64474499999976 -3.2717673999999994, -78.64079849999976 -3.2783400999999994, -78.63875379999976 -3.2818521, -78.6382055000002 -3.2862523999999995, -78.6395359000002 -3.291072399999999, -78.63998549999977 -3.2931068999999997, -78.63628139999976 -3.2995864, -78.63695209999976 -3.3051676, -78.64078659999976 -3.3150929, -78.64281639999975 -3.3215116999999994, -78.64474809999975 -3.3280852999999997, -78.64460909999974 -3.332475, -78.64431849999976 -3.3378553999999996, -78.64373089999974 -3.3422889, -78.64338949999974 -3.3452634999999997, -78.64290509999974 -3.3520333999999994, -78.64277779999975 -3.3555871, -78.64273009999974 -3.3583410999999996, -78.64180219999976 -3.366146, -78.64093519999977 -3.3712324999999996, -78.63961679999977 -3.3790378000000003, -78.63819889999976 -3.3880841999999993, -78.63775039999993 -3.3907194, -78.63695030000021 -3.3956182999999998, -78.63608120000019 -3.4008555, -78.6350834000002 -3.4066174, -78.63382820000021 -3.4087379999999996, -78.6315107000002 -3.4125827999999996, -78.62984780000019 -3.4155387000000004, -78.62769130000021 -3.4190836, -78.62584590000021 -3.4220931, -78.62565280000021 -3.4276514000000002, -78.62109300000022 -3.4301359999999996, -78.61535310000022 -3.4333167999999996, -78.61200570000022 -3.4351480999999997, -78.60757470000024 -3.4374614, -78.60380890000023 -3.439539, -78.59724280000023 -3.4429446, -78.59039780000023 -3.4466072999999993, -78.58754400000024 -3.4480102, -78.58441120000023 -3.449788, -78.58068820000024 -3.4518013000000005, -78.57735160000024 -3.4537289999999996, -78.57250210000024 -3.4560207999999992, -78.56862900000023 -3.4579806, -78.56529240000022 -3.459565599999999, -78.56136560000022 -3.4615254, -78.55595830000021 -3.4642776999999993, -78.55108740000023 -3.4666443999999994, -78.54889870000022 -3.4676618, -78.5463560000002 -3.4690003999999997, -78.54630230000022 -3.4713992999999994, -78.54605560000022 -3.4749226000000006, -78.5459161000002 -3.4781459999999993, -78.5458303000002 -3.4812302, -78.54565860000021 -3.4841431, -78.54558350000019 -3.4874306999999996, -78.54548690000018 -3.4909967999999996, -78.5453153000002 -3.4948091999999997, -78.54514900000018 -3.4984608999999995, -78.5450632000002 -3.4998102, -78.54530450000013 -3.5017753, -78.54430140000012 -3.5066156999999993, -78.54385080000014 -3.5108938, -78.54332709999993 -3.5146779000000006, -78.5411010000003 -3.5186640999999774, -78.5386434000003 -3.523052999999999, -78.5355161000003 -3.527221099999978, -78.5324976000003 -3.5311340999999765, -78.5296816000003 -3.534765499999978, -78.52911930000029 -3.537325599999978, -78.5281401000003 -3.5390218999999776, -78.52645950000029 -3.5415945999999776, -78.52521490000028 -3.5451194999999776, -78.52385030000028 -3.5487515999999766, -78.5238629000003 -3.551570199999977, -78.52399560000028 -3.555404099999977, -78.52483510000029 -3.5610268999999763, -78.5250231000003 -3.5657242999999785, -78.5250657000003 -3.568041099999977, -78.5213155000003 -3.572721199999978, -78.51741610000029 -3.575361599999978, -78.51272730000031 -3.578457499999978, -78.50878020000029 -3.5772247999999784, -78.5060692000003 -3.576102299999977, -78.5040479000003 -3.576568199999977, -78.4968917000003 -3.5783884999999787, -78.49352430000029 -3.5792642999999775, -78.4876438000003 -3.579887099999977, -78.48255310000029 -3.578299099999978, -78.47906230000031 -3.571547899999977, -78.47734210000031 -3.5701617999999775, -78.4735612000003 -3.567067799999978, -78.47086440000031 -3.5648548999999776, -78.46621690000032 -3.5648709999999997, -78.4607646000003 -3.566440699999977, -78.45849800000032 -3.5667641999999784, -78.45522570000031 -3.567193699999977, -78.45457360000032 -3.5665472999999777), (-78.45457360000032 -3.566547299999978, -78.4535 -3.5653))","MULTIPOINT ((-78.7584677000001 -2.6707753), (-78.7584677000001 -2.670775299999999), (-78.758 -2.6697), (-78.45457360000032 -3.566547299999978), (-78.45457360000032 -3.5665472999999777), (-78.4535 -3.5653))",AC,Al/St 240/40 2-bundle 220.0,0.7,1027.7989492113718,0.0,230.0,19.51663358808722,3.890358854768217,0.0,0.0010184935664973194,0.0,False,0.0,inf,0.0,0,inf,1.0,-inf,inf,0,0.00036893447236459776,7.354175528862414e-05,0.0,53.878309667708194,0.00036893447236459776,7.354175528862414e-05,1027.7989492113718
151,1.0,138.0,186,291,52.3426387145031,False,"LINESTRING (-79.4962 -0.0596, -79.49623459999948 -0.0596478, -79.50082569999947 -0.0596118, -79.50301950000026 -0.0595933, -79.50627030000027 -0.0595611, -79.50964990000028 -0.0595021, -79.51205310000029 -0.0594646, -79.51511090000028 -0.0594324, -79.51711710000026 -0.0594109, -79.52075420000027 -0.0593519, -79.52557150000028 -0.0593304, -79.52941780000029 -0.0592607, -79.53489480000029 -0.0592071, -79.5368528000003 -0.0594377, -79.53981940000028 -0.0597864, -79.54955580000029 -0.0610041, -79.55825150000028 -0.0620287, -79.56132530000029 -0.0624043, -79.56535940000029 -0.0629032, -79.56946580000027 -0.0647056, -79.57336580000029 -0.0664598, -79.57528620000029 -0.0672644, -79.57879190000028 -0.0688362, -79.58518630000029 -0.0716793, -79.5879543000003 -0.0728702, -79.59051850000029 -0.0739914, -79.5929968000003 -0.0750053, -79.59705770000022 -0.0768399, -79.61659490000005 -0.0854471, -79.62044390000005 -0.0871476, -79.62360620000005 -0.088596, -79.63297250000005 -0.0928258, -79.64564320000055 -0.0915598, -79.64987580000056 -0.0910824, -79.65303540000056 -0.0908464, -79.65636130000055 -0.0904011, -79.66067430000057 -0.0899666, -79.66385010000056 -0.088588, -79.67234730000057 -0.0867051, -79.67641890000056 -0.0841462, -79.68336580000057 -0.0812816, -79.68685270000056 -0.0802731, -79.70250610000058 -0.0795006, -79.70770960000057 -0.0788247, -79.71814870000014 -0.0771939, -79.71961860000022 -0.0770545, -79.72805140000021 -0.0770545, -79.73687050000022 -0.0762766, -79.74180040000022 -0.0760084, -79.74810360000022 -0.0756812, -79.76043110000022 -0.0750428, -79.7637409000002 -0.074898, -79.76533410000022 -0.0747907, -79.76854210000022 -0.0745976, -79.77395480000021 -0.0743454, -79.7781873000002 -0.0741255, -79.78572430000021 -0.0669318, -79.78805240000021 -0.064727, -79.79274630000022 -0.0603229, -79.79450050000021 -0.0586331, -79.79895830000021 -0.0544005, -79.80158150000021 -0.0519597, -79.80418860000022 -0.049476, -79.8064470000002 -0.0473624, -79.8121280000002 -0.0420034, -79.82186710000022 -0.0326827, -79.82301240000022 -0.0315642, -79.82574280000021 -0.0291556, -79.83017920000022 -0.0251162, -79.83359640000022 -0.021742, -79.83665680000023 -0.0132474, -79.83731390000023 -0.01104, -79.83847260000023 -0.0081164, -79.83916460000022 -0.0059223, -79.84110120000021 -0.0008476, -79.84330860000021 6.170000000000001e-5, -79.85208750000022 0.0034011, -79.85792400000022 0.0053966, -79.86019850000022 0.0061905, -79.86536980000021 0.0078106, -79.86845970000023 0.0081861, -79.87176420000023 0.0085402, -79.87631320000023 0.0090122, -79.8794246000002 0.0093556, -79.88312600000022 0.0097203, -79.88827129999984 0.0109091, -79.89250069999984 0.0119339, -79.89610059999985 0.0127507, -79.89931039999985 0.0134477, -79.90424729999984 0.0143269, -79.90817499999984 0.0151593, -79.91303899999986 0.0162257, -79.91950019999986 0.0175679, -79.9195 0.0176)","MULTIPOINT ((-79.4962 -0.0596), (-79.9195 0.0176))",AC,243-AL1/39-ST1A 20.0,0.7,154.16984238170576,0.0,138.0,16.749644388640995,6.218305479282969,0.0,0.0001808831741804864,0.0,False,0.0,inf,0.0,0,inf,1.0,-inf,inf,3,0.0008795234398572251,0.0003265230770469948,0.0,3.444739169093183,0.0008795234398572251,0.0003265230770469948,154.16984238170576
152,2.0,230.0,100,292,26.572871482856417,False,"MULTILINESTRING ((-79.8953 -3.2773, -79.86673240000037 -3.289605), (-79.86673240000037 -3.289604999999999, -79.86429160000007 -3.2893826999999884, -79.86186150000006 -3.2890881999999886, -79.86007240000008 -3.288777499999989, -79.85828340000009 -3.288057199999989, -79.8566178000001 -3.2873903999999885, -79.8547778000001 -3.2866459999999997, -79.8529834000001 -3.285957799999989, -79.8511246000001 -3.285240199999989, -79.84916390000011 -3.2844930999999895, -79.84731850000011 -3.2837833999999884, -79.84553220000012 -3.283095199999989, -79.84360900000013 -3.282308, -79.84110650000012 -3.281335899999988, -79.83978690000012 -3.2785911999999895, -79.83768940000012 -3.274751199999989, -79.83636440000011 -3.272300899999989, -79.8356402000001 -3.270962, -79.83384039999969 -3.267604, -79.8328695000001 -3.265689299999989, -79.8319843000001 -3.264017, -79.83104560000008 -3.262200099999989, -79.83009880000009 -3.2604085999999888, -79.82909290000009 -3.2585367999999892, -79.8280951000001 -3.2566407999999885, -79.8271537000001 -3.254827899999989, -79.82631420000011 -3.2532532999999884, -79.82542100000012 -3.2515715999999886, -79.82451440000013 -3.249844399999989, -79.82356760000013 -3.248023399999989, -79.82271459999968 -3.246418, -79.82153040000014 -3.244153799999989, -79.82023360000008 -3.241682099999988, -79.81931759999969 -3.2399855999999994, -79.81834049999968 -3.2381302, -79.8174011999997 -3.2363678, -79.81645969999968 -3.2345695, -79.81584679999968 -3.2333912000000002, -79.815462 -3.2327256999999876, -79.81441050000006 -3.231358699999988, -79.81361660000006 -3.2297036999999875, -79.81288430000008 -3.2278478999999876, -79.8122485999997 -3.226581199999999, -79.81136890000008 -3.224926199999988, -79.81047139999971 -3.2232024999999997, -79.8094417999997 -3.2212284999999996, -79.80875510000007 -3.2199772999999885, -79.80797999999972 -3.218551399999999, -79.80718779999971 -3.2170622, -79.8064151999997 -3.2155276999999995, -79.80563599999971 -3.2140144, -79.80495809999972 -3.2118359, -79.80440720000009 -3.210075499999988, -79.80399909999973 -3.2087766, -79.80382249999973 -3.2082142999999994, -79.80329280000007 -3.2065284999999877, -79.80271989999972 -3.2047355, -79.80214949999971 -3.2028389, -79.8015650999997 -3.2009677, -79.80103359999971 -3.1992861000000006, -79.80091630000005 -3.1989148999999877, -79.800278 -3.196994699999988, -79.79976109999973 -3.1951771, -79.79910850000006 -3.193218699999988, -79.79844060000005 -3.1911404999999875, -79.7979014999997 -3.1892358, -79.79726699999969 -3.1871716, -79.79665709999969 -3.1852157, -79.79604789999969 -3.1832937, -79.79535070000006 -3.181215599999988, -79.79474990000001 -3.179282, -79.7942094999997 -3.1773738999999996, -79.7935563 -3.1754952, -79.79305750000006 -3.1737637999999877, -79.79246339999969 -3.1718531, -79.79190089999967 -3.1699282000000006, -79.79126889999971 -3.1679558, -79.79068640000004 -3.1661378999999874, -79.79006410000005 -3.164132, -79.78944019999972 -3.1621212999999995, -79.78881420000003 -3.1601040999999874, -79.78817580000006 -3.158087499999988, -79.78751019999972 -3.1559488, -79.78692460000005 -3.1540675999999874, -79.78635330000003 -3.152223699999988, -79.78600459999964 -3.1511176000000005, -79.78568140000003 -3.150061099999988, -79.78515030000003 -3.1483229999999995, -79.78448510000004 -3.146295599999988, -79.78393260000004 -3.144538699999988, -79.78356780000003 -3.143285299999988, -79.78302870000005 -3.141616799999988, -79.78246940000004 -3.139770199999988, -79.78170640000003 -3.137314399999988, -79.78019089999967 -3.1354033999999995, -79.77809339999999 -3.132752, -79.77803169999996 -3.1323288999999996, -79.77774739999998 -3.1296104999999996, -79.77554260000001 -3.1268090999999996, -79.773252 -3.1238202, -79.77135859999967 -3.12134, -79.756912 -3.10252, -79.75534559999967 -3.0998953, -79.75409840000002 -3.0970858, -79.75310859999982 -3.0953074, -79.7525238999998 -3.094305699999999, -79.75131149999982 -3.0922595000000164), (-79.75131149999982 -3.0922595000000164, -79.7513114999998 -3.0922595), (-79.75131149999982 -3.0922595, -79.75131149999982 -3.0922595000000164), (-79.75131149999982 -3.0922595000000164, -79.7513 -3.0923))","MULTIPOINT ((-79.8953 -3.2773), (-79.86673240000037 -3.289605), (-79.86673240000037 -3.289604999999999), (-79.75131149999982 -3.0922595), (-79.7513114999998 -3.0922595), (-79.7513 -3.0923))",AC,Al/St 240/40 2-bundle 220.0,0.7,1027.7989492113718,0.0,230.0,3.9992171581698908,0.7971861444856925,0.0,0.00020870284458831862,0.0,False,0.0,inf,0.0,0,inf,1.0,-inf,inf,0,7.559956820737033e-05,1.5069681370239933e-05,0.0,11.040380478722055,7.559956820737033e-05,1.5069681370239933e-05,1027.7989492113718
153,2.0,230.0,75,120,22.495104173020085,False,"MULTILINESTRING ((-76.8665 -0.1234, -76.86740040000036 -0.1238268, -76.86667089999985 -0.1238536, -76.86235520000035 -0.1240145, -76.85779010000036 -0.1242076, -76.85346100000037 -0.1255273, -76.84924720000036 -0.1254951, -76.84495570000037 -0.12542, -76.84086260000036 -0.125369, -76.83646650000036 -0.1253127, -76.83215620000037 -0.1252617, -76.82849090000038 -0.1252376, -76.82460040000036 -0.1251598, -76.82048590000038 -0.1251464, -76.81618629999994 -0.1247977, -76.81230779999993 -0.1255916, -76.80810209999994 -0.1264553, -76.80418609999992 -0.1272385, -76.79993749999994 -0.1281022, -76.79495929999995 -0.1291375, -76.79180499999998 -0.1298027, -76.789037 -0.1298885, -76.78563059999993 -0.1299797, -76.78215439999994 -0.1300066, -76.77815799999999 -0.1300817, -76.77375909999992 -0.1301568, -76.76969829999993 -0.130205, -76.76551939999992 -0.1303284, -76.761303 -0.130425, -76.75723139999992 -0.1304786, -76.75353529999991 -0.1305591, -76.74906669999991 -0.1306503, -76.74504879999994 -0.1307415, -76.74079479999993 -0.1308541, -76.73664809999991 -0.130897, -76.73244769999991 -0.1309936, -76.71995400000087 -0.1311921, -76.69094330000085 -0.1317285, -76.67713520000088 -0.1524137), (-76.67713520000086 -0.1524137, -76.6497 -0.1793))","MULTIPOINT ((-76.8665 -0.1234), (-76.67713520000088 -0.1524137), (-76.67713520000086 -0.1524137), (-76.6497 -0.1793))",AC,Al/St 240/40 2-bundle 220.0,0.7,1027.7989492113718,0.0,230.0,3.3855131780395227,0.6748531251906025,0.0,0.00017667613502924252,0.0,False,0.0,inf,0.0,0,inf,1.0,-inf,inf,1,6.399835875311007e-05,1.2757147924207986e-05,0.0,9.34616754304693,6.399835875311007e-05,1.2757147924207986e-05,1027.7989492113718
154,1.0,138.0,56,177,63.15583327861918,False,"MULTILINESTRING ((-80.1063715999999 -0.7398842, -80.1149 -0.7171), (-79.75260969999944 -0.9275586000000001, -79.75214029999988 -0.9269014999999998, -79.75078049999944 -0.9270329000000003, -79.75258019999985 -0.9326835999999998, -79.75512559999984 -0.9339601000000001, -79.7615414999999 -0.9337644, -79.76381599999989 -0.9340271999999998, -79.76870299999987 -0.9320291999999998, -79.77315809999989 -0.9324878, -79.77578939999988 -0.9327586999999998, -79.77928159999989 -0.9332012000000001, -79.78443949999988 -0.9337563, -79.7878056999999 -0.9345260000000001, -79.79410619999989 -0.9359473999999998, -79.79580399999988 -0.9364033000000002, -79.79974149999988 -0.9372292999999999, -79.80166729999989 -0.9377120000000003, -79.80506299999988 -0.9384791, -79.80814219999989 -0.9391977999999997, -79.8152285999999 -0.9408175999999999, -79.8168754999999 -0.9412253000000002, -79.8224114999999 -0.9424964999999997, -79.8274111999999 -0.9436443, -79.8295837999999 -0.9442289, -79.83319939999988 -0.9452935999999998, -79.83931749999988 -0.9470234000000001, -79.84387989999989 -0.9481014999999998, -79.8462456999999 -0.9486379, -79.8489760999999 -0.9492492999999999, -79.85392209999989 -0.9503703999999998, -79.85880909999989 -0.9514860000000002, -79.86136529999989 -0.9521055000000002, -79.86550389999991 -0.9530200000000001, -79.87019779999991 -0.9541034999999998, -79.87639899999999 -0.9555248000000001, -79.87886669999992 -0.9560826999999998, -79.88448859999991 -0.9573484999999999, -79.88803979999992 -0.9590219999999998, -79.8963734999999 -0.9625833999999999, -79.90734639999991 -0.9663702, -79.9121421999999 -0.9676628, -79.9218087999999 -0.9675716, -79.93283539999989 -0.9671211, -79.93778949999991 -0.9688857000000001, -79.95103689999989 -0.9765074999999999, -79.9561491999999 -0.9794146000000001, -79.95786309999991 -0.9793957999999998, -79.96281709999991 -0.9792805, -79.9668082999999 -0.979192, -79.96978549999992 -0.9786824, -79.9741655999999 -0.9779664, -79.97758809999992 -0.9773870999999997, -79.97974459999992 -0.9770412000000002, -79.9831616999999 -0.9764672000000001, -79.9877911999999 -0.9776284999999998, -79.9917071999999 -0.9777517999999998, -79.99632059999992 -0.9779770999999998, -80.0010895999999 -0.9786368, -80.00427069999989 -0.9786797000000002, -80.0071942999999 -0.9787119, -80.0093078999999 -0.9787547999999998, -80.0123226999999 -0.9788191999999999, -80.01656589999989 -0.9788514000000001, -80.0209378999999 -0.9789211000000002, -80.026753 -0.9789828, -80.02955849999991 -0.9761535, -80.0315326999999 -0.973949, -80.0319993999999 -0.9682205999999998, -80.0323318999999 -0.9640531000000003, -80.0326430999999 -0.9608509999999999, -80.03319029999989 -0.9557823000000001, -80.0336247999999 -0.9514485000000004, -80.0340055999999 -0.9477474999999999, -80.0396060999999 -0.9440251, -80.0439726999999 -0.9409785000000003, -80.04759909999989 -0.9386882000000001, -80.05514149999988 -0.9339252999999998, -80.05954559999988 -0.9311414999999997, -80.06315589999987 -0.9287439, -80.06611709999989 -0.9269256000000001, -80.07004919999987 -0.9245763000000001, -80.07442119999989 -0.9218569000000003, -80.07687809999987 -0.9204248, -80.0798499999999 -0.9185957999999996, -80.08173289999989 -0.9144067, -80.0830524999999 -0.9114512999999999, -80.08589029999987 -0.9059212999999999, -80.08881389999989 -0.8999997, -80.09166239999989 -0.8940887999999998, -80.0920110999999 -0.8891327, -80.0924992999999 -0.8842676999999999, -80.09289619999988 -0.8800544999999999, -80.0932985999999 -0.8748274999999999, -80.09382959999989 -0.8684498999999999, -80.09473619999989 -0.8605436999999999, -80.0951599999999 -0.8535439, -80.09567499999989 -0.8477241, -80.09646889999989 -0.8386593, -80.0967478999999 -0.8357949999999998, -80.10015959999988 -0.8311927999999998, -80.1028176999999 -0.8275185, -80.10476229999989 -0.8249947999999999, -80.10572519999991 -0.8236645999999999, -80.10712529999991 -0.8218006999999999, -80.1099067999999 -0.8180593999999999, -80.11360559999991 -0.8101931999999997, -80.11563869999989 -0.8058083, -80.1154481999999 -0.8003933999999999, -80.1150646999999 -0.7914035, -80.11492249999992 -0.788212, -80.11478839999991 -0.7843445999999998, -80.11461139999992 -0.7811102000000001, -80.11440219999992 -0.7756335999999998, -80.11295379999991 -0.7695883999999998, -80.11246029999991 -0.7674751, -80.1117628999999 -0.7645732, -80.1101803999999 -0.7577851000000001, -80.10899619999991 -0.7527524, -80.10767519999989 -0.7475426000000001, -80.10677400000002 -0.7434605999999998, -80.1060176 -0.7403066000000001, -80.1063715999999 -0.7398841999999999), (-79.7526 -0.927, -79.75260969999944 -0.9275586))","MULTIPOINT ((-80.1149 -0.7171), (-80.1063715999999 -0.7398842), (-80.1063715999999 -0.7398841999999999), (-79.75260969999944 -0.9275586000000001), (-79.75260969999944 -0.9275586), (-79.7526 -0.927))",AC,243-AL1/39-ST1A 20.0,0.7,154.16984238170576,0.0,138.0,20.209866649158137,7.502912993499958,0.0,0.00021825089204539696,0.0,False,0.0,inf,0.0,0,inf,1.0,-inf,inf,0,0.0010612196308106563,0.0003939777879384561,0.0,4.15636998811254,0.0010612196308106563,0.0003939777879384561,154.16984238170576
155,1.0,138.0,47,65,20.993274762981276,False,"LINESTRING (-78.9843 -2.8795, -78.95888910000012 -2.9088244, -78.95834600000012 -2.908231, -78.95752520000055 -2.908640899999988, -78.95369770000053 -2.9111159999999994, -78.95019070000052 -2.9134317999999877, -78.94780220000054 -2.915005599999988, -78.94564160000053 -2.9164922999999874, -78.94148160000056 -2.9193397999999875, -78.93489270000055 -2.9234676999999873, -78.93077690000055 -2.9265575999999878, -78.92519920000055 -2.9305715999999884, -78.92066090000056 -2.933839599999988, -78.91898190000056 -2.934123599999988, -78.91660270000055 -2.934067299999989, -78.90822620000056 -2.9337726999999876, -78.90466690000058 -2.9336172999999883, -78.89848440000057 -2.9332904999999876, -78.89663910000056 -2.933212799999989, -78.89076230000057 -2.9329636999999895, -78.88571170000057 -2.9328190999999886, -78.87893380000057 -2.9293956999999886, -78.8719491999998 -2.9257879000000186, -78.86755050000056 -2.9235158999999995, -78.86563810000055 -2.9225703, -78.86043730000056 -2.9199719999999996, -78.85746540000054 -2.9184772000000003, -78.85448810000054 -2.9169718000000002, -78.85141430000056 -2.9154019999999994, -78.84725690000056 -2.9145047, -78.84273200000054 -2.9135216, -78.83829030000055 -2.9126028, -78.83634030000056 -2.9121554, -78.83239750000054 -2.9112954999999996, -78.82938000000054 -2.9106633000000004, -78.82679160000056 -2.9101062, -78.82309820000056 -2.909289099999999, -78.81878790000054 -2.9083275, -78.81515890000055 -2.907558699999999, -78.8122875999998 -2.9069217000000185, -78.80812880000056 -2.9056219, -78.80308900000055 -2.9044379, -78.79621450000056 -2.9048558, -78.79171100000056 -2.9054853000000005, -78.78902610000054 -2.9058684, -78.78408280000056 -2.9064389, -78.784 -2.9061)","MULTIPOINT ((-78.9843 -2.8795), (-78.784 -2.9061))",AC,243-AL1/39-ST1A 20.0,0.7,154.16984238170576,0.0,138.0,6.717847924154008,2.494001041842176,0.0,7.254754954719139e-05,0.0,False,0.0,inf,0.0,0,inf,1.0,-inf,inf,0,0.0003527540392855497,0.00013095993708476034,0.0,1.3815955335767127,0.0003527540392855497,0.00013095993708476034,154.16984238170576
163,1.0,138.0,71,73,7.823873767279658,False,"MULTILINESTRING ((-78.50272449999997 -0.2729674000000001, -78.50272449999997 -0.2729674), (-78.4785 -0.2724, -78.50272449999997 -0.2729674), (-78.50272449999997 -0.2729674, -78.50151749999996 -0.2702637, -78.50006639999997 -0.2670988, -78.4990228999997 -0.2648293, -78.498044 -0.2626678, -78.49563000000002 -0.2603288999999999, -78.49411729999996 -0.2587733, -78.49156379999995 -0.2562735, -78.48904789999993 -0.2538058999999999, -78.48557709999994 -0.2505014, -78.48004099999999 -0.2450325, -78.47933829999994 -0.2442921999999999, -78.47804279999993 -0.2408268, -78.47728639999993 -0.2387131999999999, -78.47580309999994 -0.2347892000000001, -78.47541689999993 -0.2337592, -78.47441170000015 -0.2288766, -78.47398340000005 -0.226990700000016, -78.47396189999989 -0.2269228000000001, -78.47373290000016 -0.2261494000000001, -78.47473670000016 -0.2217516, -78.47492330000017 -0.2208465, -78.48099680000014 -0.2161485, -78.48153290000015 -0.2158877), (-78.48153290000016 -0.2158877, -78.4931 -0.1662))","MULTIPOINT ((-78.50272449999997 -0.2729674000000001), (-78.50272449999997 -0.2729674), (-78.4931 -0.1662), (-78.48153290000016 -0.2158877), (-78.48153290000015 -0.2158877), (-78.4785 -0.2724))",AC,243-AL1/39-ST1A 20.0,0.7,154.16984238170576,0.0,138.0,2.5036396055294907,0.9294762035528235,0.0,2.703736678488964e-05,0.0,False,0.0,inf,0.0,0,inf,1.0,-inf,inf,0,0.0001314660578412881,4.8806773973578214e-05,0.0,0.5148996130514383,0.0001314660578412881,4.8806773973578214e-05,154.16984238170576
164,1.0,138.0,66,14,25.87894162108397,False,"MULTILINESTRING ((-78.60304680000026 -1.2353195, -78.6025 -1.2207), (-78.4539 -1.0782, -78.4539377999999 -1.0782125, -78.45448630000062 -1.0785289999999998, -78.45553639999999 -1.0802573999999998, -78.45657169999997 -1.0818904999999999, -78.46069159999996 -1.0883480999999995, -78.46524059999997 -1.0927998, -78.46708599999998 -1.0946876999999997, -78.46825539999989 -1.0962216999999999, -78.470487 -1.0992842, -78.47252009999991 -1.1019498, -78.4754812999999 -1.1058758, -78.47687069999989 -1.1076403999999995, -78.4790592999999 -1.1105796, -78.4803252999999 -1.1120544999999997, -78.48221359999997 -1.1140979, -78.48409119999995 -1.1162111, -78.486017 -1.1183726000000003, -78.489241 -1.1211562, -78.49198219999997 -1.1234194999999998, -78.49341989999996 -1.1245512000000002, -78.49520089999996 -1.1260851, -78.49738419999996 -1.1278604000000003, -78.49943879999995 -1.1296785999999999, -78.50173469999994 -1.1315665, -78.50413259999995 -1.1335884999999997, -78.50578489999995 -1.1344145, -78.51046259999994 -1.1367528999999996, -78.512823 -1.1379382, -78.51540329999996 -1.1392038999999998, -78.51820889999995 -1.1405983999999998, -78.52353569999997 -1.1431782, -78.52600339999996 -1.1445350999999997, -78.52861579999997 -1.1458437999999997, -78.53202759999995 -1.1475171, -78.53487069999996 -1.1489222999999997, -78.537451 -1.1502042, -78.540144 -1.1515342999999998, -78.54234869999996 -1.1526445, -78.54603949999995 -1.1543232, -78.54931709999995 -1.1558249, -78.55240169999995 -1.1572139999999997, -78.55516429999996 -1.1584636999999998, -78.557471 -1.1595363999999997, -78.56132269999996 -1.1612687, -78.56398339999997 -1.1625076, -78.56679979999997 -1.1637895, -78.56955169999998 -1.1650552, -78.57664879999997 -1.1683053999999995, -78.58100469999997 -1.1702736999999999, -78.58238879999989 -1.1747896, -78.5831343999999 -1.1773103, -78.5847276999999 -1.1825395000000003, -78.5856610999999 -1.1859345, -78.58643889999989 -1.1883318999999999, -78.58773709999988 -1.1927941000000002, -78.58860339999987 -1.1958190000000002, -78.58952879999987 -1.1988893999999997, -78.58944829999987 -1.2013698999999998, -78.58932499999987 -1.2039014, -78.58921359999988 -1.2067224, -78.58909969999986 -1.2095489, -78.58896019999986 -1.2142095, -78.58878849999986 -1.2173416, -78.58871879999988 -1.2201197, -78.59055339999986 -1.2220666, -78.59239879999986 -1.2240723999999998, -78.59419319999986 -1.2259388, -78.59813869999986 -1.2301006000000003, -78.60087969999987 -1.2330152, -78.60304680000024 -1.2353194999999997))","MULTIPOINT ((-78.60304680000026 -1.2353195), (-78.60304680000024 -1.2353194999999997), (-78.6025 -1.2207), (-78.4539 -1.0782))",AC,243-AL1/39-ST1A 20.0,0.7,154.16984238170576,0.0,138.0,8.281261318746871,3.074418264584776,0.0,8.943120216742419e-05,0.0,False,0.0,inf,0.0,0,inf,1.0,-inf,inf,0,0.0004348488405139084,0.0001614376320407885,0.0,1.7031278140764263,0.0004348488405139084,0.0001614376320407885,154.16984238170576
165,1.0,138.0,19,95,56.05175951665348,False,"MULTILINESTRING ((-77.33107489999986 -0.7091314, -77.33 -0.7082), (-76.99981419999986 -0.4286429, -77.00042479999986 -0.4287672999999999, -77.00353669999988 -0.4294011, -77.00579679999989 -0.4315072999999999, -77.00718289999989 -0.4328325, -77.00785939999987 -0.433416, -77.00947609999987 -0.4348937, -77.01134559999988 -0.4366503, -77.01400729999989 -0.4391146, -77.0166918999999 -0.4415856000000001, -77.01974449999989 -0.4444165, -77.02193909999987 -0.4464547999999999, -77.02387829999988 -0.4482463000000002, -77.02602979999988 -0.4502204, -77.02976189999987 -0.4536568000000001, -77.03310539999985 -0.4567438, -77.03543200000021 -0.4588984999999999, -77.03623879999984 -0.4596457, -77.03921189999984 -0.4624122999999999, -77.04368419999984 -0.4665496, -77.04827399999985 -0.4707875000000001, -77.05185559999985 -0.4740952, -77.05405909999983 -0.4762596, -77.05634919999984 -0.4782484999999999, -77.05930499999982 -0.4786438, -77.06112789999983 -0.4788754000000001, -77.06400319999983 -0.4792405, -77.06692639999983 -0.4797289, -77.06911809999983 -0.4799806999999999, -77.07173099999983 -0.4802633000000001, -77.07386609999982 -0.4805478, -77.07628599999984 -0.4808468, -77.07857549999984 -0.4811423000000001, -77.08181569999982 -0.4815588999999999, -77.08693599999984 -0.4822246999999999, -77.08898509999983 -0.4824917999999999, -77.09139599999983 -0.4828070999999999, -77.09337469999981 -0.4830732999999998, -77.09592269999982 -0.4834056, -77.09901449999984 -0.4837882999999999, -77.10244119999984 -0.484244, -77.10437739999985 -0.4845109, -77.10742889999985 -0.4862481000000001, -77.11075999999984 -0.4881968, -77.11386689999982 -0.4899944, -77.11609769999984 -0.4912985999999999, -77.11959229999985 -0.4933203000000001, -77.12282269999984 -0.4951909, -77.12536559999987 -0.4966864, -77.12914229999986 -0.4951053000000001, -77.13089969999983 -0.4944104999999999, -77.13281069999985 -0.4936550999999999, -77.13619709999985 -0.4923182999999999, -77.14010969999984 -0.4907598000000002, -77.14335009999982 -0.4895085, -77.14461409999984 -0.4910594, -77.14600389999985 -0.4927689, -77.14781669999985 -0.4949970999999999, -77.14885149999986 -0.4962760999999999, -77.15009019999987 -0.4977842, -77.15120309999986 -0.4991713999999999, -77.15345149999986 -0.5019283, -77.15533229999986 -0.5042496, -77.15758059999986 -0.5069989, -77.15974839999986 -0.5096701, -77.16184829999986 -0.5122608000000001, -77.16392539999985 -0.5148162999999999, -77.16528249999985 -0.5164704, -77.16661699999985 -0.5181093999999999, -77.16790099999986 -0.5196804, -77.16930339999985 -0.5214428, -77.17075619999986 -0.5232178, -77.17517739999985 -0.52887, -77.17620969999986 -0.5299449999999999, -77.17856379999986 -0.5328100999999998, -77.18019279999984 -0.5348369, -77.18235309999984 -0.5374628, -77.18384609999985 -0.5393056999999999, -77.18643439999985 -0.5424805000000001, -77.18907559999984 -0.5457560000000001, -77.19264829999985 -0.5439508, -77.19594159999986 -0.5422891999999999, -77.19853489999986 -0.5409775, -77.20074549999984 -0.5398747000000002, -77.20312229999986 -0.5386712999999999, -77.20676549999985 -0.5388802, -77.21191439999984 -0.5391143999999999, -77.21417789999985 -0.5392276999999999, -77.21677869999984 -0.5393484999999999, -77.21959109999983 -0.5395273, -77.22171609999985 -0.5396255, -77.22471729999985 -0.5397966999999999, -77.22871799999986 -0.5399981, -77.23208939999985 -0.5401591999999998, -77.23365289999985 -0.5402423, -77.23579549999985 -0.5403808, -77.23742709999986 -0.5404739, -77.23862549999986 -0.5419693999999999, -77.24001789999986 -0.5436663, -77.24228129999986 -0.5464457999999999, -77.24357299999986 -0.5480319999999999, -77.24641549999984 -0.5515516999999998, -77.24757369999986 -0.5529942999999999, -77.25071339999985 -0.5568438, -77.25223919999988 -0.5587396, -77.25390589999986 -0.5607838999999999, -77.25541159999985 -0.5626217999999998, -77.25736789999986 -0.5650715, -77.25906489999986 -0.5671485999999999, -77.26045969999986 -0.5699885000000001, -77.26150709999985 -0.5721939999999998, -77.26255199999986 -0.5743993999999999, -77.26349109999985 -0.5762021, -77.26452849999984 -0.5779140999999999, -77.26536939999984 -0.5791779000000001, -77.26641429999985 -0.5824861, -77.26793629999985 -0.5856397999999999, -77.26916149999984 -0.5882672, -77.27085559999986 -0.5918242999999999, -77.27283509999987 -0.5959439, -77.27415469999985 -0.5987306, -77.27511229999988 -0.6007448, -77.27632999999987 -0.6033142, -77.27763889999987 -0.6060714000000001, -77.27835769999986 -0.6075410999999998, -77.27912680000003 -0.6091166000000001, -77.28131789999986 -0.6098946, -77.28429619999987 -0.6109634, -77.28653309999987 -0.6117681, -77.28929309999987 -0.6127416000000001, -77.29226769999985 -0.6138708000000002, -77.29675229999987 -0.6154747, -77.29875859999986 -0.6161881, -77.30111629999986 -0.6170544, -77.30373149999987 -0.6180010999999999, -77.30850360000002 -0.6195741999999999, -77.31058719999976 -0.6203532999999999, -77.31086339999976 -0.6241243, -77.31099219999976 -0.6259722, -77.31112899999977 -0.6280937, -77.31126849999978 -0.6300811, -77.31141059999979 -0.6322428000000001, -77.3117082999998 -0.6363678, -77.3119818999998 -0.6403988999999998, -77.31210799999978 -0.6419706000000001, -77.31231179999978 -0.6447893999999998, -77.31242179999978 -0.6463772000000001, -77.31262299999979 -0.6493180999999999, -77.31284829999979 -0.6525485999999999, -77.3130279999998 -0.6554398, -77.31314329999981 -0.6569471, -77.3133457999998 -0.6599616999999998, -77.31342759999981 -0.6607796999999999, -77.31363149999981 -0.6638681, -77.31419339999981 -0.6715588000000001, -77.31431539999981 -0.6735675999999999, -77.31451389999977 -0.6764186000000001, -77.31468559999976 -0.6789369999999999, -77.31483309999975 -0.681021, -77.31498059999976 -0.6832122, -77.31516299999974 -0.6859532, -77.31538029999976 -0.6887236999999998, -77.31560829999977 -0.6919904, -77.31605349999977 -0.6979713000000001, -77.31621709999975 -0.7006961999999999, -77.31640489999975 -0.7030323000000002, -77.31886709999976 -0.7040057999999999, -77.32072059999977 -0.7047219, -77.32515159999974 -0.7064973999999999, -77.32767549999976 -0.7075138999999999, -77.32971669999974 -0.708356, -77.33107489999985 -0.7091313999999997), (-76.9985 -0.4282, -76.99981419999988 -0.4286429))","MULTIPOINT ((-77.33107489999986 -0.7091314), (-77.33107489999985 -0.7091313999999997), (-77.33 -0.7082), (-76.99981419999988 -0.4286429), (-76.99981419999986 -0.4286429), (-76.9985 -0.4282))",AC,243-AL1/39-ST1A 20.0,0.7,154.16984238170576,0.0,138.0,17.936563045329116,6.658949030578434,0.0,0.0001937009755101304,0.0,False,0.0,inf,0.0,0,inf,1.0,-inf,inf,0,0.000941848511096887,0.00034966125974471925,0.0,3.6888413776149234,0.000941848511096887,0.00034966125974471925,154.16984238170576
166,1.0,138.0,196,55,61.93024513268042,False,"MULTILINESTRING ((-77.99575849999965 -1.45901320000001, -77.9947 -1.4582), (-77.8116 -1.0073, -77.81229169999988 -1.0073563, -77.81222459999988 -1.0079302000000003, -77.81058039999978 -1.0121326, -77.80857549999978 -1.0172226, -77.80789549999976 -1.0189121, -77.80709889999977 -1.0208456999999997, -77.80176399999979 -1.034264, -77.80122089999979 -1.0354654, -77.80071259999977 -1.0366601, -77.79944659999978 -1.0396636999999995, -77.7985882999998 -1.0417581999999996, -77.79832809999976 -1.0463975999999997, -77.79559219999977 -1.0489224999999998, -77.7948894999998 -1.0529544999999998, -77.79420019999979 -1.0575323, -77.79139459999978 -1.0747464, -77.7908956999998 -1.0775542, -77.78926489999981 -1.0881268999999998, -77.79205169999979 -1.0917216999999995, -77.79365299999978 -1.0940093000000002, -77.7960428999998 -1.0972111999999998, -77.80096739999979 -1.1036983, -77.80271749999979 -1.1060971000000002, -77.80554589999979 -1.1099359, -77.80626739999978 -1.1108369999999999, -77.80836759999978 -1.1135831, -77.81160239999981 -1.1164927, -77.81628009999979 -1.1208142999999997, -77.8187718999998 -1.1226901, -77.8229131999998 -1.1262380000000003, -77.82459499999979 -1.1277062, -77.8265904999998 -1.1294559999999996, -77.8345727999998 -1.1363855, -77.83755809999981 -1.1389143, -77.83918079999981 -1.1403248999999995, -77.84461499999979 -1.1468064999999998, -77.84591589999978 -1.1485335000000003, -77.84716839999979 -1.1501881000000003, -77.84850689999978 -1.1519392, -77.84981309999978 -1.1536876, -77.8510522999998 -1.1553314999999997, -77.85157259999978 -1.1563854000000002, -77.8524523999998 -1.1587935, -77.85259459999979 -1.1604802999999997, -77.8528707999998 -1.1634113999999998, -77.85301029999981 -1.1650283999999997, -77.8531550999998 -1.1667472999999997, -77.85338039999986 -1.1695631, -77.8549655999998 -1.1714509, -77.8574171999998 -1.1745187, -77.85899159999981 -1.1764977999999997, -77.85998939999982 -1.1777153, -77.8618508999998 -1.1801931, -77.86335559999979 -1.1820783, -77.8678187999998 -1.1876105000000001, -77.86920549999981 -1.1893427999999997, -77.87198959999981 -1.1928181999999998, -77.87280229999979 -1.1954461999999997, -77.8734781999998 -1.1976800000000003, -77.8741004999998 -1.1996215, -77.87472549999981 -1.2017641, -77.8754710999998 -1.2041909999999998, -77.8761389999998 -1.2062827000000003, -77.8767880999998 -1.2084065, -77.87744519999981 -1.2106134999999998, -77.87802989999982 -1.2124691000000003, -77.87866559999982 -1.2145098, -77.87944079999981 -1.2170064, -77.87993159999981 -1.2186072999999995, -77.88050289999981 -1.2204791, -77.88013819999982 -1.2226752999999997, -77.87984309999982 -1.2242305999999998, -77.87936839999982 -1.2270249, -77.87900629999982 -1.2289878, -77.87880779999978 -1.2306597999999997, -77.87852879999977 -1.2321868999999999, -77.87805269999977 -1.2350133, -77.87779119999976 -1.2364600000000001, -77.87717159999977 -1.2400574000000002, -77.87683499999979 -1.2419841, -77.87654269999977 -1.2437392, -77.87870049999981 -1.2454151999999996, -77.88070679999983 -1.2471876999999998, -77.88209619999981 -1.2483622, -77.88366259999981 -1.2496789, -77.88519139999983 -1.2509741, -77.88697239999983 -1.2524086999999997, -77.8898879999998 -1.2549132999999997, -77.89058809999979 -1.2568735, -77.8912384999998 -1.2586621, -77.8932755999998 -1.2643603999999997, -77.89318549999962 -1.26502040000001, -77.8926693999998 -1.2688010999999997, -77.8920766999998 -1.2731853999999998, -77.89151339999981 -1.2774571000000001, -77.8908454999998 -1.2821471, -77.88585389999974 -1.3002367, -77.88753569999976 -1.3067098999999998, -77.88812579999974 -1.3088417, -77.88841009999976 -1.3100108, -77.88928989999975 -1.3133599999999999, -77.89295379999977 -1.3271268, -77.90199279999983 -1.3307709999999997, -77.90424049999983 -1.3316183, -77.90625749999981 -1.3324683999999996, -77.90851859999982 -1.3333397999999999, -77.91151199999982 -1.3345571999999999, -77.91289059999981 -1.3351658999999998, -77.9150765999998 -1.3359756999999999, -77.91744499999982 -1.3369383999999997, -77.91896309999983 -1.3375577999999995, -77.92109009999982 -1.3383863999999999, -77.92201819999983 -1.3406576, -77.92283089999982 -1.3424381, -77.92345049999982 -1.3439102, -77.92453409999982 -1.3464576, -77.92574909999982 -1.3492356, -77.92672279999984 -1.3514961, -77.92806119999982 -1.3546334, -77.93012379999982 -1.3557676999999997, -77.93173049999983 -1.3565425999999996, -77.93521199999982 -1.3581649000000002, -77.94030009999983 -1.3605058, -77.94307749999983 -1.3628293, -77.94458359999985 -1.3640264999999998, -77.94695739999982 -1.3659732999999998, -77.94824349999983 -1.3669869, -77.95002449999981 -1.3686145, -77.95241159999982 -1.3704324999999997, -77.95466599999983 -1.3721781, -77.95995799999983 -1.3753421999999997, -77.96207959999985 -1.3765288, -77.96425489999984 -1.3777408, -77.96551019999984 -1.3784741, -77.96908829999984 -1.3805253999999998, -77.97430109999983 -1.3835474, -77.97555909999984 -1.3863816999999998, -77.97674599999985 -1.3896529999999998, -77.97761499999983 -1.3920931, -77.97903389999985 -1.3958148999999997, -77.97991099999983 -1.398196, -77.98091679999985 -1.4007888999999998, -77.98298479999984 -1.4021912999999997, -77.98498569999984 -1.4035132, -77.98752839999985 -1.4051837, -77.98885879999985 -1.4060390999999999, -77.99170199999985 -1.4080099, -77.99430099999985 -1.4097018999999997, -77.99603909999985 -1.4108576, -77.99868379999985 -1.4126273, -77.99846379999981 -1.4138152, -77.99813389999981 -1.4159521999999998, -77.99776639999982 -1.4180008000000002, -77.99759479999982 -1.4191672, -77.9971655999998 -1.4215912, -77.99688399999982 -1.4234574, -77.99653799999982 -1.4253772999999998, -77.99605249999982 -1.4282865999999999, -77.99552409999983 -1.4313245999999997, -77.99512979999982 -1.4337699999999998, -77.99471409999983 -1.4363441000000001, -77.99459069999982 -1.4376203999999997, -77.99426079999982 -1.4408086, -77.99390139999983 -1.4442032, -77.99365729999982 -1.4467852999999995, -77.99342929999982 -1.4492388, -77.99317719999983 -1.4516064, -77.99289909999986 -1.4541559, -77.99353709999983 -1.4562280999999997, -77.99588579999984 -1.4586883, -77.99575849999965 -1.4590132000000098))","MULTIPOINT ((-77.99575849999965 -1.45901320000001), (-77.99575849999965 -1.4590132000000098), (-77.9947 -1.4582), (-77.8116 -1.0073))",AC,243-AL1/39-ST1A 20.0,0.7,154.16984238170576,0.0,138.0,19.817678442457733,7.357313121762434,0.0,0.00021401556345822823,0.0,False,0.0,inf,0.0,0,inf,1.0,-inf,inf,0,0.0010406258371380872,0.00038633234203751493,0.0,4.075712390498499,0.0010406258371380872,0.00038633234203751493,154.16984238170576
167,1.0,138.0,68,166,20.99739464114146,False,"MULTILINESTRING ((-78.3739 -1.3971, -78.37680279999996 -1.3953188, -78.37176029999995 -1.3955977000000002, -78.36703419999996 -1.3959140999999997, -78.36363319999995 -1.3961018, -78.35710469999997 -1.3948308999999999, -78.35516809999997 -1.3943106, -78.34367219999997 -1.3972547999999998, -78.34145399999973 -1.3977134, -78.33913649999975 -1.3984588000000002, -78.33624779999977 -1.3991801, -78.32982389999974 -1.3989951, -78.32690839999975 -1.3989602, -78.32477329999975 -1.3999844999999997, -78.31619559999976 -1.4043069, -78.31516029999975 -1.4045965000000002, -78.31319419999987 -1.4051059999999997, -78.30190479999987 -1.4027356000000002, -78.30004109999936 -1.4023661, -78.29995969999935 -1.40235, -78.29807729999986 -1.4019768, -78.29132079999988 -1.4006977999999999, -78.28791439999988 -1.4016415999999998, -78.27953519999988 -1.4041139, -78.27060879999989 -1.4089082000000002, -78.26561719999987 -1.4100182999999997, -78.25997119999987 -1.4095195999999999, -78.25351239999986 -1.4095302999999997, -78.25137469999986 -1.4095799, -78.24345949999984 -1.4091388, -78.23563809999986 -1.4088975, -78.22127490000022 -1.4083612, -78.21857140000023 -1.4083173, -78.2118630000002 -1.4082084, -78.20558670000023 -1.4079778, -78.20329880000023 -1.4079268, -78.20096250000023 -1.4078759, -78.19703580000024 -1.4077633000000003, -78.19270130000022 -1.4076479999999998), (-78.19320559999993 -1.4035347, -78.193 -1.4056))","MULTIPOINT ((-78.3739 -1.3971), (-78.19320559999993 -1.4035347), (-78.193 -1.4056), (-78.19270130000022 -1.4076479999999998))",AC,243-AL1/39-ST1A 20.0,0.7,154.16984238170576,0.0,138.0,6.719166285165268,2.494490483367606,0.0,7.256178682404927e-05,0.0,False,0.0,inf,0.0,0,inf,1.0,-inf,inf,0,0.000352823266391791,0.00013098563764795242,0.0,1.3818666682771943,0.000352823266391791,0.00013098563764795242,154.16984238170576
168,2.0,230.0,85,197,9.792903274198828,False,"MULTILINESTRING ((-78.7830714 -2.595597, -78.7830714 -2.5955969999999997), (-78.758 -2.6697, -78.75834170000009 -2.6690284, -78.7598974000001 -2.6653255999999996, -78.76088440000004 -2.6632733000000006, -78.76686570000003 -2.6603046000000004, -78.77182250000003 -2.6578021, -78.77347470000004 -2.6569875999999994, -78.776511 -2.6532150999999997, -78.77788430000003 -2.6495175999999994, -78.77930050000002 -2.6455842999999994, -78.78235819999999 -2.6410187, -78.7848365 -2.6370961, -78.78704669999999 -2.6338594, -78.78925679999999 -2.6304084, -78.78617219999998 -2.6207732999999998, -78.7855339 -2.6187235000000006, -78.78402389999998 -2.6138363, -78.7814999 -2.6057148999999997, -78.78093119999998 -2.6036356999999994, -78.7808883 -2.602446, -78.7830714 -2.595597), (-78.7830714 -2.595597, -78.7794 -2.5958))","MULTIPOINT ((-78.7830714 -2.595597), (-78.7830714 -2.5955969999999997), (-78.7794 -2.5958), (-78.758 -2.6697))",AC,Al/St 240/40 2-bundle 220.0,0.7,1027.7989492113718,0.0,230.0,1.4738319427669235,0.2937870982259648,0.0,7.691328245884619e-05,0.0,False,0.0,inf,0.0,0,inf,1.0,-inf,inf,0,2.7860717254573224e-05,5.553631346426556e-06,0.0,4.068712642072963,2.7860717254573224e-05,5.553631346426556e-06,1027.7989492113718
169,2.0,230.0,197,85,9.881367000858402,False,"MULTILINESTRING ((-78.7794 -2.5958, -78.7781203 -2.5950829), (-78.77812029999998 -2.5950829, -78.7793112 -2.5965084, -78.7801266 -2.6013742, -78.78051279999998 -2.6034642, -78.78125309999999 -2.6057471000000003, -78.78383339999999 -2.6142408999999995, -78.785263 -2.6188199999999995, -78.78590409999998 -2.6208885, -78.78894569999999 -2.6303012, -78.7867785 -2.6336022, -78.78432159999998 -2.6372782999999997, -78.78185389999999 -2.6409865, -78.77911810000002 -2.6452306, -78.77758380000002 -2.6493247000000006, -78.77625350000002 -2.6530756999999996, -78.77333520000003 -2.6566339000000005, -78.76669940000004 -2.6599776999999993, -78.76072880000002 -2.6629464, -78.75823440000009 -2.6655078, -78.7581003000001 -2.6686532999999995), (-78.7581003000001 -2.6686533, -78.758 -2.6697))","MULTIPOINT ((-78.7794 -2.5958), (-78.7781203 -2.5950829), (-78.77812029999998 -2.5950829), (-78.7581003000001 -2.6686533), (-78.7581003000001 -2.6686532999999995), (-78.758 -2.6697))",AC,Al/St 240/40 2-bundle 220.0,0.7,1027.7989492113718,0.0,230.0,1.4871457336291896,0.29644101002575207,0.0,7.760807494330341e-05,0.0,False,0.0,inf,0.0,0,inf,1.0,-inf,inf,0,2.811239572077863e-05,5.60379981145089e-06,0.0,4.105467164500751,2.811239572077863e-05,5.60379981145089e-06,1027.7989492113718
170,2.0,230.0,85,294,37.372921843551055,False,"MULTILINESTRING ((-78.758 -2.6697, -78.75762419999973 -2.6701612), (-78.75762419999971 -2.6701612, -78.75685570000003 -2.6706628, -78.75528930000003 -2.6706841999999997, -78.74967810000003 -2.6707378000000004, -78.74560120000002 -2.6702234, -78.74003290000005 -2.6695588999999997, -78.73790860000003 -2.6693016999999997, -78.73302699999999 -2.6687015, -78.72941140000002 -2.6682407, -78.72381090000003 -2.6664187999999998, -78.72050640000002 -2.6653042, -78.71597890000004 -2.6638466, -78.71103290000003 -2.6622176, -78.70685940000003 -2.6608564999999995, -78.70371580000004 -2.659816899999999, -78.69996070000003 -2.6586273, -78.69679570000004 -2.6575770000000003, -78.69340540000002 -2.6564624000000006, -78.68756890000003 -2.654618999999999, -78.68395330000001 -2.6525612999999995, -78.68130330000001 -2.651060899999999, -78.68001580000002 -2.6503535000000005, -78.6767221 -2.6494533000000002, -78.6735034 -2.6486279999999995, -78.6713147 -2.6480706999999994, -78.6654782 -2.6465702999999996, -78.66203960000001 -2.6456701, -78.65587590000001 -2.6439444999999995, -78.6519492 -2.6429157, -78.65024330000001 -2.6420260999999994, -78.6450613 -2.6325411999999995, -78.64272240000001 -2.6306549, -78.63986849999999 -2.6303869, -78.63413929999999 -2.6284471, -78.6260176 -2.62625, -78.6233461 -2.6255855, -78.6135507 -2.623592, -78.60915189999999 -2.6225523999999996, -78.60602979999999 -2.6218343, -78.598659 -2.6219522, -78.59532239999999 -2.6218985999999997, -78.59326239999999 -2.6210734, -78.59040859999998 -2.6198943999999997, -78.58842369999998 -2.619133499999999, -78.58656229999998 -2.6183404, -78.58099939999998 -2.6196372, -78.57588170000004 -2.620859, -78.57211590000004 -2.6220701, -78.56533530000004 -2.624085, -78.55872630000003 -2.6262071, -78.55694530000005 -2.6264643, -78.55531460000005 -2.6268287000000003, -78.54570150000004 -2.6286184999999995, -78.54216099999998 -2.6312551, -78.53317020000004 -2.6329269999999996, -78.52712990000005 -2.6301082999999994, -78.52347319999984 -2.6253034999999993, -78.52087119999985 -2.621897, -78.52059689999983 -2.6197938999999995, -78.52038189999985 -2.6161577999999994, -78.52024849999984 -2.6141360999999996, -78.51864729999986 -2.610040899999999, -78.51578579999986 -2.6029020000000003, -78.51434759999987 -2.5992732999999997, -78.51278339999986 -2.5984586999999997, -78.50905459999984 -2.5941264999999993, -78.50664539999984 -2.5917566999999995, -78.50434449999995 -2.5907930999999995, -78.50025979999982 -2.5890082, -78.49501959999984 -2.5871901999999998, -78.49070859999982 -2.5869065, -78.48958569999984 -2.5868549, -78.48456989999977 -2.586286, -78.48078669999954 -2.5918675, -78.47535789999974 -2.5915781999999994, -78.46719859999973 -2.5918299999999994, -78.46647709999971 -2.5911306999999995), (-78.46647709999972 -2.5911307, -78.4665 -2.5911))","MULTIPOINT ((-78.758 -2.6697), (-78.75762419999973 -2.6701612), (-78.75762419999971 -2.6701612), (-78.4665 -2.5911), (-78.46647709999972 -2.5911307), (-78.46647709999971 -2.5911306999999995))",AC,Al/St 240/40 2-bundle 220.0,0.7,1027.7989492113718,0.0,230.0,5.624624737454433,1.1211876553065316,0.0,0.0002935262417672138,0.0,False,0.0,inf,0.0,0,inf,1.0,-inf,inf,0,0.0001063256094036755,2.119447363528415e-05,0.0,15.52753818948561,0.0001063256094036755,2.119447363528415e-05,1027.7989492113718
171,2.0,230.0,25,40,8.755194963242511,False,"MULTILINESTRING ((-79.97252969999995 -2.1269303, -79.9808 -2.1267), (-79.9549 -2.0332, -79.96407789999982 -2.0511054, -79.9655251999998 -2.055129, -79.9669103999998 -2.0585650000000006, -79.96841199999982 -2.0621504, -79.96920549999982 -2.0642576000000004, -79.97142469999982 -2.0695346, -79.97368259999983 -2.0750304, -79.97615669999982 -2.0811547, -79.97617469999983 -2.0847074000000005, -79.97616909999984 -2.0878553, -79.97618330000014 -2.0898485999999825, -79.97619409999984 -2.0913631999999995, -79.97620519999988 -2.0959176, -79.97621069999987 -2.1001008999999997, -79.97582279999985 -2.1017703999999995, -79.97522719999985 -2.104453199999999, -79.97447639999986 -2.1079084000000003, -79.97378099999985 -2.1111089, -79.97310219999987 -2.1141377000000006, -79.97231819999986 -2.1176095, -79.97237909999987 -2.121925799999999, -79.97244289999988 -2.1262309, -79.97252969999995 -2.1269302999999997))","MULTIPOINT ((-79.9808 -2.1267), (-79.97252969999995 -2.1269303), (-79.97252969999995 -2.1269302999999997), (-79.9549 -2.0332))",AC,Al/St 240/40 2-bundle 220.0,0.7,1027.7989492113718,0.0,230.0,1.317656841967998,0.26265584889727533,0.0,6.876314044317259e-05,0.0,False,0.0,inf,0.0,0,inf,1.0,-inf,inf,0,2.4908446918109602e-05,4.965138920553409e-06,0.0,3.6375701294438296,2.4908446918109602e-05,4.965138920553409e-06,1027.7989492113718
172,2.0,138.0,145,146,21.56001115496252,False,"MULTILINESTRING ((-80.3203 -2.2068, -80.31183950000032 -2.2084677), (-80.3118395000003 -2.2084677, -80.3082481000003 -2.2084984999999997, -80.30552560000031 -2.2085640999999994, -80.30152920000002 -2.2086864, -80.2963739000003 -2.2087557999999996, -80.2923345000003 -2.2088683999999996, -80.28878190000029 -2.208931999999999, -80.2839110000003 -2.2089788999999995, -80.27707950000028 -2.2091357, -80.2741129000003 -2.2092322, -80.27124030000029 -2.2092964999999998, -80.26645790000029 -2.2093903, -80.2636040000003 -2.2094466000000006, -80.25983550000029 -2.2095002, -80.25790430000028 -2.209548499999999, -80.25446040000028 -2.2096128, -80.2526070000003 -2.2096557, -80.24833960000028 -2.2097387999999993, -80.2441044000003 -2.209829899999999, -80.23961970000029 -2.2099210000000005, -80.23511360000028 -2.2100711, -80.23021590000027 -2.2100657, -80.22790380000028 -2.2101380999999996, -80.22594850000027 -2.2101837, -80.22278080000028 -2.2102425999999995, -80.21928320000028 -2.2075892, -80.21547720000031 -2.2047334999999997, -80.21180250000029 -2.2020063, -80.20899160000029 -2.1998916, -80.2069048000003 -2.1983049, -80.20265350000028 -2.1950913, -80.1999888000003 -2.1931088999999995, -80.1983097000003 -2.1918277, -80.19583940000031 -2.1899542, -80.1920950000003 -2.1871533999999997, -80.18800200000031 -2.1840845000000004, -80.18576500000032 -2.1823691, -80.18077610000032 -2.1786382, -80.17785790000032 -2.1764563999999997, -80.17475190000032 -2.1740978, -80.17169950000032 -2.1718195999999996, -80.16768690000032 -2.1688175999999997, -80.16401230000032 -2.1660355, -80.16255320000032 -2.164936599999999, -80.15968320000032 -2.1627870000000002, -80.15795050000031 -2.1614897, -80.1543510000003 -2.1587612000000003, -80.15116450000029 -2.1563596, -80.14820870000032 -2.1541725, -80.14567670000031 -2.1522373, -80.14317690000031 -2.1503503, -80.14150590000006 -2.1489659999999997, -80.13944250000033 -2.1471022999999994), (-80.13944250000033 -2.1471023, -80.1395 -2.1476))","MULTIPOINT ((-80.3203 -2.2068), (-80.31183950000032 -2.2084677), (-80.3118395000003 -2.2084677), (-80.1395 -2.1476), (-80.13944250000033 -2.1471023), (-80.13944250000033 -2.1471022999999994))",AC,243-AL1/39-ST1A 20.0,0.7,308.3396847634115,0.0,138.0,3.4496017847940035,1.2806646626047737,0.0,0.00014901209984263735,0.0,False,0.0,inf,0.0,0,inf,1.0,-inf,inf,0,0.0001811385100185887,6.724767184440106e-05,0.0,2.837786429403186,0.0001811385100185887,6.724767184440106e-05,308.3396847634115
173,2.0,230.0,87,107,60.909212173640086,False,"MULTILINESTRING ((-79.45689289999953 -0.6709848, -79.4574 -0.6711), (-79.12422719999978 -0.2641698, -79.12714009999978 -0.2656127999999999, -79.13046900000037 -0.2671659, -79.17571489999999 -0.2894708, -79.1882998 -0.2955996, -79.1922936 -0.2975306999999999, -79.1988999 -0.3007842, -79.2057449 -0.3041369, -79.20955360000008 -0.3059849, -79.21321489999976 -0.3077819999999999, -79.2195985 -0.3108852999999999, -79.22940189999998 -0.3157024, -79.23399119999999 -0.3220082, -79.23641590000001 -0.3252992, -79.238618 -0.3283006, -79.2406297 -0.3310578, -79.24453769999998 -0.3364114, -79.246619 -0.339284, -79.24999860000001 -0.3442192, -79.2536974 -0.348972, -79.2559558 -0.3520619, -79.25791380000003 -0.3547467, -79.26041899999998 -0.3581584, -79.263002 -0.3617364, -79.26526579999998 -0.3648879, -79.2697048 -0.3709469, -79.27242799999999 -0.3746539999999999, -79.27487880000001 -0.3779902, -79.277038 -0.3809688, -79.28073270000002 -0.3860166, -79.29508390000008 -0.4032561, -79.32403569999941 -0.4391053999999999, -79.33111599999998 -0.4587062, -79.33321009999995 -0.4641716, -79.33426079999995 -0.4667253, -79.33562139999971 -0.4702503000000001, -79.33693169999971 -0.4736097, -79.33946989999994 -0.4802566999999999, -79.34048639999993 -0.4826617000000001, -79.34449669999994 -0.4899434, -79.34559089999993 -0.4919928999999999, -79.35769019999996 -0.5137565, -79.35962709999995 -0.5171703, -79.36150449999994 -0.5205972, -79.36634789999995 -0.5293173999999999, -79.36686449999995 -0.5326942999999998, -79.36748659999995 -0.5365823, -79.36801979999996 -0.5402091999999998, -79.36856969999995 -0.5439083, -79.36914390000011 -0.5476236999999999, -79.37084950000002 -0.5589656999999999, -79.37208809999993 -0.5666755999999998, -79.37319899999999 -0.5740959999999999, -79.37380439999995 -0.5779562, -79.37427699999999 -0.5812179, -79.37615039999993 -0.5832817000000001, -79.38333829999993 -0.5910644, -79.39674119999994 -0.6055162999999999, -79.39961839999995 -0.6084267, -79.40251229999996 -0.6114981, -79.40498399999998 -0.6142752, -79.40753909999995 -0.6172244000000001, -79.41037179999995 -0.6205514, -79.41305459999992 -0.6234394999999998, -79.41532639999994 -0.6258667, -79.42886089999998 -0.6405685999999999, -79.43455199999998 -0.6467581, -79.43679859999993 -0.6492127, -79.43781579999994 -0.6500098999999999, -79.43905689999994 -0.651683, -79.44142890000025 -0.6542018999999999, -79.44378920000024 -0.6567567, -79.44609530000027 -0.6592634999999999, -79.44860570000027 -0.6619728, -79.45095220000024 -0.6645736999999999, -79.45338470000026 -0.6671818, -79.45549189999942 -0.6694660999999998, -79.45689289999952 -0.6709848000000002), (-79.1216 -0.2607, -79.12422719999978 -0.2641698))","MULTIPOINT ((-79.4574 -0.6711), (-79.45689289999953 -0.6709848), (-79.45689289999952 -0.6709848000000002), (-79.12422719999978 -0.2641698), (-79.12422719999978 -0.2641698), (-79.1216 -0.2607))",AC,Al/St 240/40 2-bundle 220.0,0.7,1027.7989492113718,0.0,230.0,9.166836432132833,1.8272763652092026,0.0,0.0004783798337516243,0.0,False,0.0,inf,0.0,0,inf,1.0,-inf,inf,0,0.0001732861329325677,3.454208629885071e-05,0.0,25.306293205460925,0.0001732861329325677,3.454208629885071e-05,1027.7989492113718
180,1.0,138.0,38,77,36.134560740304266,False,"LINESTRING (-80.6914 -0.9928, -80.75725530000011 -1.0120494, -80.7569093000001 -1.0122666999999999, -80.75255870000012 -1.0140259, -80.74909870000012 -1.0154954999999999, -80.74517730000011 -1.0172010999999999, -80.74042440000011 -1.0191213, -80.73744180000014 -1.0203119999999999, -80.73242070000012 -1.0223179999999998, -80.73047880000013 -1.0264908, -80.72841880000013 -1.0303847999999998, -80.72653060000013 -1.0339676, -80.72443840000012 -1.0379902999999997, -80.72233560000012 -1.0419807999999997, -80.72007180000013 -1.0462072, -80.71870920000012 -1.0487066, -80.71714280000012 -1.0517101999999998, -80.71528670000014 -1.0553359, -80.71424600000013 -1.0572131000000002, -80.70908550000011 -1.0580283999999998, -80.70424680000013 -1.058731, -80.69783630000012 -1.0596964000000002, -80.69126490000012 -1.0607048, -80.68757950000013 -1.0612411, -80.68342750000014 -1.0618686999999998, -80.68026250000013 -1.0623084999999999, -80.67721010000014 -1.0636653999999999, -80.67475320000014 -1.0647596, -80.67158280000014 -1.0661325999999998, -80.66968380000013 -1.0669854, -80.66680850000014 -1.0682941, -80.66405650000013 -1.0675860999999998, -80.66046770000015 -1.066669, -80.65706130000012 -1.0662077, -80.65346180000013 -1.0657089000000002, -80.65098880000012 -1.0639497, -80.64804910000014 -1.0633597000000001, -80.64306020000012 -1.0621905, -80.63905840000014 -1.0642124999999996, -80.63511020000014 -1.0662882000000002, -80.63219190000014 -1.0677578, -80.62934880000013 -1.0692381, -80.62600140000012 -1.0709222, -80.62355520000014 -1.0721451, -80.61973570000013 -1.0740651999999997, -80.61609870000012 -1.0759317000000002, -80.61298730000014 -1.0774979, -80.61056260000012 -1.0786563999999998, -80.60671090000014 -1.0807052, -80.60325620000013 -1.0822981999999999, -80.59876080000014 -1.0846527, -80.59602500000014 -1.0844221, -80.59233960000014 -1.0840735000000001, -80.58852550000015 -1.0837302000000002, -80.58539810000013 -1.0834352, -80.58266760000015 -1.0831724, -80.57972250000013 -1.0828613, -80.57717440000015 -1.0826092, -80.57285070000013 -1.0822016, -80.57001830000013 -1.0819174000000003, -80.56676750000014 -1.0816224, -80.56298290000015 -1.0812415999999998, -80.55915540000014 -1.0809036999999995, -80.55599030000013 -1.0805818, -80.55138230000013 -1.0801528, -80.54687620000013 -1.0797291000000002, -80.54562090000015 -1.0788064999999998, -80.54033160000013 -1.075095, -80.53819120000014 -1.073541, -80.53426980000015 -1.070638, -80.53102970000015 -1.0675432, -80.52848700000014 -1.065489, -80.52532200000013 -1.0628930999999997, -80.52339610000014 -1.0613216, -80.52221600000014 -1.0605332, -80.51706080000015 -1.057181, -80.51504370000016 -1.0558186, -80.51256540000016 -1.0541238000000002, -80.50967930000016 -1.0521929, -80.50812360000015 -1.0511095, -80.50725460000015 -1.0485886, -80.50600470000016 -1.0448073, -80.50459390000016 -1.0407096, -80.50367120000014 -1.0374377999999997, -80.50414320000013 -1.0299879000000003, -80.50265730000014 -1.0276278999999997, -80.50104260000012 -1.0251339, -80.49719900000017 -1.0194699, -80.4609 -1.0148)","MULTIPOINT ((-80.6914 -0.9928), (-80.4609 -1.0148))",AC,243-AL1/39-ST1A 20.0,0.7,154.16984238170576,0.0,138.0,11.563059436897365,4.292785815948147,0.0,0.00012487207761867746,0.0,False,0.0,inf,0.0,0,inf,1.0,-inf,inf,0,0.0006071759838740477,0.00022541408401324022,0.0,2.3780638461700936,0.0006071759838740477,0.00022541408401324022,154.16984238170576
193,2.0,230.0,105,115,11.019641905114746,False,"MULTILINESTRING ((-79.7261 -2.2178, -79.72630800000019 -2.215408399999988), (-79.72630800000017 -2.2154083999999874, -79.72492930000018 -2.218077899999988, -79.72343270000019 -2.221095799999989, -79.72382430000019 -2.2248426999999875, -79.72423200000019 -2.228873699999988, -79.72454310000018 -2.231768299999988, -79.72491320000019 -2.235295399999988, -79.72535310000018 -2.239358499999988, -79.72565350000019 -2.242558599999988, -79.72602900000018 -2.245758699999988, -79.72635630000019 -2.249269699999988, -79.72527800000017 -2.2528556999999885, -79.72422120000017 -2.2566989999999993, -79.72305180000018 -2.260494099999988, -79.71998340000019 -2.267666099999988, -79.71788050000019 -2.271321699999989, -79.71621750000018 -2.2740340000000003, -79.71383570000019 -2.2760280000000006, -79.71134660000018 -2.277946899999988, -79.70978020000018 -2.281409599999988, -79.7080314000002 -2.285118799999988, -79.70633090000018 -2.2887154999999875, -79.7049415000002 -2.291679599999988, -79.7034288000002 -2.295008299999988, -79.70188380000019 -2.298261899999988, -79.6991694000002 -2.3008936999999876, -79.69653010000019 -2.3036540999999877, -79.6964228000002 -2.304715399999988, -79.6968 -2.3047))","MULTIPOINT ((-79.72630800000019 -2.215408399999988), (-79.72630800000017 -2.2154083999999874), (-79.7261 -2.2178), (-79.6968 -2.3047))",AC,Al/St 240/40 2-bundle 220.0,0.7,1027.7989492113718,0.0,230.0,1.6584561067197692,0.33058925715344234,0.0,8.65480651357468e-05,0.0,False,0.0,inf,0.0,0,inf,1.0,-inf,inf,0,3.135077706464592e-05,6.249324331823107e-06,0.0,4.578392645681006,3.135077706464592e-05,6.249324331823107e-06,1027.7989492113718
240,1.0,500.0,257,108,18.890531110443206,False,"MULTILINESTRING ((-77.6485 -0.1948, -77.64851329999955 -0.1948245, -77.64129279999955 -0.1946742999999999, -77.63852479999956 -0.1941379, -77.63602499999956 -0.1936015, -77.62964129999955 -0.19196, -77.62789249999956 -0.1909729, -77.62317179999954 -0.186617, -77.62246369999956 -0.1846858, -77.61900909999956 -0.1741931, -77.61082829999957 -0.1700571999999999, -77.60347370000086 -0.1644943, -77.59386060000087 -0.1551602, -77.56240370000087 -0.1255916, -77.53603220000088 -0.1182317, -77.51946690000086 -0.114026, -77.51339440000086 -0.106666), (-77.51339440000088 -0.106666, -77.513 -0.1057))","MULTIPOINT ((-77.6485 -0.1948), (-77.51339440000088 -0.106666), (-77.51339440000086 -0.106666), (-77.513 -0.1057))",AC,Al/St 240/40 4-bundle 380.0,0.7,2234.345541763852,0.0,500.0,4.6470706531690285,0.5667159333132962,0.0,8.189796818738938e-05,0.0,False,0.0,inf,0.0,0,inf,1.0,-inf,inf,0,1.8588282612676112e-05,2.266863733253185e-06,0.0,20.474492046847345,1.8588282612676112e-05,2.266863733253185e-06,2234.345541763852
241,1.0,500.0,93,108,122.860836798463,False,"MULTILINESTRING ((-78.3279 -0.298, -78.34027580000034 -0.3053249), (-78.34027580000033 -0.3053249, -78.33932970000035 -0.3049899, -78.33700420000034 -0.3049791, -78.33583470000035 -0.3052392999999999, -78.33368230000035 -0.306622, -78.32901520000034 -0.3095951000000001, -78.32472370000035 -0.312331, -78.32289980000033 -0.3135446, -78.31827030000035 -0.3123725, -78.31296890000034 -0.3110355, -78.31092640000035 -0.3105165, -78.30767159999982 -0.308871, -78.30277919999982 -0.3064034, -78.30026869999982 -0.3051695999999999, -78.29445359999981 -0.3022299, -78.29094529999983 -0.3005562, -78.28602079999983 -0.3013287, -78.28207259999984 -0.3019938999999999, -78.27814579999983 -0.3026054, -78.27342509999986 -0.3033456999999999, -78.26928379999985 -0.304043, -78.26670889999986 -0.3044185999999999, -78.26313619999985 -0.3050623, -78.25879099999985 -0.3057167, -78.25560449999983 -0.3062424, -78.25247169999983 -0.3114351, -78.2506799999998 -0.3144284, -78.24733259999974 -0.3198893, -78.23563819999974 -0.337141, -78.23239809999976 -0.3409818, -78.22641139999975 -0.3452948, -78.21677479999995 -0.3468027, -78.21468449999995 -0.3471343, -78.21213109999995 -0.3472944, -78.20849309999997 -0.3476461000000001, -78.13749249999998 -0.3696092, -78.1346494 -0.3691263999999999, -78.1318431 -0.3687005999999999, -78.12503459999986 -0.3676853999999999, -78.12230949999986 -0.3668486, -78.11825399999987 -0.3655611, -78.11084029999988 -0.3633081, -78.1058835999999 -0.3617847, -78.10250399999984 -0.3607172, -78.10062109999984 -0.3608781, -78.09724689999986 -0.3612697, -78.09360979999985 -0.3616881, -78.09170009999985 -0.3618919999999999, -78.07887909999987 -0.3634047000000001, -78.07501669999986 -0.3644453999999999, -78.07270999999987 -0.3649066999999999, -78.06516769999988 -0.3695307, -78.06265709999988 -0.3726849, -78.05820469999988 -0.3786071, -78.05318359999987 -0.3852803, -78.04831269999988 -0.39146, -78.04483649999989 -0.396599, -78.0413066999999 -0.4015662999999999, -78.0386244999999 -0.4033687, -78.0343007999999 -0.4058041, -78.03053499999999 -0.4119194, -78.02996639999988 -0.4196331999999999, -78.02749869999988 -0.4220149, -78.0253421999999 -0.4242465, -78.0221128999999 -0.4274114, -78.0202567999999 -0.429482, -78.01713469999986 -0.4326362, -78.01399109999984 -0.435844, -78.01149129999986 -0.4384189000000001, -78.00737139999984 -0.4377643999999999, -78.00299409999982 -0.4371314000000001, -77.99945359999982 -0.4366056999999999, -77.98450829999982 -0.4352969, -77.95668839999955 -0.4534978, -77.95392569999981 -0.4543668, -77.9483949999998 -0.4600797, -77.94547679999981 -0.4609915999999999, -77.93996219999981 -0.4614637, -77.93741939999981 -0.4617319, -77.9343616999998 -0.4620108, -77.93184039999981 -0.4623863, -77.9248022999998 -0.4577946000000001, -77.9210364999998 -0.4567968000000001, -77.9177963999998 -0.4562925999999999, -77.9147922999998 -0.4557347, -77.91098359999981 -0.4551231999999999, -77.90733579999981 -0.454458, -77.90379529999981 -0.4539108, -77.90163879999982 -0.4534923999999999, -77.89633869999982 -0.4500486, -77.88807749999982 -0.4446736, -77.88492319999983 -0.4427532, -77.88057810000029 -0.439953, -77.87597540000029 -0.4369812, -77.87475230000028 -0.4362195, -77.86944689999956 -0.4328722, -77.86561129999956 -0.4304047, -77.86062779999956 -0.4272666, -77.85788659999956 -0.4255660999999999, -77.85597679999957 -0.4206095, -77.85382569999956 -0.4153257000000001, -77.85107379999955 -0.4116189999999999, -77.84880189999954 -0.4085077, -77.84525869999955 -0.4026283999999999, -77.84391759999954 -0.4012391000000001, -77.84313439999956 -0.4003593, -77.83923979999953 -0.3959284, -77.83713159999954 -0.3936593999999999, -77.83528089999956 -0.3914761, -77.83102159999956 -0.3867715999999999, -77.83003989999956 -0.3800233, -77.82871489999955 -0.3772124, -77.82715919999956 -0.3737577999999999, -77.82636519999956 -0.3720412, -77.82393199999969 -0.366189, -77.8211789999997 -0.357845, -77.81992259999957 -0.3518714, -77.8189409000003 -0.3467539, -77.8184795000003 -0.3447691, -77.81965970000029 -0.3411106, -77.8205931000003 -0.3381388, -77.8216982000003 -0.3347914, -77.8230071000003 -0.3305214, -77.82434820000029 -0.3265624999999999, -77.82180550000024 -0.322829, -77.81943440000025 -0.3192134, -77.81684880000024 -0.3194387000000001, -77.81018620000025 -0.3199, -77.80516510000024 -0.3202219, -77.80257940000025 -0.3204794000000001, -77.80064820000025 -0.3205867, -77.79829860000027 -0.3183121999999999, -77.79587390000026 -0.3159412, -77.79339550000027 -0.3134628, -77.78946880000025 -0.3095576, -77.78084280000026 -0.3047619, -77.77850390000027 -0.3035495, -77.77658340000028 -0.3023800999999999, -77.76970629999956 -0.2832508, -77.76804329999956 -0.2786911, -77.76585459999954 -0.2726187, -77.76495339999956 -0.2706017, -77.76273249999956 -0.2661921999999999, -77.76145039999955 -0.2635905, -77.75942799999956 -0.2596262, -77.75770069999955 -0.2561179, -77.75626299999955 -0.2533499, -77.75501309999954 -0.2507911, -77.75275469999956 -0.2461885, -77.75094149999954 -0.2424173, -77.74930539999953 -0.2392093999999999, -77.74698789999954 -0.2346443, -77.74571659999955 -0.2318495, -77.74395699999953 -0.2284217, -77.74264809999954 -0.2258682, -77.74080279999954 -0.2220381, -77.73928459999954 -0.2169312, -77.73680629999953 -0.2139754, -77.73492339999954 -0.2102096, -77.73336229999954 -0.206932, -77.73006319999953 -0.2044161, -77.72740249999956 -0.2023508, -77.71975279999954 -0.2012725, -77.71736559999955 -0.2009507, -77.71502669999954 -0.2006127, -77.71157209999954 -0.2021362, -77.70474849999957 -0.2050222, -77.70112749999956 -0.205446, -77.69110679999956 -0.2036007, -77.6813209999997 -0.202606, -77.67782899999973 -0.200621, -77.67524699999971 -0.200032, -77.66876199999972 -0.200412, -77.66240999999972 -0.197122, -77.65662999999971 -0.195927, -77.65050889999955 -0.1961013, -77.64769789999956 -0.1962407, -77.64265539999955 -0.1963373, -77.63952259999955 -0.1954683, -77.63528469999956 -0.1944169, -77.63088579999955 -0.1932367, -77.62797829999957 -0.1921316, -77.62294649999954 -0.1877757, -77.62177709999956 -0.1846429, -77.61827949999956 -0.1751158, -77.61081219999956 -0.1711622, -77.60394580000084 -0.1670263, -77.59622100000084 -0.1589153, -77.59016990000086 -0.1529286, -77.58298160000086 -0.146148, -77.56150250000086 -0.1261281, -77.54193310000086 -0.1204847, -77.51770740000087 -0.1146482, -77.51255750000085 -0.1062583), (-77.51255750000087 -0.1062583, -77.513 -0.1057))","MULTIPOINT ((-78.34027580000034 -0.3053249), (-78.34027580000033 -0.3053249), (-78.3279 -0.298), (-77.513 -0.1057), (-77.51255750000087 -0.1062583), (-77.51255750000085 -0.1062583))",AC,Al/St 240/40 4-bundle 380.0,0.7,2234.345541763852,0.0,500.0,30.2237658524219,3.68582510395389,0.0,0.0005326506091739254,0.0,False,0.0,inf,0.0,0,inf,1.0,-inf,inf,0,0.00012089506340968759,1.474330041581556e-05,0.0,133.16265229348133,0.00012089506340968759,1.474330041581556e-05,2234.345541763852
242,1.0,500.0,26,217,108.38488647446228,False,"MULTILINESTRING ((-79.9539 -2.0322, -79.98304459999993 -2.0295918, -79.98407239999992 -2.0298587, -79.98764639999992 -2.0289244, -79.991262 -2.0279379999999994, -79.9943196999999 -2.0270802000000003, -79.99779049999992 -2.0260402, -80.00299929999993 -2.0245819999999997, -80.00545800000037 -2.0193538, -80.00684800000039 -2.0163336999999997, -80.00872200000038 -2.0123581, -80.0113210000004 -2.0067626000000005, -80.00871000000038 -2.0023743000000005, -80.00639100000038 -1.9984637, -80.00432400000038 -1.9949477999999998, -80.00176000000037 -1.9905994000000002, -80.00022400000037 -1.9880129999999996, -79.99791820000037 -1.9832258, -79.99602560000038 -1.979265, -79.99315090000037 -1.9748748000000003, -79.99107220000037 -1.9717298, -79.98815250000035 -1.9672025999999991, -79.98571160000036 -1.9634115, -79.98230340000022 -1.9602907999999997, -79.98144510000022 -1.9561947999999991, -79.97900960000023 -1.9522917, -79.97684240000024 -1.9488711999999995, -79.97442840000022 -1.9451290000000003, -79.97196080000023 -1.9412687999999996, -79.96964340000024 -1.9376552999999996, -79.96457940000022 -1.937591, -79.95970850000022 -1.9375694999999997, -79.95587830000024 -1.9378804999999997, -79.95157600000022 -1.9382236, -79.94676950000023 -1.9386525, -79.94210240000022 -1.9389849000000001, -79.93742470000028 -1.9393629, -79.93282200000029 -1.9396283000000005, -79.92812810000028 -1.9400624999999996, -79.92316600000026 -1.9405022, -79.91849360000026 -1.9407971000000002, -79.91378370000027 -1.9411722999999996, -79.9090791000003 -1.9415208000000002, -79.90429400000028 -1.9419497000000001, -79.89916560000027 -1.9423411000000002, -79.89436450000028 -1.9426627999999997, -79.88966530000027 -1.9430970999999997, -79.88589940000026 -1.9433865999999997, -79.88122700000027 -1.9436278000000002, -79.87653850000027 -1.9442496999999999, -79.87163540000026 -1.9444964000000002, -79.86671090000024 -1.9449466999999996, -79.86235500000026 -1.9453326999999998, -79.85820290000025 -1.9456544000000002, -79.85367540000026 -1.9460297, -79.84899760000027 -1.9462656, -79.84435200000027 -1.9463191999999996, -79.83846190000025 -1.9464157, -79.83113410000027 -1.9476809999999998, -79.82197170000028 -1.9484637, -79.80832460000026 -1.9495682000000003, -79.79992390000028 -1.9501793999999995, -79.79538560000026 -1.9505225000000006, -79.79100820000028 -1.9508656000000002, -79.78711370000028 -1.9511766000000001, -79.78363480000026 -1.9488819000000006, -79.78009700000025 -1.946657, -79.77273700000026 -1.9418907999999997, -79.76891760000026 -1.9394459999999998, -79.76584910000027 -1.9374569, -79.75933670000025 -1.9330767000000002, -79.75774890000025 -1.9321652999999999, -79.75144030000025 -1.9284229999999996, -79.74432710000025 -1.9236514, -79.74094750000026 -1.921453199999999, -79.73724600000025 -1.9190460000000003, -79.73355530000025 -1.9166171999999992, -79.73117150000012 -1.9151085000000005, -79.72981100000025 -1.9142475, -79.72591640000024 -1.9117491000000002, -79.72200040000025 -1.9092505999999996, -79.71790200000025 -1.9065806, -79.71379280000025 -1.9045217999999995, -79.70939400000024 -1.9022806999999995, -79.70513460000025 -1.9000718000000003, -79.70096110000024 -1.8980236999999995, -79.69649790000024 -1.8958576999999999, -79.68811870000027 -1.8931661999999998, -79.6839559000003 -1.8928337999999998, -79.6792996000003 -1.8923835000000004, -79.67438040000029 -1.8918821999999995, -79.6697080000003 -1.8913968999999995, -79.66526630000028 -1.8910752000000004, -79.6603203000003 -1.8900887, -79.6556425000003 -1.8891557999999997, -79.65136170000028 -1.8883838000000002, -79.64702730000027 -1.8874723, -79.64269280000028 -1.8865286999999995, -79.63817600000027 -1.8855743000000003, -79.63340160000028 -1.8845664, -79.62004420000028 -1.8820786, -79.61551670000028 -1.8810706999999998, -79.61109640000026 -1.8802557, -79.60656880000028 -1.8794622, -79.57894210000028 -1.8738030999999995, -79.54913740000026 -1.8677257999999997, -79.54436300000027 -1.8667446000000003, -79.53946000000028 -1.8658010000000003, -79.52170910000028 -1.8621979999999996, -79.51716540000028 -1.8612757999999996, -79.50933870000028 -1.8597156000000001, -79.45188049999999 -1.8482042000000003, -79.4472242 -1.8472819999999999, -79.4425625 -1.8463491, -79.43784710000001 -1.8453840000000001, -79.43342689999999 -1.8444832, -79.4291997 -1.8435932000000002, -79.41556189999989 -1.8408857999999995, -79.41101729999988 -1.8399681999999997, -79.40643999999988 -1.8389794999999995, -79.40175349999987 -1.838111, -79.39756949999989 -1.8372426000000002, -79.3950294999999 -1.8337468000000001, -79.3922656999999 -1.8298522, -79.3897093999999 -1.8262527000000002, -79.3871202999999 -1.8226749, -79.38449849999989 -1.8190589999999995, -79.3819530999999 -1.8154429999999995, -79.3793803999999 -1.8119308, -79.3767530999999 -1.8082329, -79.37406689999969 -1.8044540999999996, -79.37149439999966 -1.8008488, -79.36868039999968 -1.7971470000000005, -79.36619749999967 -1.7938726, -79.36340429999967 -1.7901984, -79.36067309999966 -1.7864827000000003, -79.35800399999965 -1.7829464000000002, -79.35533489999965 -1.7792996999999997, -79.35274169999965 -1.7757425999999998, -79.35010019999966 -1.7721303, -79.34738279999966 -1.7686422, -79.34467229999966 -1.7651057, -79.34217559999966 -1.761721, -79.33960309999966 -1.7583568999999997, -79.33763059999966 -1.7557648999999997, -79.33558219999966 -1.7529729, -79.33311309999965 -1.7496225999999997, -79.33053369999966 -1.7463411999999998, -79.32845769999966 -1.7435665, -79.32597479999966 -1.7401231, -79.32320039999966 -1.7363635, -79.32082049999967 -1.7330867, -79.31805169999966 -1.7293140999999996, -79.31563159999968 -1.7260908999999995, -79.31333879999967 -1.7228208999999997, -79.31083819999965 -1.7195374, -79.30846499999967 -1.7162136999999997, -79.30589739999967 -1.7128028999999998, -79.30344369999966 -1.7094791999999999, -79.30146219999995 -1.7066570999999997, -79.29880679999997 -1.7031021, -79.29632309999995 -1.6996649999999998, -79.29363009999997 -1.6960241999999996, -79.29107669999996 -1.6925226999999998, -79.28866269999996 -1.6892357999999998, -79.28648469999997 -1.6862704999999998, -79.28432819999996 -1.6832784999999997, -79.27096699999987 -1.6651293, -79.26734019999986 -1.6639986, -79.26366959999987 -1.6629062, -79.25994979999986 -1.6617235999999995, -79.25338969999986 -1.6597108, -79.24889979999986 -1.6584052999999999, -79.24505449999987 -1.6572390999999997, -79.24315909999987 -1.6566245999999996, -79.23637779999989 -1.6545982, -79.23169939999988 -1.6531671, -79.2288535999999 -1.6523203999999998), (-79.22885359999988 -1.6523204, -79.2015 -1.6442))","MULTIPOINT ((-79.9539 -2.0322), (-79.2288535999999 -1.6523203999999998), (-79.22885359999988 -1.6523204), (-79.2015 -1.6442))",AC,Al/St 240/40 4-bundle 380.0,0.7,2234.345541763852,0.0,500.0,26.66268207271772,3.251546594233868,0.0,0.0004698916050895015,0.0,False,0.0,inf,0.0,0,inf,1.0,-inf,inf,0,0.00010665072829087088,1.3006186376935473e-05,0.0,117.47290127237538,0.00010665072829087088,1.3006186376935473e-05,2234.345541763852
243,2.0,230.0,197,32,15.53781387962758,False,"MULTILINESTRING ((-78.7794 -2.5958, -78.776983 -2.5966906), (-78.77698299999999 -2.5966906, -78.7742606 -2.5965993999999997, -78.772198 -2.5965297999999994, -78.76968739999998 -2.5964869, -78.76133499999999 -2.5973068000000006, -78.75813249999999 -2.5976659000000004, -78.75459729999999 -2.5979230999999996, -78.75005900000022 -2.5981320999999995, -78.74561730000023 -2.5982821, -78.74417960000004 -2.5980571, -78.73631540000018 -2.5968942000000004, -78.73075250000016 -2.5979498999999997, -78.72134330000019 -2.5995789999999994, -78.71683710000019 -2.5998683999999996, -78.7141604000002 -2.6000719999999995, -78.70885490000019 -2.6002864, -78.70555260000064 -2.6005376999999994, -78.70140390000063 -2.6007185, -78.69837220000063 -2.6009129999999994, -78.69262390000065 -2.6011631, -78.68832200000064 -2.6004961999999994, -78.68184140000064 -2.5996904, -78.67508260000064 -2.5987734999999996, -78.66712850000063 -2.597721, -78.65370330000061 -2.5958132999999997, -78.64980910000062 -2.5951584000000003, -78.64549990000064 -2.5943532, -78.64011190000063 -2.5936021000000005, -78.63843610000063 -2.593401, -78.6335 -2.5883))","MULTIPOINT ((-78.7794 -2.5958), (-78.776983 -2.5966906), (-78.77698299999999 -2.5966906), (-78.6335 -2.5883))",AC,Al/St 240/40 2-bundle 220.0,0.7,1027.7989492113718,0.0,230.0,2.3384409888839506,0.46613441638882736,0.0,0.00012203370484270883,0.0,False,0.0,inf,0.0,0,inf,1.0,-inf,inf,0,4.4204933627295854e-05,8.811614676537379e-06,0.0,6.455582986179297,4.4204933627295854e-05,8.811614676537379e-06,1027.7989492113718
244,2.0,230.0,197,53,31.6116786277143,False,"MULTILINESTRING ((-78.7794 -2.5958, -78.7781203 -2.5950829), (-78.77812029999998 -2.5950829, -78.7756741 -2.5953482000000005, -78.77145770000001 -2.5952544, -78.7694728 -2.5952008000000006, -78.75876550000001 -2.5949221000000002, -78.75619049999999 -2.5946326999999996, -78.75405549999999 -2.5944934000000006, -78.7475056000002 -2.5942468999999995, -78.74425470000018 -2.5941075999999996, -78.7379301000002 -2.5938986, -78.72875690000019 -2.5929714999999995, -78.7275231000002 -2.5930893999999998, -78.7244117000002 -2.5933627, -78.7179422000002 -2.5923659, -78.7145788000002 -2.5923016000000003, -78.7088925000002 -2.5920925999999995, -78.7038231000002 -2.5916853, -78.69865180000022 -2.5911011999999998, -78.69720340000022 -2.590993999999999, -78.68372260000022 -2.5926178, -78.68211330000021 -2.5928107, -78.68121210000021 -2.5921247999999997, -78.67754280000023 -2.5891826999999994, -78.67422760000021 -2.5864818, -78.66888460000023 -2.5822696999999994, -78.66740940000022 -2.5810424999999997, -78.6641881000002 -2.5784728, -78.66242050000022 -2.5769642999999993, -78.65833280000021 -2.5710908, -78.64772200000023 -2.5680094, -78.63564130000022 -2.5668143, -78.63366720000006 -2.564156200000022, -78.62865690000007 -2.5589311000000214, -78.62691880000008 -2.5569697000000216, -78.61880240000022 -2.5581701, -78.61340050000021 -2.5590865, -78.60599220000023 -2.5602869999999998, -78.59962460000023 -2.5613373999999998, -78.59201250000022 -2.5625807, -78.58837010000022 -2.5631594000000004, -78.58494760000022 -2.5636471, -78.58163109999987 -2.5642031, -78.5780890000006 -2.5649379, -78.564992 -2.5638507, -78.54920979999979 -2.5660050999999995, -78.5450362999998 -2.5673663, -78.5376280999998 -2.5686952999999995, -78.5223018999998 -2.5737970999999997, -78.5135256999998 -2.5738533999999995, -78.51195659999979 -2.5741025, -78.51054849999973 -2.5752199, -78.5095 -2.5746))","MULTIPOINT ((-78.7794 -2.5958), (-78.7781203 -2.5950829), (-78.77812029999998 -2.5950829), (-78.5095 -2.5746))",AC,Al/St 240/40 2-bundle 220.0,0.7,1027.7989492113718,0.0,230.0,4.757557633471002,0.948350358831429,0.0,0.00024827754336117185,0.0,False,0.0,inf,0.0,0,inf,1.0,-inf,inf,0,8.99349269087146e-05,1.7927227955225503e-05,0.0,13.133882043805992,8.99349269087146e-05,1.7927227955225503e-05,1027.7989492113718
245,1.0,230.0,103,115,25.234474480443552,False,"MULTILINESTRING ((-79.53096269999938 -2.1816883, -79.53090239999992 -2.1820824, -79.53270619999994 -2.1850092, -79.53304409999937 -2.1866923999999996, -79.53422969999993 -2.1889625999999995, -79.539173 -2.1978100999999994, -79.5406454999999 -2.1998042, -79.57083369999982 -2.254246699999985, -79.5738833999997 -2.259816, -79.57488919999972 -2.261525900000014, -79.5759030999997 -2.263316200000014, -79.57684989999971 -2.265036900000014, -79.5789795999997 -2.268915, -79.58003909999971 -2.270737500000014, -79.58209100000035 -2.27455930000001, -79.5854706000003 -2.2759689999999995, -79.5889467000003 -2.2774430999999997, -79.59235310000031 -2.2788206, -79.59574340000032 -2.2802572, -79.59903720000031 -2.2816026, -79.6025133000003 -2.2830497999999997, -79.6061879000003 -2.2845828000000004, -79.60965870000031 -2.2861533, -79.61309200000032 -2.2876167, -79.61655740000029 -2.2890960999999996, -79.6196580000003 -2.2904950999999993, -79.62289810000028 -2.2918244, -79.62604700000028 -2.2931108000000004, -79.62816600000028 -2.2939845, -79.63199620000029 -2.2947778, -79.63597120000027 -2.2955657, -79.63816520000029 -2.2968360999999997, -79.64079920000027 -2.2984602, -79.64392660000027 -2.3003254999999996, -79.64633520000027 -2.3017619999999996, -79.64788560000028 -2.3026357, -79.65048730000028 -2.3027964999999995, -79.65270280000028 -2.3028608000000004, -79.6549505 -2.3029359, -79.65727869999999 -2.3030431, -79.659462 -2.3031342, -79.66167749999998 -2.3032146, -79.6635282 -2.3033057, -79.6657223 -2.3034021999999994, -79.6680021 -2.3035094, -79.6702874 -2.3035844, -79.6722186 -2.3036648, -79.674418 -2.3037880999999993, -79.6766067 -2.3038524, -79.6784788 -2.3039168000000005, -79.68070510000001 -2.3040078999999998, -79.6825558 -2.3041150999999997, -79.6851361 -2.3042061999999994, -79.6868259 -2.3042866000000006, -79.6889824 -2.3043831, -79.69096179999998 -2.3044528, -79.6930808 -2.3045278000000002, -79.695071 -2.3046404, -79.6964228000002 -2.304715399999988, -79.6968 -2.3047), (-79.5506 -2.1618, -79.53096269999939 -2.1816883))","MULTIPOINT ((-79.6968 -2.3047), (-79.5506 -2.1618), (-79.53096269999939 -2.1816883), (-79.53096269999938 -2.1816883))",AC,Al/St 240/40 2-bundle 220.0,0.7,513.8994746056859,0.0,230.0,7.595576818613509,1.514068468826613,0.0,9.909554955620073e-05,0.0,False,0.0,inf,0.0,0,inf,1.0,-inf,inf,0,0.0001435836827715219,2.862133211392463e-05,0.0,5.2421545715230184,0.0001435836827715219,2.862133211392463e-05,513.8994746056859
246,2.0,230.0,87,81,17.897099500489002,False,"MULTILINESTRING ((-79.12243809999974 -0.2636334, -79.12243809999974 -0.2636334), (-79.12243809999974 -0.2636334, -79.11757529999973 -0.2619034, -79.11617460000036 -0.2644020999999999, -79.11418540000038 -0.2680694, -79.1123502999994 -0.2713714999999999, -79.11096099999942 -0.274185, -79.09841899999942 -0.277629, -79.09454579999942 -0.2785463, -79.08406379999943 -0.2813465, -79.0805688999994 -0.2822826, -79.07187579999942 -0.2845973, -79.06991239999942 -0.2849942999999999, -79.06468749999944 -0.2872687, -79.06025649999944 -0.2892052999999999, -79.05825559999944 -0.2910989, -79.05573959999946 -0.2932339, -79.05501809999946 -0.2959348, -79.05230109999947 -0.2958141, -79.05007479999945 -0.2980243, -79.04720489999949 -0.3005509, -79.04438319999947 -0.3029004, -79.03997899999945 -0.3066501, -79.03598789999947 -0.3100404, -79.03159439999946 -0.3137041999999999, -79.02774269999946 -0.3169175, -79.02475479999946 -0.3195084, -79.02260359999946 -0.3213000999999999, -79.01964789999946 -0.3238052, -79.01108350000001 -0.3239622, -79.0090746 -0.3240185, -79.0036592 -0.3238737, -78.9957829 -0.3242237, -78.9938245 -0.3235720999999999, -78.9873058 -0.3186957), (-79.1216 -0.2607, -79.12243809999974 -0.2636334), (-78.98730580000002 -0.3186957, -78.9866 -0.3184))","MULTIPOINT ((-79.12243809999974 -0.2636334), (-79.12243809999974 -0.2636334), (-79.1216 -0.2607), (-78.98730580000002 -0.3186957), (-78.9873058 -0.3186957), (-78.9866 -0.3184))",AC,Al/St 240/40 2-bundle 220.0,0.7,1027.7989492113718,0.0,230.0,2.693513474823595,0.53691298501467,0.0,0.00014056349077825453,0.0,False,0.0,inf,0.0,0,inf,1.0,-inf,inf,0,5.091707891916058e-05,1.0149583837706427e-05,0.0,7.435808662169665,5.091707891916058e-05,1.0149583837706427e-05,1027.7989492113718
801,2.0,138.0,181,277,6.026806005694929,False,"MULTILINESTRING ((-79.5076 -1.9661, -79.5074 -2.0203))",,AC,243-AL1/39-ST1A 20.0,0.7,308.3396847634115,0.0,,0.9642889609111887,0.35799227673827877,0.0,4.1654292838624475e-05,0.0,False,0.0,inf,0.0,0,inf,1.0,-inf,inf,0,5.063479105813845e-05,1.87981661803339e-05,0.0,0.7932643528187645,5.063479105813845e-05,1.87981661803339e-05,308.3396847634115
802,2.0,138.0,280,91,9.669560426911428,False,"MULTILINESTRING ((-78.4113 -0.3306, -78.3299 -0.3))",,AC,243-AL1/39-ST1A 20.0,0.7,308.3396847634115,0.0,,1.5471296683058284,0.5743718893585388,0.0,6.683120400138055e-05,0.0,False,0.0,inf,0.0,0,inf,1.0,-inf,inf,0,8.123974313725207e-05,3.016025463970483e-05,0.0,1.2727334490022912,8.123974313725207e-05,3.016025463970483e-05,308.3396847634115
803,2.0,138.0,60,102,31.39793991837777,False,"MULTILINESTRING ((-79.8341 -2.1691, -79.5516 -2.1628))",,AC,243-AL1/39-ST1A 20.0,0.7,308.3396847634115,0.0,,5.023670386940443,1.8650376311516395,0.0,0.0002170069822479445,0.0,False,0.0,inf,0.0,0,inf,1.0,-inf,inf,0,0.00026379281594940364,9.79330829212161e-05,0.0,4.132680969929855,0.00026379281594940364,9.79330829212161e-05,308.3396847634115
804,2.0,138.0,278,256,20.571131761478902,False,"MULTILINESTRING ((-78.2909 -0.0927, -78.4386 0.0187))",,AC,243-AL1/39-ST1A 20.0,0.7,308.3396847634115,0.0,,3.2913810818366245,1.2219252266318468,0.0,0.0001421774561193575,0.0,False,0.0,inf,0.0,0,inf,1.0,-inf,inf,0,0.00017283034456188956,6.416326541860149e-05,0.0,2.7076274743370443,0.00017283034456188956,6.416326541860149e-05,308.3396847634115
